0.00,0.000000
0.01,0.000000
0.02,0.000000
0.03,0.000000
0.04,0.000000
0.05,0.000000
0.06,0.000000
0.07,0.000000
0.09,0.000000
0.10,0.000000
0.11,0.000000
0.12,0.000000
0.13,0.000000
0.14,0.000000
0.15,0.000000
0.16,0.000000
0.17,0.000000
0.18,0.000000
0.19,0.000000
0.20,0.000000
0.21,0.000000
0.22,0.000000
0.23,0.000000
0.25,0.000000
0.26,0.000000
0.27,0.000000
0.28,0.000000
0.29,0.000000
0.30,0.000000
0.31,0.000000
0.32,0.000000
0.33,0.000000
0.34,0.000000
0.35,0.000000
0.36,0.000000
0.37,0.000000
0.38,0.000000
0.39,0.000000
0.41,0.000000
0.42,0.000000
0.43,0.000000
0.44,0.000000
0.45,0.000000
0.46,0.000000
0.47,0.000000
0.48,0.000000
0.49,0.000000
0.50,0.000000
0.51,0.000000
0.52,0.000000
0.53,0.000000
0.54,0.000000
0.55,0.000000
0.57,0.000000
0.58,0.000000
0.59,0.000000
0.60,0.000000
0.61,0.000000
0.62,0.000000
0.63,0.000000
0.64,0.000000
0.65,0.000000
0.66,0.000000
0.67,0.000000
0.68,0.000000
0.69,0.000000
0.70,0.000000
0.71,0.000000
0.73,0.000000
0.74,0.000000
0.75,0.000000
0.76,0.000000
0.77,0.000000
0.78,0.000000
0.79,0.000000
0.80,0.000000
0.81,0.000000
0.82,0.000000
0.83,0.000000
0.84,0.000000
0.85,0.000000
0.86,0.000000
0.87,0.000000
0.89,0.000000
0.90,0.000000
0.91,0.000000
0.92,0.000000
0.93,0.000000
0.94,0.000000
0.95,0.000000
0.96,0.000000
0.97,0.000000
0.98,0.000000
0.99,0.000000
1.00,0.000000
1.01,0.000000
1.02,0.000000
1.03,0.000000
1.05,0.000000
1.06,0.000000
1.07,0.000000
1.08,0.000000
1.09,0.000000
1.10,0.000000
1.11,0.000000
1.12,0.000000
1.13,0.000000
1.14,0.000000
1.15,0.000000
1.16,0.000000
1.17,0.000000
1.18,0.000000
1.19,0.000000
1.21,0.000000
1.22,0.000000
1.23,0.000000
1.24,0.000000
1.25,0.000000
1.26,0.000000
1.27,0.000000
1.28,0.000000
1.29,0.000000
1.30,0.000000
1.31,0.000000
1.32,0.000000
1.33,0.000000
1.34,0.000000
1.35,0.000000
1.37,0.000000
1.38,0.000000
1.39,0.000000
1.40,0.000000
1.41,0.000000
1.42,0.000000
1.43,0.000000
1.44,0.000000
1.45,0.000000
1.46,0.000000
1.47,0.000000
1.48,0.000000
1.49,0.000000
1.50,0.000000
1.51,0.000000
1.53,0.000000
1.54,0.000000
1.55,0.000000
1.56,0.000000
1.57,0.000000
1.58,0.000000
1.59,0.000000
1.60,0.000000
1.61,0.000000
1.62,0.000000
1.63,0.000000
1.64,0.000000
1.65,0.000000
1.66,0.000000
1.67,0.000000
1.69,0.000000
1.70,0.000000
1.71,0.000000
1.72,0.000000
1.73,0.000000
1.74,0.000000
1.75,0.000000
1.76,0.000000
1.77,0.000000
1.78,0.000000
1.79,0.000000
1.80,0.000000
1.81,0.000000
1.82,0.000000
1.83,0.000000
1.85,0.000000
1.86,0.000000
1.87,0.000000
1.88,0.000000
1.89,0.000000
1.90,0.000000
1.91,0.000000
1.92,0.000000
1.93,0.000000
1.94,0.000000
1.95,0.000000
1.96,0.000000
1.97,0.000000
1.98,0.000000
1.99,0.000000
2.01,0.000000
2.02,0.000000
2.03,0.000000
2.04,0.000000
2.05,0.000000
2.06,0.000000
2.07,0.000000
2.08,0.000000
2.09,0.000000
2.10,0.000000
2.11,0.000000
2.12,0.000000
2.13,0.000000
2.14,0.000000
2.15,0.000000
2.17,0.000000
2.18,0.000000
2.19,0.000000
2.20,0.000000
2.21,0.000000
2.22,0.000000
2.23,0.000000
2.24,0.000000
2.25,0.000000
2.26,0.000000
2.27,0.000000
2.28,0.000000
2.29,0.000000
2.30,0.000000
2.31,0.000000
2.33,0.000000
2.34,0.000000
2.35,0.000000
2.36,0.000000
2.37,0.000000
2.38,0.000000
2.39,0.000000
2.40,0.000000
2.41,0.000000
2.42,0.000000
2.43,0.000000
2.44,0.000000
2.45,0.000000
2.46,0.000000
2.47,0.000000
2.49,0.000000
2.50,0.000000
2.51,0.000000
2.52,0.000000
2.53,0.000000
2.54,0.000000
2.55,0.000000
2.56,0.000000
2.57,0.000000
2.58,0.000000
2.59,0.000000
2.60,0.000000
2.61,0.000000
2.62,0.000000
2.63,0.000000
2.65,0.000000
2.66,0.000000
2.67,0.000000
2.68,0.000000
2.69,0.000000
2.70,0.000000
2.71,0.000000
2.72,0.000000
2.73,0.000000
2.74,0.000000
2.75,0.000000
2.76,0.000000
2.77,0.000000
2.78,0.000000
2.79,0.000000
2.81,0.000000
2.82,0.000000
2.83,0.000000
2.84,0.000000
2.85,0.000000
2.86,0.000000
2.87,0.000000
2.88,0.000000
2.89,0.000000
2.90,0.000000
2.91,0.000000
2.92,0.000000
2.93,0.000000
2.94,0.000000
2.95,0.000000
2.97,0.000000
2.98,0.000000
2.99,0.000000
3.00,0.000000
3.01,0.000000
3.02,0.000000
3.03,0.000000
3.04,0.000000
3.05,0.000000
3.06,0.000000
3.07,0.000000
3.08,0.000000
3.09,0.000000
3.10,0.000000
3.11,0.000000
3.13,0.000000
3.14,0.000000
3.15,0.000000
3.16,0.000000
3.17,0.000000
3.18,0.000000
3.19,0.000000
3.20,0.000000
3.21,0.000000
3.22,0.000000
3.23,0.000000
3.24,0.000000
3.25,0.000000
3.26,0.000000
3.27,0.000000
3.29,0.000000
3.30,0.000000
3.31,0.000000
3.32,0.000000
3.33,0.000000
3.34,0.000000
3.35,0.000000
3.36,0.000000
3.37,0.000000
3.38,0.000000
3.39,0.000000
3.40,0.000000
3.41,0.000000
3.42,0.000000
3.43,0.000000
3.45,0.000000
3.46,0.000000
3.47,0.000000
3.48,0.000000
3.49,0.000000
3.50,0.000000
3.51,0.000000
3.52,0.000000
3.53,0.000000
3.54,0.000000
3.55,0.000000
3.56,0.000000
3.57,0.000000
3.58,0.000000
3.59,0.000000
3.61,0.000000
3.62,0.000000
3.63,0.000000
3.64,0.000000
3.65,0.000000
3.66,0.000000
3.67,0.000000
3.68,0.000000
3.69,0.000000
3.70,0.000000
3.71,0.000000
3.72,0.000000
3.73,0.000000
3.74,0.000000
3.75,0.000000
3.77,0.000000
3.78,0.000000
3.79,0.000000
3.80,0.000000
3.81,0.000000
3.82,0.000000
3.83,0.000000
3.84,0.000000
3.85,0.000000
3.86,0.000000
3.87,0.000000
3.88,0.000000
3.89,0.000000
3.90,0.000000
3.91,0.000000
3.93,0.000000
3.94,0.000000
3.95,0.000000
3.96,0.000000
3.97,0.000000
3.98,0.000000
3.99,0.000000
4.00,0.000000
4.01,0.000000
4.02,0.000000
4.03,0.000000
4.04,0.000000
4.05,0.000000
4.06,0.000000
4.07,0.000000
4.09,0.000000
4.10,0.000000
4.11,0.000000
4.12,0.000000
4.13,0.000000
4.14,0.000000
4.15,0.000000
4.16,0.000000
4.17,0.000000
4.18,0.000000
4.19,0.000000
4.20,0.000000
4.21,0.000000
4.22,0.000000
4.23,0.000000
4.25,0.000000
4.26,0.000000
4.27,0.000000
4.28,0.000000
4.29,0.000000
4.30,0.000000
4.31,0.000000
4.32,0.000000
4.33,0.000000
4.34,0.000000
4.35,0.000000
4.36,0.000000
4.37,0.000000
4.38,0.000000
4.39,0.000000
4.41,0.000000
4.42,0.000000
4.43,0.000000
4.44,0.000000
4.45,0.000000
4.46,0.000125
4.47,0.000351
4.48,0.000461
4.49,0.000472
4.50,0.001856
4.51,0.005836
4.52,0.010949
4.53,0.011572
4.54,0.011396
4.55,0.012887
4.57,0.011755
4.58,0.011284
4.59,0.010605
4.60,0.010039
4.61,0.012215
4.62,0.013009
4.63,0.012593
4.64,0.012556
4.65,0.011502
4.66,0.012501
4.67,0.012872
4.68,0.012842
4.69,0.013024
4.70,0.012641
4.71,0.013720
4.73,0.012661
4.74,0.012733
4.75,0.014902
4.76,0.016323
4.77,0.014395
4.78,0.014565
4.79,0.014358
4.80,0.014815
4.81,0.014293
4.82,0.014629
4.83,0.014649
4.84,0.013719
4.85,0.016464
4.86,0.017743
4.87,0.018060
4.89,0.019094
4.90,0.019548
4.91,0.017485
4.92,0.017026
4.93,0.016684
4.94,0.015826
4.95,0.017505
4.96,0.020776
4.97,0.018040
4.98,0.016215
4.99,0.017098
5.00,0.017150
5.01,0.018328
5.02,0.016964
5.03,0.019367
5.05,0.021533
5.06,0.017358
5.07,0.020004
5.08,0.019517
5.09,0.021279
5.10,0.019514
5.11,0.018477
5.12,0.019747
5.13,0.017718
5.14,0.016134
5.15,0.016836
5.16,0.018597
5.17,0.018404
5.18,0.015712
5.19,0.018618
5.21,0.020850
5.22,0.021471
5.23,0.020867
5.24,0.023944
5.25,0.023341
5.26,0.023228
5.27,0.024189
5.28,0.025450
5.29,0.027751
5.30,0.026739
5.31,0.026988
5.32,0.028560
5.33,0.027098
5.34,0.025860
5.35,0.022345
5.37,0.021578
5.38,0.024533
5.39,0.025078
5.40,0.027134
5.41,0.027802
5.42,0.027562
5.43,0.027797
5.44,0.031472
5.45,0.033812
5.46,0.035006
5.47,0.036586
5.48,0.085707
5.49,0.197873
5.50,0.356369
5.51,0.412342
5.53,0.332752
5.54,0.291117
5.55,0.314320
5.56,0.340125
5.57,0.339047
5.58,0.294461
5.59,0.268617
5.60,0.279691
5.61,0.270177
5.62,0.319547
5.63,0.302414
5.64,0.316630
5.65,0.297502
5.66,0.258769
5.67,0.295082
5.69,0.298039
5.70,0.318446
5.71,0.323698
5.72,0.309001
5.73,0.288139
5.74,0.269700
5.75,0.291247
5.76,0.280635
5.77,0.290119
5.78,0.297646
5.79,0.323650
5.80,0.298077
5.81,0.288985
5.82,0.280619
5.83,0.272800
5.85,0.278327
5.86,0.274623
5.87,0.290725
5.88,0.290225
5.89,0.299521
5.90,0.278776
5.91,0.256290
5.92,0.268349
5.93,0.276833
5.94,0.305650
5.95,0.274507
5.96,0.284756
5.97,0.298982
5.98,0.367428
5.99,0.336348
6.01,0.345224
6.02,0.367012
6.03,0.307902
6.04,0.332781
6.05,0.311526
6.06,0.319426
6.07,0.320843
6.08,0.273550
6.09,0.282118
6.10,0.301970
6.11,0.287518
6.12,0.295209
6.13,0.267932
6.14,0.336115
6.15,0.315349
6.17,0.325112
6.18,0.288056
6.19,0.268975
6.20,0.301090
6.21,0.303690
6.22,0.278888
6.23,0.299592
6.24,0.245721
6.25,0.288161
6.26,0.319906
6.27,0.262285
6.28,0.318532
6.29,0.272067
6.30,0.317590
6.31,0.298013
6.33,0.265716
6.34,0.264968
6.35,0.275256
6.36,0.276002
6.37,0.270687
6.38,0.251035
6.39,0.274137
6.40,0.288181
6.41,0.281891
6.42,0.276897
6.43,0.240669
6.44,0.265757
6.45,0.269496
6.46,0.291368
6.47,0.392186
6.49,0.378686
6.50,0.449821
6.51,0.481121
6.52,0.453904
6.53,0.437977
6.54,0.436907
6.55,0.520558
6.56,0.504874
6.57,0.443854
6.58,0.422216
6.59,0.379785
6.60,0.381048
6.61,0.401354
6.62,0.379224
6.63,0.411975
6.65,0.415375
6.66,0.391149
6.67,0.365056
6.68,0.365361
6.69,0.367253
6.70,0.338304
6.71,0.322871
6.72,0.371525
6.73,0.333168
6.74,0.303171
6.75,0.340828
6.76,0.301318
6.77,0.325615
6.78,0.303955
6.79,0.343867
6.81,0.291643
6.82,0.270135
6.83,0.288565
6.84,0.289453
6.85,0.295861
6.86,0.279674
6.87,0.274558
6.88,0.282434
6.89,0.271389
6.90,0.288101
6.91,0.250631
6.92,0.264780
6.93,0.258633
6.94,0.261865
6.95,0.250052
6.97,0.273890
6.98,0.295806
6.99,0.337008
7.00,0.373827
7.01,0.338398
7.02,0.324938
7.03,0.297651
7.04,0.310498
7.05,0.269868
7.06,0.289679
7.07,0.301292
7.08,0.306172
7.09,0.299521
7.10,0.287655
7.11,0.259826
7.13,0.280710
7.14,0.282587
7.15,0.282336
7.16,0.272596
7.17,0.267001
7.18,0.276714
7.19,0.274392
7.20,0.240267
7.21,0.279243
7.22,0.261534
7.23,0.263073
7.24,0.244050
7.25,0.216137
7.26,0.234668
7.27,0.230560
7.29,0.262721
7.30,0.238316
7.31,0.258318
7.32,0.217753
7.33,0.227172
7.34,0.213256
7.35,0.203043
7.36,0.209448
7.37,0.213397
7.38,0.217610
7.39,0.199473
7.40,0.202787
7.41,0.211100
7.42,0.207691
7.43,0.201245
7.45,0.201736
7.46,0.215140
7.47,0.217564
7.48,0.219313
7.49,0.212302
7.50,0.205326
7.51,0.207095
7.52,0.206609
7.53,0.214598
7.54,0.201835
7.55,0.217565
7.56,0.198004
7.57,0.201510
7.58,0.196037
7.59,0.205645
7.61,0.213799
7.62,0.222331
7.63,0.206740
7.64,0.190555
7.65,0.206754
7.66,0.212430
7.67,0.200862
7.68,0.192963
7.69,0.179225
7.70,0.193074
7.71,0.194720
7.72,0.212070
7.73,0.185236
7.74,0.189602
7.75,0.160134
7.77,0.181399
7.78,0.173392
7.79,0.173232
7.80,0.202066
7.81,0.184628
7.82,0.199619
7.83,0.181271
7.84,0.180277
7.85,0.193203
7.86,0.190025
7.87,0.169546
7.88,0.184693
7.89,0.193607
7.90,0.181267
7.91,0.185025
7.93,0.166939
7.94,0.172878
7.95,0.181821
7.96,0.183056
7.97,0.177603
7.98,0.165681
7.99,0.191494
8.00,0.159994
8.01,0.171128
8.02,0.163816
8.03,0.173934
8.04,0.171847
8.05,0.167367
8.06,0.176783
8.07,0.170236
8.09,0.168884
8.10,0.151079
8.11,0.174484
8.12,0.168571
8.13,0.181492
8.14,0.176666
8.15,0.156164
8.16,0.172665
8.17,0.163001
8.18,0.162735
8.19,0.155856
8.20,0.147520
8.21,0.154221
8.22,0.140638
8.23,0.149835
8.25,0.139057
8.26,0.141006
8.27,0.140907
8.28,0.151172
8.29,0.167862
8.30,0.165378
8.31,0.155170
8.32,0.137838
8.33,0.147465
8.34,0.142770
8.35,0.137884
8.36,0.141432
8.37,0.144976
8.38,0.150843
8.39,0.145602
8.41,0.160171
8.42,0.152706
8.43,0.146876
8.44,0.190612
8.45,0.259326
8.46,0.326681
8.47,0.379676
8.48,0.371894
8.49,0.324333
8.50,0.330063
8.51,0.403783
8.52,0.404875
8.53,0.350279
8.54,0.343365
8.55,0.308599
8.57,0.274956
8.58,0.283421
8.59,0.331944
8.60,0.317307
8.61,0.289323
8.62,0.323176
8.63,0.277134
8.64,0.281630
8.65,0.285294
8.66,0.250531
8.67,0.249002
8.68,0.224601
8.69,0.232769
8.70,0.237358
8.71,0.218869
8.73,0.212664
8.74,0.205659
8.75,0.213007
8.76,0.231635
8.77,0.203084
8.78,0.187939
8.79,0.194483
8.80,0.181243
8.81,0.170741
8.82,0.163608
8.83,0.165206
8.84,0.162574
8.85,0.147755
8.86,0.159079
8.87,0.149785
8.89,0.149316
8.90,0.153674
8.91,0.145701
8.92,0.132694
8.93,0.135327
8.94,0.125305
8.95,0.129126
8.96,0.138908
8.97,0.137132
8.98,0.128517
8.99,0.118400
9.00,0.121304
9.01,0.118558
9.02,0.100850
9.03,0.112899
9.05,0.115981
9.06,0.117523
9.07,0.117350
9.08,0.103715
9.09,0.108947
9.10,0.089253
9.11,0.090611
9.12,0.106075
9.13,0.109690
9.14,0.110574
9.15,0.101328
9.16,0.104772
9.17,0.101067
9.18,0.102789
9.19,0.128051
9.21,0.128136
9.22,0.120261
9.23,0.144898
9.24,0.141943
9.25,0.137289
9.26,0.115938
9.27,0.110441
9.28,0.095637
9.29,0.095627
9.30,0.108258
9.31,0.103538
9.32,0.103814
9.33,0.103526
9.34,0.090911
9.35,0.092297
9.37,0.090957
9.38,0.087050
9.39,0.083680
9.40,0.082382
9.41,0.093546
9.42,0.153494
9.43,0.272374
9.44,0.377460
9.45,0.353428
9.46,0.396784
9.47,0.418608
9.48,0.385302
9.49,0.419534
9.50,0.447867
9.51,0.427221
9.53,0.346648
9.54,0.339201
9.55,0.356074
9.56,0.373673
9.57,0.302766
9.58,0.319780
9.59,0.322734
9.60,0.380616
9.61,0.353342
9.62,0.348816
9.63,0.384004
9.64,0.387631
9.65,0.375512
9.66,0.333101
9.67,0.348321
9.69,0.298592
9.70,0.367239
9.71,0.312386
9.72,0.303028
9.73,0.317361
9.74,0.324278
9.75,0.294929
9.76,0.308204
9.77,0.304305
9.78,0.310015
9.79,0.286403
9.80,0.293362
9.81,0.295309
9.82,0.289952
9.83,0.299122
9.85,0.271376
9.86,0.276866
9.87,0.264747
9.88,0.308455
9.89,0.263397
9.90,0.302227
9.91,0.238103
9.92,0.274407
9.93,0.292750
9.94,0.298073
9.95,0.329948
9.96,0.318229
9.97,0.297610
9.98,0.283298
9.99,0.304266
10.01,0.269457
10.02,0.270410
10.03,0.285229
10.04,0.281597
10.05,0.269321
10.06,0.301631
10.07,0.272037
10.08,0.277540
10.09,0.248506
10.10,0.292019
10.11,0.258995
10.12,0.269519
10.13,0.264323
10.14,0.261334
10.15,0.232963
10.17,0.258516
10.18,0.264201
10.19,0.260338
10.20,0.262524
10.21,0.252715
10.22,0.267195
10.23,0.236534
10.24,0.237986
10.25,0.248554
10.26,0.271497
10.27,0.240908
10.28,0.237319
10.29,0.228767
10.30,0.222307
10.31,0.285872
10.33,0.250783
10.34,0.277551
10.35,0.237227
10.36,0.251849
10.37,0.245585
10.38,0.230865
10.39,0.215202
10.40,0.242776
10.41,0.335093
10.42,0.377477
10.43,0.500331
10.44,0.486121
10.45,0.432246
10.46,0.425295
10.47,0.422656
10.49,0.470941
10.50,0.449930
10.51,0.410685
10.52,0.358472
10.53,0.340949
10.54,0.333372
10.55,0.364060
10.56,0.364992
10.57,0.348025
10.58,0.373060
10.59,0.327677
10.60,0.328400
10.61,0.321414
10.62,0.295303
10.63,0.303632
10.65,0.271692
10.66,0.279513
10.67,0.286839
10.68,0.259242
10.69,0.248305
10.70,0.286092
10.71,0.240722
10.72,0.250288
10.73,0.244210
10.74,0.260762
10.75,0.265967
10.76,0.249819
10.77,0.226524
10.78,0.207410
10.79,0.248819
10.81,0.229891
10.82,0.234911
10.83,0.209165
10.84,0.223077
10.85,0.203645
10.86,0.185453
10.87,0.200075
10.88,0.203151
10.89,0.211809
10.90,0.235880
10.91,0.284430
10.92,0.313183
10.93,0.344354
10.94,0.318515
10.95,0.275702
10.97,0.297571
10.98,0.299855
10.99,0.281811
11.00,0.304384
11.01,0.298774
11.02,0.299448
11.03,0.285438
11.04,0.299054
11.05,0.294414
11.06,0.272134
11.07,0.272816
11.08,0.280609
11.09,0.316339
11.10,0.307354
11.11,0.295107
11.13,0.269322
11.14,0.291268
11.15,0.289141
11.16,0.275476
11.17,0.271708
11.18,0.287327
11.19,0.252143
11.20,0.262919
11.21,0.274502
11.22,0.260738
11.23,0.254057
11.24,0.242559
11.25,0.245187
11.26,0.254499
11.27,0.273066
11.29,0.251515
11.30,0.233656
11.31,0.234783
11.32,0.220002
11.33,0.231319
11.34,0.237448
11.35,0.226761
11.36,0.214633
11.37,0.219761
11.38,0.234131
11.39,0.228061
11.40,0.216155
11.41,0.224000
11.42,0.218260
11.43,0.243370
11.45,0.253551
11.46,0.228359
11.47,0.223953
11.48,0.226323
11.49,0.234812
11.50,0.228395
11.51,0.218291
11.52,0.231856
11.53,0.212624
11.54,0.250261
11.55,0.222554
11.56,0.221236
11.57,0.227073
11.58,0.220035
11.59,0.229656
11.61,0.212303
11.62,0.226744
11.63,0.219798
11.64,0.213349
11.65,0.223481
11.66,0.191900
11.67,0.195794
11.68,0.188890
11.69,0.187273
11.70,0.177616
11.71,0.190789
11.72,0.196857
11.73,0.182395
11.74,0.178496
11.75,0.169072
11.77,0.148655
11.78,0.158854
11.79,0.168361
11.80,0.174971
11.81,0.175322
11.82,0.171407
11.83,0.169867
11.84,0.163900
11.85,0.153848
11.86,0.147118
11.87,0.145118
11.88,0.138051
11.89,0.138483
11.90,0.150425
11.91,0.150966
11.93,0.147035
11.94,0.141954
11.95,0.128427
11.96,0.124678
11.97,0.122858
11.98,0.128207
11.99,0.124282
12.00,0.133582
12.01,0.129937
12.02,0.125573
12.03,0.119270
12.04,0.127234
12.05,0.129144
12.06,0.128625
12.07,0.146217
12.09,0.145409
12.10,0.138306
12.11,0.138980
12.12,0.129207
12.13,0.144164
12.14,0.145677
12.15,0.157037
12.16,0.160120
12.17,0.161131
12.18,0.169284
12.19,0.153907
12.20,0.174945
12.21,0.171556
12.22,0.157830
12.23,0.167011
12.25,0.144617
12.26,0.138885
12.27,0.137594
12.28,0.139959
12.29,0.135031
12.30,0.138964
12.31,0.136607
12.32,0.109439
12.33,0.120432
12.34,0.131291
12.35,0.125773
12.36,0.127188
12.37,0.211834
12.38,0.293742
12.39,0.364180
12.41,0.399931
12.42,0.404348
12.43,0.350405
12.44,0.349526
12.45,0.427673
12.46,0.428341
12.47,0.369298
12.48,0.296357
12.49,0.259474
12.50,0.285702
12.51,0.310871
12.52,0.337694
12.53,0.314831
12.54,0.307300
12.55,0.295936
12.57,0.291103
12.58,0.320327
12.59,0.293675
12.60,0.277132
12.61,0.283127
12.62,0.249327
12.63,0.270876
12.64,0.286741
12.65,0.254807
12.66,0.257403
12.67,0.265396
12.68,0.246431
12.69,0.230553
12.70,0.226711
12.71,0.240938
12.73,0.222070
12.74,0.230116
12.75,0.209050
12.76,0.221611
12.77,0.209693
12.78,0.209505
12.79,0.225469
12.80,0.214964
12.81,0.215693
12.82,0.210440
12.83,0.210397
12.84,0.195763
12.85,0.196941
12.86,0.198793
12.87,0.201824
12.89,0.175578
12.90,0.202458
12.91,0.213555
12.92,0.182604
12.93,0.187389
12.94,0.196974
12.95,0.189842
12.96,0.179304
12.97,0.187070
12.98,0.195303
12.99,0.166010
13.00,0.174511
13.01,0.192531
13.02,0.178203
13.03,0.197801
13.05,0.190546
13.06,0.159485
13.07,0.157662
13.08,0.160541
13.09,0.163995
13.10,0.165456
13.11,0.176496
13.12,0.163483
13.13,0.181393
13.14,0.184579
13.15,0.159225
13.16,0.152209
13.17,0.147483
13.18,0.137628
13.19,0.148137
13.21,0.162039
13.22,0.137782
13.23,0.140547
13.24,0.144997
13.25,0.130511
13.26,0.135093
13.27,0.144910
13.28,0.133237
13.29,0.119486
13.30,0.132678
13.31,0.130008
13.32,0.109066
13.33,0.109991
13.34,0.108218
13.35,0.107497
13.37,0.205779
13.38,0.269753
13.39,0.265618
13.40,0.310274
13.41,0.289572
13.42,0.244076
13.43,0.277419
13.44,0.266208
13.45,0.264933
13.46,0.258418
13.47,0.212289
13.48,0.234525
13.49,0.265104
13.50,0.280720
13.51,0.278360
13.53,0.248552
13.54,0.281324
13.55,0.285123
13.56,0.252997
13.57,0.274527
13.58,0.259402
13.59,0.275483
13.60,0.258706
13.61,0.243470
13.62,0.247482
13.63,0.254022
13.64,0.248550
13.65,0.258537
13.66,0.253869
13.67,0.240875
13.69,0.256004
13.70,0.237079
13.71,0.238278
13.72,0.262365
13.73,0.265083
13.74,0.216706
13.75,0.236977
13.76,0.254842
13.77,0.239745
13.78,0.250776
13.79,0.222402
13.80,0.256662
13.81,0.261199
13.82,0.218079
13.83,0.205383
13.85,0.193236
13.86,0.263276
13.87,0.271636
13.88,0.271816
13.89,0.223711
13.90,0.206785
13.91,0.246832
13.92,0.246104
13.93,0.257115
13.94,0.264367
13.95,0.215774
13.96,0.211635
13.97,0.232001
13.98,0.235250
13.99,0.244966
14.01,0.219023
14.02,0.222011
14.03,0.211884
14.04,0.218485
14.05,0.230190
14.06,0.216153
14.07,0.262405
14.08,0.220066
14.09,0.199018
14.10,0.240190
14.11,0.217974
14.12,0.203630
14.13,0.212440
14.14,0.226305
14.15,0.217214
14.17,0.185500
14.18,0.209679
14.19,0.198272
14.20,0.186512
14.21,0.203477
14.22,0.207380
14.23,0.217515
14.24,0.214784
14.25,0.207023
14.26,0.197481
14.27,0.172599
14.28,0.169300
14.29,0.178828
14.30,0.178827
14.31,0.194724
14.33,0.172520
14.34,0.182346
14.35,0.330927
14.36,0.406287
14.37,0.406487
14.38,0.387672
14.39,0.384637
14.40,0.393530
14.41,0.343725
14.42,0.434993
14.43,0.406394
14.44,0.365090
14.45,0.351745
14.46,0.303261
14.47,0.299053
14.49,0.345796
14.50,0.353163
14.51,0.332081
14.52,0.313281
14.53,0.328268
14.54,0.331857
14.55,0.304291
14.56,0.289171
14.57,0.252940
14.58,0.237627
14.59,0.273669
14.60,0.263565
14.61,0.226020
14.62,0.238330
14.63,0.263055
14.65,0.235458
14.66,0.232325
14.67,0.269053
14.68,0.257261
14.69,0.229939
14.70,0.203507
14.71,0.203011
14.72,0.213486
14.73,0.219207
14.74,0.196694
14.75,0.213129
14.76,0.213614
14.77,0.199819
14.78,0.178562
14.79,0.198125
14.81,0.215637
14.82,0.190562
14.83,0.191334
14.84,0.239765
14.85,0.263545
14.86,0.236882
14.87,0.232698
14.88,0.241669
14.89,0.236785
14.90,0.236417
14.91,0.220587
14.92,0.235004
14.93,0.230061
14.94,0.242680
14.95,0.215553
14.97,0.212606
14.98,0.225405
14.99,0.221472
15.00,0.223237
15.01,0.201051
15.02,0.194604
15.03,0.215081
15.04,0.221824
15.05,0.219485
15.06,0.207932
15.07,0.194076
15.08,0.212425
15.09,0.202715
15.10,0.215804
15.11,0.215312
15.13,0.188885
15.14,0.192066
15.15,0.195719
15.16,0.197460
15.17,0.194778
15.18,0.202729
15.19,0.180940
15.20,0.185010
15.21,0.187709
15.22,0.195823
15.23,0.172447
15.24,0.176207
15.25,0.194102
15.26,0.171572
15.27,0.195438
15.29,0.204679
15.30,0.184373
15.31,0.181287
15.32,0.163290
15.33,0.171763
15.34,0.170321
15.35,0.175905
15.36,0.175670
15.37,0.166975
15.38,0.156206
15.39,0.165333
15.40,0.157883
15.41,0.150879
15.42,0.153650
15.43,0.151625
15.45,0.138034
15.46,0.160268
15.47,0.163146
15.48,0.157925
15.49,0.156917
15.50,0.151466
15.51,0.144841
15.52,0.138803
15.53,0.132590
15.54,0.156014
15.55,0.162651
15.56,0.153795
15.57,0.154583
15.58,0.154419
15.59,0.129879
15.61,0.141039
15.62,0.164631
15.63,0.157591
15.64,0.157591
15.65,0.159392
15.66,0.155814
15.67,0.139772
15.68,0.133737
15.69,0.149898
15.70,0.164289
15.71,0.155754
15.72,0.157304
15.73,0.153548
15.74,0.153251
15.75,0.137962
15.77,0.145792
15.78,0.160521
15.79,0.156091
15.80,0.166648
15.81,0.168293
15.82,0.168151
15.83,0.169467
15.84,0.174141
15.85,0.152633
15.86,0.153221
15.87,0.170781
15.88,0.150852
15.89,0.147420
15.90,0.165320
15.91,0.161728
15.93,0.147524
15.94,0.142586
15.95,0.151722
15.96,0.144713
15.97,0.125372
15.98,0.134166
15.99,0.126686
16.00,0.137802
16.01,0.150562
16.02,0.138651
16.03,0.150327
16.04,0.135256
16.05,0.152272
16.06,0.163814
16.07,0.163312
16.09,0.164621
16.10,0.165908
16.11,0.158539
16.12,0.142317
16.13,0.134767
16.14,0.143270
16.15,0.141464
16.16,0.139740
16.17,0.141078
16.18,0.146993
16.19,0.142728
16.20,0.129772
16.21,0.136192
16.22,0.131503
16.23,0.133430
16.25,0.138107
16.26,0.125323
16.27,0.134507
16.28,0.131832
16.29,0.129646
16.30,0.147203
16.31,0.231874
16.32,0.273380
16.33,0.321281
16.34,0.356366
16.35,0.349566
16.36,0.335480
16.37,0.328952
16.38,0.383088
16.39,0.371312
16.41,0.375474
16.42,0.308643
16.43,0.288541
16.44,0.244465
16.45,0.294884
16.46,0.313330
16.47,0.263459
16.48,0.243557
16.49,0.247837
16.50,0.250812
16.51,0.237477
16.52,0.227072
16.53,0.231975
16.54,0.204598
16.55,0.204929
16.57,0.217208
16.58,0.211384
16.59,0.212301
16.60,0.202627
16.61,0.194680
16.62,0.191724
16.63,0.192394
16.64,0.177331
16.65,0.171160
16.66,0.155674
16.67,0.170111
16.68,0.164788
16.69,0.156242
16.70,0.158857
16.71,0.147981
16.73,0.148738
16.74,0.154515
16.75,0.163225
16.76,0.148591
16.77,0.154303
16.78,0.132996
16.79,0.152792
16.80,0.145940
16.81,0.134921
16.82,0.145410
16.83,0.139192
16.84,0.139280
16.85,0.150955
16.86,0.154693
16.87,0.149531
16.89,0.133833
16.90,0.125970
16.91,0.122836
16.92,0.137935
16.93,0.110839
16.94,0.120753
16.95,0.129526
16.96,0.137362
16.97,0.153561
16.98,0.129244
16.99,0.115413
17.00,0.121657
17.01,0.111261
17.02,0.110898
17.03,0.104433
17.05,0.109505
17.06,0.120077
17.07,0.114059
17.08,0.134183
17.09,0.130493
17.10,0.125200
17.11,0.128733
17.12,0.122268
17.13,0.129281
17.14,0.133205
17.15,0.135484
17.16,0.130575
17.17,0.109608
17.18,0.106618
17.19,0.122135
17.21,0.114871
17.22,0.110335
17.23,0.102843
17.24,0.100743
17.25,0.110129
17.26,0.122710
17.27,0.100125
17.28,0.102152
17.29,0.118158
17.30,0.217112
17.31,0.325388
17.32,0.319149
17.33,0.318553
17.34,0.292539
17.35,0.259585
17.37,0.245914
17.38,0.231948
17.39,0.242531
17.40,0.224462
17.41,0.248957
17.42,0.212186
17.43,0.235818
17.44,0.266100
17.45,0.222656
17.46,0.233842
17.47,0.220845
17.48,0.233172
17.49,0.231282
17.50,0.203823
17.51,0.228255
17.53,0.247220
17.54,0.221767
17.55,0.223650
17.56,0.212109
17.57,0.221894
17.58,0.216567
17.59,0.155390
17.60,0.211548
17.61,0.232651
17.62,0.196097
17.63,0.200724
17.64,0.184738
17.65,0.217109
17.66,0.207824
17.67,0.163827
17.69,0.207202
17.70,0.207023
17.71,0.189851
17.72,0.175867
17.73,0.177617
17.74,0.197221
17.75,0.171376
17.76,0.170486
17.77,0.226742
17.78,0.219901
17.79,0.280266
17.80,0.253592
17.81,0.244977
17.82,0.222240
17.83,0.255314
17.85,0.274491
17.86,0.223746
17.87,0.255586
17.88,0.226036
17.89,0.230876
17.90,0.226734
17.91,0.266929
17.92,0.237330
17.93,0.215569
17.94,0.257824
17.95,0.231237
17.96,0.193480
17.97,0.211398
17.98,0.265754
17.99,0.231411
18.01,0.245020
18.02,0.236528
18.03,0.219517
18.04,0.237442
18.05,0.221926
18.06,0.238308
18.07,0.236297
18.08,0.237698
18.09,0.272261
18.10,0.222217
18.11,0.223511
18.12,0.195742
18.13,0.218034
18.14,0.254218
18.15,0.257344
18.17,0.239056
18.18,0.224199
18.19,0.232853
18.20,0.215155
18.21,0.241176
18.22,0.192859
18.23,0.204249
18.24,0.190676
18.25,0.206868
18.26,0.249949
18.27,0.235906
18.28,0.310757
18.29,0.408645
18.30,0.452426
18.31,0.417838
18.33,0.361681
18.34,0.301615
18.35,0.386567
18.36,0.494534
18.37,0.444599
18.38,0.385905
18.39,0.306418
18.40,0.301240
18.41,0.355791
18.42,0.359336
18.43,0.369566
18.44,0.327434
18.45,0.313418
18.46,0.318697
18.47,0.317546
18.49,0.298594
18.50,0.269855
18.51,0.239776
18.52,0.265148
18.53,0.291970
18.54,0.291343
18.55,0.253223
18.56,0.207708
18.57,0.258972
18.58,0.273387
18.59,0.226602
18.60,0.291424
18.61,0.249469
18.62,0.234852
18.63,0.200557
18.65,0.188574
18.66,0.220893
18.67,0.205173
18.68,0.211186
18.69,0.207045
18.70,0.203511
18.71,0.181325
18.72,0.170483
18.73,0.181415
18.74,0.162571
18.75,0.164660
18.76,0.144301
18.77,0.171829
18.78,0.228487
18.79,0.290976
18.81,0.246836
18.82,0.267703
18.83,0.278211
18.84,0.230611
18.85,0.234564
18.86,0.247612
18.87,0.224354
18.88,0.196325
18.89,0.238675
18.90,0.245933
18.91,0.244158
18.92,0.224645
18.93,0.214638
18.94,0.205486
18.95,0.229664
18.97,0.220013
18.98,0.222301
18.99,0.233478
19.00,0.242060
19.01,0.228833
19.02,0.196046
19.03,0.217225
19.04,0.236911
19.05,0.238879
19.06,0.242578
19.07,0.217572
19.08,0.200595
19.09,0.226241
19.10,0.194985
19.11,0.194171
19.13,0.193904
19.14,0.191041
19.15,0.202122
19.16,0.190187
19.17,0.189104
19.18,0.175294
19.19,0.166101
19.20,0.183660
19.21,0.176244
19.22,0.163647
19.23,0.174498
19.24,0.163060
19.25,0.182314
19.26,0.192315
19.27,0.172832
19.29,0.184426
19.30,0.182592
19.31,0.194633
19.32,0.180088
19.33,0.152714
19.34,0.170978
19.35,0.199509
19.36,0.187683
19.37,0.184344
19.38,0.200596
19.39,0.179792
19.40,0.185675
19.41,0.196929
19.42,0.211153
19.43,0.205393
19.45,0.180407
19.46,0.198667
19.47,0.207035
19.48,0.194187
19.49,0.245830
19.50,0.227717
19.51,0.189073
19.52,0.199552
19.53,0.182897
19.54,0.169962
19.55,0.175510
19.56,0.191531
19.57,0.172622
19.58,0.156992
19.59,0.185399
19.61,0.188331
19.62,0.182615
19.63,0.182207
19.64,0.161569
19.65,0.148406
19.66,0.163270
19.67,0.185268
19.68,0.187143
19.69,0.166264
19.70,0.180071
19.71,0.156305
19.72,0.160497
19.73,0.173209
19.74,0.161875
19.75,0.162682
19.77,0.194073
19.78,0.184790
19.79,0.179731
19.80,0.171942
19.81,0.204902
19.82,0.186955
19.83,0.186940
19.84,0.200841
19.85,0.192722
19.86,0.180136
19.87,0.178672
19.88,0.183876
19.89,0.194172
19.90,0.189447
19.91,0.207443
19.93,0.207285
19.94,0.164888
19.95,0.189095
19.96,0.186330
19.97,0.177091
19.98,0.229641
19.99,0.203763
20.00,0.205799
20.01,0.182581
20.02,0.168261
20.03,0.169675
20.04,0.172677
20.05,0.206144
20.06,0.192862
20.07,0.185242
20.09,0.159829
20.10,0.162212
20.11,0.162420
20.12,0.174931
20.13,0.187872
20.14,0.172496
20.15,0.168039
20.16,0.151976
20.17,0.157951
20.18,0.154906
20.19,0.160628
20.20,0.173333
20.21,0.178198
20.22,0.163284
20.23,0.156354
20.25,0.289880
20.26,0.296770
20.27,0.356477
20.28,0.371151
20.29,0.360239
20.30,0.355939
20.31,0.353606
20.32,0.432588
20.33,0.408924
20.34,0.342692
20.35,0.341987
20.36,0.330888
20.37,0.302230
20.38,0.316132
20.39,0.315840
20.41,0.313484
20.42,0.296773
20.43,0.310142
20.44,0.310116
20.45,0.281152
20.46,0.279793
20.47,0.249381
20.48,0.228614
20.49,0.244823
20.50,0.243241
20.51,0.214049
20.52,0.191220
20.53,0.186350
20.54,0.212247
20.55,0.230497
20.57,0.227351
20.58,0.237579
20.59,0.231057
20.60,0.212901
20.61,0.193477
20.62,0.230930
20.63,0.211955
20.64,0.198998
20.65,0.229519
20.66,0.200357
20.67,0.200424
20.68,0.187277
20.69,0.192271
20.70,0.206176
20.71,0.160844
20.73,0.190001
20.74,0.178220
20.75,0.181212
20.76,0.208078
20.77,0.206192
20.78,0.191253
20.79,0.182889
20.80,0.151888
20.81,0.162114
20.82,0.184874
20.83,0.179850
20.84,0.171495
20.85,0.157560
20.86,0.155844
20.87,0.153647
20.89,0.166440
20.90,0.173292
20.91,0.145527
20.92,0.170138
20.93,0.167487
20.94,0.129779
20.95,0.160321
20.96,0.168902
20.97,0.152560
20.98,0.166358
20.99,0.158607
21.00,0.140959
21.01,0.171066
21.02,0.171999
21.03,0.156588
21.05,0.163944
21.06,0.148663
21.07,0.154209
21.08,0.163382
21.09,0.170540
21.10,0.149244
21.11,0.142808
21.12,0.149113
21.13,0.134811
21.14,0.152973
21.15,0.155231
21.16,0.144962
21.17,0.122624
21.18,0.112794
21.19,0.124087
21.21,0.130863
21.22,0.156765
21.23,0.184045
21.24,0.226960
21.25,0.362058
21.26,0.356999
21.27,0.322112
21.28,0.294909
21.29,0.288214
21.30,0.276541
21.31,0.255309
21.32,0.242717
21.33,0.246056
21.34,0.297957
21.35,0.294829
21.37,0.264510
21.38,0.253257
21.39,0.279481
21.40,0.274965
21.41,0.251414
21.42,0.257285
21.43,0.271891
21.44,0.262512
21.45,0.258002
21.46,0.228583
21.47,0.215565
21.48,0.212533
21.49,0.230492
21.50,0.229649
21.51,0.217005
21.53,0.227363
21.54,0.244317
21.55,0.243327
21.56,0.249666
21.57,0.246014
21.58,0.225321
21.59,0.243329
21.60,0.227461
21.61,0.229459
21.62,0.252798
21.63,0.241618
21.64,0.248144
21.65,0.224978
21.66,0.234487
21.67,0.251865
21.69,0.244663
21.70,0.224147
21.71,0.206362
21.72,0.235117
21.73,0.262056
21.74,0.283664
21.75,0.264819
21.76,0.248768
21.77,0.240280
21.78,0.230290
21.79,0.233328
21.80,0.247009
21.81,0.239974
21.82,0.225509
21.83,0.216692
21.85,0.226946
21.86,0.248369
21.87,0.238586
21.88,0.228948
21.89,0.219496
21.90,0.234167
21.91,0.235805
21.92,0.232481
21.93,0.258547
21.94,0.229874
21.95,0.215813
21.96,0.217466
21.97,0.214210
21.98,0.225828
21.99,0.209983
22.01,0.216996
22.02,0.193681
22.03,0.189474
22.04,0.208227
22.05,0.211811
22.06,0.229027
22.07,0.199862
22.08,0.193347
22.09,0.227023
22.10,0.212819
22.11,0.229182
22.12,0.193044
22.13,0.203594
22.14,0.200160
22.15,0.184054
22.17,0.183471
22.18,0.198302
22.19,0.185617
22.20,0.184161
22.21,0.213884
22.22,0.278273
22.23,0.356458
22.24,0.391402
22.25,0.417928
22.26,0.389846
22.27,0.360833
22.28,0.389224
22.29,0.439332
22.30,0.404501
22.31,0.367190
22.33,0.350301
22.34,0.327324
22.35,0.321715
22.36,0.390947
22.37,0.359908
22.38,0.290499
22.39,0.316513
22.40,0.332900
22.41,0.335201
22.42,0.300993
22.43,0.273446
22.44,0.278358
22.45,0.264031
22.46,0.253913
22.47,0.236374
22.49,0.232547
22.50,0.233623
22.51,0.250498
22.52,0.229049
22.53,0.219512
22.54,0.217579
22.55,0.218825
22.56,0.213533
22.57,0.232751
22.58,0.210691
22.59,0.186830
22.60,0.198771
22.61,0.201030
22.62,0.196006
22.63,0.192397
22.65,0.197217
22.66,0.173862
22.67,0.177715
22.68,0.176355
22.69,0.171842
22.70,0.196928
22.71,0.238335
22.72,0.278210
22.73,0.252860
22.74,0.224482
22.75,0.193856
22.76,0.203870
22.77,0.201186
22.78,0.208505
22.79,0.190307
22.81,0.191650
22.82,0.204030
22.83,0.221013
22.84,0.190202
22.85,0.174623
22.86,0.171996
22.87,0.162603
22.88,0.152883
22.89,0.171364
22.90,0.179641
22.91,0.159392
22.92,0.156583
22.93,0.138705
22.94,0.154770
22.95,0.154217
22.97,0.148761
22.98,0.136121
22.99,0.124769
23.00,0.135320
23.01,0.144145
23.02,0.146354
23.03,0.117994
23.04,0.120520
23.05,0.129273
23.06,0.142528
23.07,0.139655
23.08,0.134501
23.09,0.151787
23.10,0.141252
23.11,0.136636
23.13,0.138752
23.14,0.144240
23.15,0.153136
23.16,0.147553
23.17,0.135268
23.18,0.126404
23.19,0.120978
23.20,0.141854
23.21,0.135412
23.22,0.117676
23.23,0.117847
23.24,0.132822
23.25,0.124669
23.26,0.126654
23.27,0.134356
23.29,0.136736
23.30,0.143056
23.31,0.132527
23.32,0.134563
23.33,0.140074
23.34,0.133586
23.35,0.141366
23.36,0.139445
23.37,0.137442
23.38,0.144220
23.39,0.121113
23.40,0.138395
23.41,0.143431
23.42,0.140796
23.43,0.149879
23.45,0.135753
23.46,0.148985
23.47,0.138355
23.48,0.139109
23.49,0.153137
23.50,0.136533
23.51,0.130398
23.52,0.139970
23.53,0.151850
23.54,0.139107
23.55,0.121488
23.56,0.137023
23.57,0.124449
23.58,0.123660
23.59,0.125047
23.61,0.120917
23.62,0.135094
23.63,0.128729
23.64,0.127114
23.65,0.122679
23.66,0.124381
23.67,0.134271
23.68,0.124252
23.69,0.144839
23.70,0.117759
23.71,0.128323
23.72,0.119855
23.73,0.131165
23.74,0.154562
23.75,0.126677
23.77,0.142737
23.78,0.127499
23.79,0.148515
23.80,0.141128
23.81,0.144420
23.82,0.131416
23.83,0.132425
23.84,0.136736
23.85,0.131853
23.86,0.127767
23.87,0.122382
23.88,0.122465
23.89,0.116869
23.90,0.112109
23.91,0.115513
23.93,0.120991
23.94,0.109404
23.95,0.112499
23.96,0.107226
23.97,0.128958
23.98,0.120360
23.99,0.122989
24.00,0.119186
24.01,0.127742
24.02,0.137280
24.03,0.122097
24.04,0.110413
24.05,0.105169
24.06,0.110615
24.07,0.128395
24.09,0.110567
24.10,0.096540
24.11,0.112356
24.12,0.117636
24.13,0.133396
24.14,0.109730
24.15,0.119199
24.16,0.120616
24.17,0.127734
24.18,0.228750
24.19,0.251755
24.20,0.359435
24.21,0.364110
24.22,0.275335
24.23,0.280375
24.25,0.327147
24.26,0.411271
24.27,0.359776
24.28,0.328022
24.29,0.322243
24.30,0.306050
24.31,0.266478
24.32,0.273540
24.33,0.291079
24.34,0.284690
24.35,0.285365
24.36,0.238748
24.37,0.266053
24.38,0.256322
24.39,0.191144
24.41,0.184897
24.42,0.193296
24.43,0.194552
24.44,0.191006
24.45,0.147741
24.46,0.171760
24.47,0.157250
24.48,0.149450
24.49,0.157710
24.50,0.162709
24.51,0.152502
24.52,0.147260
24.53,0.138768
24.54,0.123507
24.55,0.128450
24.57,0.138654
24.58,0.136114
24.59,0.133876
24.60,0.127994
24.61,0.126105
24.62,0.123063
24.63,0.113076
24.64,0.107703
24.65,0.096112
24.66,0.105286
24.67,0.098084
24.68,0.092850
24.69,0.103180
24.70,0.099323
24.71,0.104575
24.73,0.093974
24.74,0.098485
24.75,0.095873
24.76,0.095910
24.77,0.101081
24.78,0.101927
24.79,0.108144
24.80,0.098289
24.81,0.096972
24.82,0.094632
24.83,0.102416
24.84,0.107017
24.85,0.105991
24.86,0.108700
24.87,0.106050
24.89,0.103529
24.90,0.101356
24.91,0.095641
24.92,0.101553
24.93,0.103757
24.94,0.106251
24.95,0.110347
24.96,0.110327
24.97,0.117027
24.98,0.110796
24.99,0.102480
25.00,0.093291
25.01,0.099058
25.02,0.097434
25.03,0.089173
25.05,0.093815
25.06,0.091215
25.07,0.102777
25.08,0.091989
25.09,0.092710
25.10,0.098118
25.11,0.106427
25.12,0.102256
25.13,0.089810
25.14,0.092376
25.15,0.115184
25.16,0.178928
25.17,0.239227
25.18,0.297749
25.19,0.349507
25.21,0.354576
25.22,0.362139
25.23,0.400546
25.24,0.435603
25.25,0.385166
25.26,0.340322
25.27,0.340279
25.28,0.357824
25.29,0.321770
25.30,0.317476
25.31,0.324246
25.32,0.311493
25.33,0.333618
25.34,0.343442
25.35,0.319356
25.37,0.361451
25.38,0.363949
25.39,0.343216
25.40,0.295291
25.41,0.339745
25.42,0.319690
25.43,0.301530
25.44,0.324493
25.45,0.293702
25.46,0.310724
25.47,0.314945
25.48,0.298607
25.49,0.280273
25.50,0.321750
25.51,0.317598
25.53,0.277479
25.54,0.303074
25.55,0.290559
25.56,0.310483
25.57,0.292311
25.58,0.278896
25.59,0.309904
25.60,0.266025
25.61,0.274377
25.62,0.251070
25.63,0.230504
25.64,0.232435
25.65,0.237381
25.66,0.232421
25.67,0.286064
25.69,0.288419
25.70,0.290730
25.71,0.242387
25.72,0.299128
25.73,0.258992
25.74,0.281539
25.75,0.268761
25.76,0.268234
25.77,0.278932
25.78,0.262776
25.79,0.247906
25.80,0.241846
25.81,0.294274
25.82,0.227432
25.83,0.239632
25.85,0.231822
25.86,0.267995
25.87,0.270391
25.88,0.250260
25.89,0.235466
25.90,0.222584
25.91,0.257546
25.92,0.206798
25.93,0.202739
25.94,0.203206
25.95,0.237214
25.96,0.232456
25.97,0.202327
25.98,0.234407
25.99,0.220185
26.01,0.243147
26.02,0.207640
26.03,0.229644
26.04,0.225448
26.05,0.241032
26.06,0.230066
26.07,0.243208
26.08,0.241220
26.09,0.216514
26.10,0.258083
26.11,0.226753
26.12,0.249310
26.13,0.201875
26.14,0.281708
26.15,0.332576
26.17,0.395863
26.18,0.458001
26.19,0.422670
26.20,0.380814
26.21,0.380129
26.22,0.473866
26.23,0.428749
26.24,0.427234
26.25,0.374491
26.26,0.309857
26.27,0.327639
26.28,0.322049
26.29,0.329881
26.30,0.294425
26.31,0.325353
26.33,0.325637
26.34,0.318841
26.35,0.317610
26.36,0.306418
26.37,0.294170
26.38,0.240970
26.39,0.280436
26.40,0.267189
26.41,0.243214
26.42,0.235520
26.43,0.247246
26.44,0.258866
26.45,0.252458
26.46,0.256356
26.47,0.263380
26.49,0.270535
26.50,0.198707
26.51,0.217624
26.52,0.213843
26.53,0.188251
26.54,0.194442
26.55,0.212464
26.56,0.199630
26.57,0.179811
26.58,0.201522
26.59,0.201672
26.60,0.208945
26.61,0.195062
26.62,0.195958
26.63,0.259542
26.65,0.320779
26.66,0.336157
26.67,0.293831
26.68,0.309495
26.69,0.305497
26.70,0.303215
26.71,0.289776
26.72,0.314613
26.73,0.295912
26.74,0.270125
26.75,0.284918
26.76,0.263541
26.77,0.280943
26.78,0.275000
26.79,0.285273
26.81,0.271949
26.82,0.274655
26.83,0.283022
26.84,0.293022
26.85,0.296466
26.86,0.266849
26.87,0.273170
26.88,0.280233
26.89,0.288113
26.90,0.278675
26.91,0.291012
26.92,0.258208
26.93,0.258469
26.94,0.287172
26.95,0.271440
26.97,0.289641
26.98,0.291655
26.99,0.287583
27.00,0.254712
27.01,0.275649
27.02,0.267688
27.03,0.251027
27.04,0.255894
27.05,0.265293
27.06,0.247335
27.07,0.243545
27.08,0.276194
27.09,0.255883
27.10,0.232249
27.11,0.245454
27.13,0.256341
27.14,0.228002
27.15,0.210192
27.16,0.229167
27.17,0.221573
27.18,0.221015
27.19,0.228822
27.20,0.240116
27.21,0.225328
27.22,0.223453
27.23,0.224964
27.24,0.222962
27.25,0.217264
27.26,0.201387
27.27,0.211687
27.29,0.198262
27.30,0.196653
27.31,0.198566
27.32,0.207174
27.33,0.196118
27.34,0.212312
27.35,0.175844
27.36,0.162973
27.37,0.180027
27.38,0.184746
27.39,0.162334
27.40,0.181090
27.41,0.196764
27.42,0.188413
27.43,0.197866
27.45,0.178630
27.46,0.183816
27.47,0.171472
27.48,0.171855
27.49,0.170662
27.50,0.174226
27.51,0.176262
27.52,0.170521
27.53,0.185811
27.54,0.174629
27.55,0.179427
27.56,0.163136
27.57,0.164225
27.58,0.156474
27.59,0.159442
27.61,0.156979
27.62,0.163677
27.63,0.197750
27.64,0.210486
27.65,0.233742
27.66,0.216579
27.67,0.202919
27.68,0.188687
27.69,0.196277
27.70,0.198237
27.71,0.182367
27.72,0.200314
27.73,0.199291
27.74,0.196177
27.75,0.208737
27.77,0.217029
27.78,0.216996
27.79,0.207458
27.80,0.217845
27.81,0.233224
27.82,0.214699
27.83,0.203236
27.84,0.197809
27.85,0.205529
27.86,0.180618
27.87,0.170201
27.88,0.197047
27.89,0.175754
27.90,0.184016
27.91,0.176417
27.93,0.181334
27.94,0.189473
27.95,0.180906
27.96,0.164295
27.97,0.170346
27.98,0.171267
27.99,0.185358
28.00,0.170409
28.01,0.181034
28.02,0.180746
28.03,0.199226
28.04,0.194146
28.05,0.186021
28.06,0.195929
28.07,0.176331
28.09,0.168644
28.10,0.190436
28.11,0.165127
28.12,0.276122
28.13,0.322316
28.14,0.395119
28.15,0.410716
28.16,0.331379
28.17,0.319535
28.18,0.349511
28.19,0.368932
28.20,0.351097
28.21,0.354563
28.22,0.317998
28.23,0.269121
28.25,0.264869
28.26,0.330576
28.27,0.343868
28.28,0.286371
28.29,0.254636
28.30,0.258535
28.31,0.298633
28.32,0.270671
28.33,0.220422
28.34,0.231314
28.35,0.235364
28.36,0.250572
28.37,0.235654
28.38,0.190391
28.39,0.202837
28.41,0.198465
28.42,0.193604
28.43,0.197093
28.44,0.173420
28.45,0.181121
28.46,0.192225
28.47,0.201543
28.48,0.175692
28.49,0.161791
28.50,0.157737
28.51,0.175017
28.52,0.163976
28.53,0.158332
28.54,0.163791
28.55,0.141852
28.57,0.147920
28.58,0.146775
28.59,0.150271
28.60,0.129424
28.61,0.122499
28.62,0.117931
28.63,0.139340
28.64,0.154322
28.65,0.135532
28.66,0.148061
28.67,0.139967
28.68,0.116939
28.69,0.131047
28.70,0.135593
28.71,0.125462
28.73,0.136240
28.74,0.145424
28.75,0.153612
28.76,0.151406
28.77,0.144433
28.78,0.148275
28.79,0.144146
28.80,0.134589
28.81,0.138488
28.82,0.139146
28.83,0.134508
28.84,0.118566
28.85,0.125100
28.86,0.139564
28.87,0.149134
28.89,0.126229
28.90,0.118574
28.91,0.131833
28.92,0.131510
28.93,0.132629
28.94,0.129133
28.95,0.119872
28.96,0.111087
28.97,0.114959
28.98,0.135366
28.99,0.120707
29.00,0.110155
29.01,0.116732
29.02,0.121566
29.03,0.115389
29.05,0.115708
29.06,0.111196
29.07,0.116193
29.08,0.115151
29.09,0.133532
29.10,0.148893
29.11,0.180172
29.12,0.200239
29.13,0.196257
29.14,0.218635
29.15,0.199022
29.16,0.228288
29.17,0.219750
29.18,0.213776
29.19,0.247296
29.21,0.236720
29.22,0.248973
29.23,0.246418
29.24,0.243224
29.25,0.254844
29.26,0.222749
29.27,0.247385
29.28,0.246483
29.29,0.239208
29.30,0.252012
29.31,0.206100
29.32,0.208878
29.33,0.206415
29.34,0.201339
29.35,0.184822
29.37,0.175504
29.38,0.211005
29.39,0.191423
29.40,0.200865
29.41,0.185620
29.42,0.210014
29.43,0.231459
29.44,0.213145
29.45,0.215465
29.46,0.187005
29.47,0.228999
29.48,0.229743
29.49,0.216233
29.50,0.209795
29.51,0.200119
29.53,0.199866
29.54,0.211737
29.55,0.216588
29.56,0.220009
29.57,0.195440
29.58,0.241987
29.59,0.210605
29.60,0.197555
29.61,0.193821
29.62,0.184083
29.63,0.196011
29.64,0.190659
29.65,0.213797
29.66,0.195699
29.67,0.214561
29.69,0.219943
29.70,0.195519
29.71,0.187369
29.72,0.169872
29.73,0.199759
29.74,0.194402
29.75,0.172769
29.76,0.184225
29.77,0.169549
29.78,0.195389
29.79,0.185318
29.80,0.198127
29.81,0.195300
29.82,0.168443
29.83,0.205794
29.85,0.181489
29.86,0.186856
29.87,0.189070
29.88,0.181753
29.89,0.180999
29.90,0.168527
29.91,0.193864
29.92,0.178831
29.93,0.151361
29.94,0.175877
29.95,0.181123
29.96,0.172307
29.97,0.193329
29.98,0.180596
29.99,0.186386
30.01,0.155946
30.02,0.181691
30.03,0.177627
30.04,0.180363
30.05,0.179324
30.06,0.175332
30.07,0.180961
30.08,0.237241
30.09,0.309912
30.10,0.391010
30.11,0.390274
30.12,0.354604
30.13,0.320355
30.14,0.379670
30.15,0.450961
30.17,0.396478
30.18,0.373415
30.19,0.349594
30.20,0.309391
30.21,0.261282
30.22,0.304762
30.23,0.324170
30.24,0.307502
30.25,0.304454
30.26,0.254531
30.27,0.252129
30.28,0.259444
30.29,0.260839
30.30,0.235095
30.31,0.231133
30.33,0.238822
30.34,0.228214
30.35,0.184038
30.36,0.207712
30.37,0.185652
30.38,0.179404
30.39,0.188769
30.40,0.180217
30.41,0.185688
30.42,0.158991
30.43,0.177617
30.44,0.161373
30.45,0.147618
30.46,0.152789
30.47,0.141341
30.49,0.165287
30.50,0.163556
30.51,0.147089
30.52,0.150545
30.53,0.148283
30.54,0.142571
30.55,0.134237
30.56,0.193286
30.57,0.223233
30.58,0.222887
30.59,0.224657
30.60,0.179772
30.61,0.217122
30.62,0.232413
30.63,0.200212
30.65,0.226848
30.66,0.204271
30.67,0.210861
30.68,0.247795
30.69,0.191774
30.70,0.222940
30.71,0.233129
30.72,0.217644
30.73,0.222347
30.74,0.189803
30.75,0.219062
30.76,0.195593
30.77,0.206146
30.78,0.212993
30.79,0.198907
30.81,0.201132
30.82,0.183800
30.83,0.184857
30.84,0.170207
30.85,0.178250
30.86,0.195487
30.87,0.173572
30.88,0.151144
30.89,0.172386
30.90,0.175899
30.91,0.160082
30.92,0.156250
30.93,0.174050
30.94,0.165486
30.95,0.162385
30.97,0.175931
30.98,0.165669
30.99,0.189339
31.00,0.181879
31.01,0.167526
31.02,0.154568
31.03,0.170350
31.04,0.169436
31.05,0.136917
31.06,0.139514
31.07,0.172227
31.08,0.154389
31.09,0.142304
31.10,0.151876
31.11,0.149292
31.13,0.149122
31.14,0.140740
31.15,0.143160
31.16,0.149840
31.17,0.152377
31.18,0.145364
31.19,0.131085
31.20,0.137672
31.21,0.141140
31.22,0.143910
31.23,0.144505
31.24,0.139458
31.25,0.155289
31.26,0.144601
31.27,0.157094
31.29,0.156755
31.30,0.138953
31.31,0.151216
31.32,0.146797
31.33,0.136866
31.34,0.134104
31.35,0.124198
31.36,0.124474
31.37,0.123965
31.38,0.152345
31.39,0.151729
31.40,0.121977
31.41,0.131719
31.42,0.134975
31.43,0.141252
31.45,0.128348
31.46,0.132958
31.47,0.146366
31.48,0.155383
31.49,0.146983
31.50,0.132131
31.51,0.140496
31.52,0.140176
31.53,0.131086
31.54,0.130109
31.55,0.125341
31.56,0.155934
31.57,0.190861
31.58,0.179588
31.59,0.161927
31.61,0.171518
31.62,0.188145
31.63,0.171659
31.64,0.160699
31.65,0.168119
31.66,0.170711
31.67,0.169872
31.68,0.155892
31.69,0.178388
31.70,0.194620
31.71,0.211202
31.72,0.198408
31.73,0.197474
31.74,0.187076
31.75,0.184937
31.77,0.190096
31.78,0.165493
31.79,0.188176
31.80,0.179549
31.81,0.170788
31.82,0.181663
31.83,0.184802
31.84,0.187834
31.85,0.188886
31.86,0.178501
31.87,0.178013
31.88,0.192831
31.89,0.189619
31.90,0.175832
31.91,0.174302
31.93,0.181707
31.94,0.194504
31.95,0.180527
31.96,0.188226
31.97,0.176248
31.98,0.216530
31.99,0.211697
32.00,0.208188
32.01,0.212794
32.02,0.192514
32.03,0.188310
32.04,0.220005
32.05,0.314508
32.06,0.399455
32.07,0.439076
32.09,0.419963
32.10,0.387544
32.11,0.372527
32.12,0.408395
32.13,0.455445
32.14,0.484726
32.15,0.437019
32.16,0.364921
32.17,0.387991
32.18,0.350300
32.19,0.363203
32.20,0.337413
32.21,0.341432
32.22,0.359569
32.23,0.330075
32.25,0.347339
32.26,0.323016
32.27,0.282424
32.28,0.246713
32.29,0.264063
32.30,0.308342
32.31,0.258136
32.32,0.271740
32.33,0.243758
32.34,0.247015
32.35,0.266213
32.36,0.231903
32.37,0.261521
32.38,0.280449
32.39,0.246613
32.41,0.255631
32.42,0.240600
32.43,0.241769
32.44,0.250147
32.45,0.266172
32.46,0.245875
32.47,0.243186
32.48,0.237018
32.49,0.232912
32.50,0.244052
32.51,0.238532
32.52,0.235342
32.53,0.211923
32.54,0.209287
32.55,0.210495
32.57,0.198320
32.58,0.203785
32.59,0.201712
32.60,0.220737
32.61,0.211245
32.62,0.191343
32.63,0.198842
32.64,0.189265
32.65,0.188652
32.66,0.196317
32.67,0.189843
32.68,0.194204
32.69,0.183439
32.70,0.187839
32.71,0.178132
32.73,0.167208
32.74,0.174881
32.75,0.167695
32.76,0.184195
32.77,0.183070
32.78,0.182709
32.79,0.187046
32.80,0.169916
32.81,0.190154
32.82,0.207647
32.83,0.173602
32.84,0.170313
32.85,0.151872
32.86,0.155235
32.87,0.177204
32.89,0.177810
32.90,0.180558
32.91,0.184986
32.92,0.193260
32.93,0.188689
32.94,0.175597
32.95,0.180731
32.96,0.187065
32.97,0.189957
32.98,0.186336
32.99,0.189013
33.00,0.170503
33.01,0.192873
33.02,0.183563
33.03,0.203616
33.05,0.282913
33.06,0.278309
33.07,0.262362
33.08,0.236534
33.09,0.246181
33.10,0.272970
33.11,0.246173
33.12,0.242633
33.13,0.245305
33.14,0.261872
33.15,0.284579
33.16,0.285381
33.17,0.247421
33.18,0.247488
33.19,0.265493
33.21,0.297553
33.22,0.304536
33.23,0.281864
33.24,0.268954
33.25,0.273092
33.26,0.269971
33.27,0.267801
33.28,0.240023
33.29,0.257183
33.30,0.262319
33.31,0.248924
33.32,0.243957
33.33,0.228851
33.34,0.204644
33.35,0.211939
33.37,0.233274
33.38,0.232560
33.39,0.217809
33.40,0.209040
33.41,0.205687
33.42,0.230359
33.43,0.226043
33.44,0.182154
33.45,0.213747
33.46,0.231770
33.47,0.209518
33.48,0.211230
33.49,0.224426
33.50,0.219477
33.51,0.231159
33.53,0.221467
33.54,0.217432
33.55,0.219188
33.56,0.237760
33.57,0.237009
33.58,0.220970
33.59,0.217784
33.60,0.235405
33.61,0.207785
33.62,0.190945
33.63,0.187274
33.64,0.203289
33.65,0.230789
33.66,0.209814
33.67,0.229199
33.69,0.221780
33.70,0.218932
33.71,0.242814
33.72,0.238263
33.73,0.253160
33.74,0.227534
33.75,0.220085
33.76,0.209266
33.77,0.176295
33.78,0.215610
33.79,0.216656
33.80,0.189510
33.81,0.215072
33.82,0.209409
33.83,0.196392
33.85,0.178722
33.86,0.178248
33.87,0.202369
33.88,0.200357
33.89,0.197999
33.90,0.178066
33.91,0.184995
33.92,0.197847
33.93,0.190686
33.94,0.173454
33.95,0.167095
33.96,0.196624
33.97,0.191739
33.98,0.187422
33.99,0.217141
34.01,0.200956
34.02,0.270383
34.03,0.314714
34.04,0.411493
34.05,0.449182
34.06,0.388354
34.07,0.350749
34.08,0.369482
34.09,0.438624
34.10,0.446395
34.11,0.429132
34.12,0.396022
34.13,0.339126
34.14,0.306569
34.15,0.346133
34.17,0.362740
34.18,0.315373
34.19,0.308038
34.20,0.279126
34.21,0.268037
34.22,0.293834
34.23,0.266461
34.24,0.236810
34.25,0.243559
34.26,0.259499
34.27,0.256417
34.28,0.243807
34.29,0.226199
34.30,0.235664
34.31,0.217349
34.33,0.238825
34.34,0.252646
34.35,0.204583
34.36,0.190761
34.37,0.198171
34.38,0.184671
34.39,0.168467
34.40,0.182035
34.41,0.180582
34.42,0.179011
34.43,0.186588
34.44,0.166669
34.45,0.170848
34.46,0.183509
34.47,0.177592
34.49,0.171749
34.50,0.167814
34.51,0.166101
34.52,0.174922
34.53,0.186170
34.54,0.161525
34.55,0.146541
34.56,0.151297
34.57,0.157451
34.58,0.162497
34.59,0.153719
34.60,0.158579
34.61,0.154580
34.62,0.153008
34.63,0.155922
34.65,0.154167
34.66,0.141025
34.67,0.153846
34.68,0.169612
34.69,0.187010
34.70,0.152955
34.71,0.135096
34.72,0.163347
34.73,0.145753
34.74,0.132934
34.75,0.149296
34.76,0.162202
34.77,0.153711
34.78,0.143826
34.79,0.161692
34.81,0.167044
34.82,0.158518
34.83,0.145054
34.84,0.116539
34.85,0.123255
34.86,0.138963
34.87,0.121132
34.88,0.119136
34.89,0.135188
34.90,0.131761
34.91,0.112183
34.92,0.125024
34.93,0.115416
34.94,0.099645
34.95,0.094044
34.97,0.113140
34.98,0.157549
34.99,0.233688
35.00,0.289326
35.01,0.303557
35.02,0.395194
35.03,0.472882
35.04,0.457126
35.05,0.363290
35.06,0.290503
35.07,0.327156
35.08,0.309492
35.09,0.214429
35.10,0.209046
35.11,0.209061
35.13,0.176142
35.14,0.192819
35.15,0.202353
35.16,0.171297
35.17,0.172120
35.18,0.160960
35.19,0.156939
35.20,0.155679
35.21,0.136257
35.22,0.145804
35.23,0.142917
35.24,0.119303
35.25,0.117494
35.26,0.109074
35.27,0.093290
35.29,0.116078
35.30,0.132373
35.31,0.115739
35.32,0.109652
35.33,0.115305
35.34,0.124177
35.35,0.120838
35.36,0.122846
35.37,0.119775
35.38,0.115381
35.39,0.119903
35.40,0.123694
35.41,0.116921
35.42,0.130507
35.43,0.113775
35.45,0.121227
35.46,0.127525
35.47,0.135531
35.48,0.147712
35.49,0.181696
35.50,0.197674
35.51,0.210206
35.52,0.236680
35.53,0.228686
35.54,0.189064
35.55,0.183334
35.56,0.192928
35.57,0.177311
35.58,0.181492
35.59,0.194244
35.61,0.198594
35.62,0.182015
35.63,0.188912
35.64,0.190377
35.65,0.192549
35.66,0.215385
35.67,0.201082
35.68,0.214945
35.69,0.202543
35.70,0.195238
35.71,0.194508
35.72,0.172318
35.73,0.202231
35.74,0.187854
35.75,0.176366
35.77,0.194873
35.78,0.177084
35.79,0.173609
35.80,0.163290
35.81,0.161884
35.82,0.161726
35.83,0.161663
35.84,0.158821
35.85,0.139809
35.86,0.156674
35.87,0.158948
35.88,0.144141
35.89,0.136648
35.90,0.143454
35.91,0.136228
35.93,0.132014
35.94,0.141968
35.95,0.161222
35.96,0.230071
35.97,0.300121
35.98,0.992026
35.99,1.773149
36.00,1.879222
36.01,1.165703
36.02,1.483029
36.03,1.585665
36.04,1.305973
36.05,1.163868
36.06,0.899154
36.07,0.667169
36.09,0.701645
36.10,0.649106
36.11,0.619370
36.12,0.710541
36.13,0.695871
36.14,0.679146
36.15,0.689308
36.16,0.498302
36.17,0.414771
36.18,0.467891
36.19,0.476962
36.20,0.426992
36.21,0.404969
36.22,0.347678
36.23,0.381528
36.25,0.336802
36.26,0.291154
36.27,0.283822
36.28,0.307122
36.29,0.274025
36.30,0.261840
36.31,0.292139
36.32,0.249134
36.33,0.227351
36.34,0.233386
36.35,0.250945
36.36,0.254911
36.37,0.222607
36.38,0.213421
36.39,0.212227
36.41,0.208452
36.42,0.212928
36.43,0.227272
36.44,0.228301
36.45,0.229172
36.46,0.280103
36.47,0.765569
36.48,1.613140
36.49,1.865221
36.50,1.365665
36.51,1.337496
36.52,1.514968
36.53,1.156383
36.54,0.957352
36.55,0.890471
36.57,0.693334
36.58,0.685218
36.59,0.677318
36.60,0.738907
36.61,0.910838
36.62,0.854615
36.63,0.846209
36.64,0.684410
36.65,0.658048
36.66,0.600243
36.67,0.548968
36.68,0.593743
36.69,0.551356
36.70,0.483391
36.71,0.456098
36.73,0.473656
36.74,0.475112
36.75,0.427613
36.76,0.339187
36.77,0.303493
36.78,0.324243
36.79,0.336978
36.80,0.318198
36.81,0.304625
36.82,0.287210
36.83,0.250010
36.84,0.251021
36.85,0.259075
36.86,0.241629
36.87,0.201902
36.89,0.216323
36.90,0.207633
36.91,0.222671
36.92,0.231695
36.93,0.208462
36.94,0.212200
36.95,0.223581
36.96,0.319008
36.97,0.837581
36.98,0.979154
36.99,0.820731
37.00,0.621280
37.01,0.905889
37.02,0.926012
37.03,0.986347
37.05,0.972255
37.06,0.851541
37.07,0.893594
37.08,0.944547
37.09,1.086644
37.10,1.043545
37.11,1.128259
37.12,1.477712
37.13,1.348115
37.14,1.451030
37.15,1.031008
37.16,0.990769
37.17,0.918882
37.18,1.098885
37.19,1.154914
37.21,1.433364
37.22,1.455631
37.23,1.631466
37.24,1.265160
37.25,1.400490
37.26,1.029954
37.27,1.127527
37.28,1.147333
37.29,1.477097
37.30,1.206839
37.31,1.123414
37.32,0.983110
37.33,0.849414
37.34,1.064961
37.35,1.046299
37.37,1.122301
37.38,1.136441
37.39,0.990647
37.40,0.739569
37.41,0.759837
37.42,0.589469
37.43,0.922410
37.44,0.968094
37.45,0.929853
37.46,0.997245
37.47,0.690866
37.48,0.732150
37.49,0.753077
37.50,0.860525
37.51,0.839366
37.53,0.917222
37.54,0.759826
37.55,0.624916
37.56,0.544298
37.57,0.554944
37.58,0.546760
37.59,0.640170
37.60,0.634875
37.61,0.618558
37.62,0.578154
37.63,0.572958
37.64,0.636362
37.65,0.602057
37.66,0.590288
37.67,0.592917
37.69,0.611975
37.70,0.633519
37.71,0.617488
37.72,0.619403
37.73,0.606800
37.74,0.626760
37.75,0.401678
37.76,0.329016
37.77,0.337271
37.78,0.354555
37.79,0.386494
37.80,0.367075
37.81,0.347060
37.82,0.380587
37.83,0.382679
37.85,0.362720
37.86,0.353524
37.87,0.361314
37.88,0.355766
37.89,0.376779
37.90,0.379746
37.91,0.369086
37.92,0.428866
37.93,0.515716
37.94,0.719856
37.95,1.615254
37.96,2.029295
37.97,1.750955
37.98,1.402686
37.99,1.538383
38.01,1.247244
38.02,1.039559
38.03,1.031416
38.04,0.987681
38.05,0.892670
38.06,0.925184
38.07,0.941243
38.08,0.908007
38.09,0.877222
38.10,0.852230
38.11,0.737288
38.12,0.590032
38.13,0.602463
38.14,0.722087
38.15,0.699594
38.17,0.683763
38.18,0.601758
38.19,0.451473
38.20,0.494348
38.21,0.534942
38.22,0.526325
38.23,0.442428
38.24,0.449574
38.25,0.553443
38.26,0.565509
38.27,0.537510
38.28,0.510738
38.29,0.426966
38.30,0.408094
38.31,0.379639
38.33,0.396501
38.34,0.393761
38.35,0.388503
38.36,0.360104
38.37,0.378178
38.38,0.350131
38.39,0.362395
38.40,0.443494
38.41,0.435780
38.42,0.449548
38.43,0.427772
38.44,0.621291
38.45,0.940251
38.46,0.846788
38.47,0.726595
38.49,0.791120
38.50,0.672738
38.51,0.983454
38.52,0.779539
38.53,0.911548
38.54,0.710239
38.55,0.815917
38.56,1.106283
38.57,1.014880
38.58,1.197069
38.59,1.026289
38.60,1.213906
38.61,1.564075
38.62,1.339306
38.63,1.020910
38.65,1.132213
38.66,0.877165
38.67,1.110383
38.68,0.982067
38.69,1.321879
38.70,1.324041
38.71,1.213843
38.72,1.188463
38.73,0.888706
38.74,1.034657
38.75,1.049056
38.76,1.175751
38.77,1.175041
38.78,1.098042
38.79,0.845991
38.81,0.935848
38.82,0.772982
38.83,0.700767
38.84,0.841707
38.85,0.932264
38.86,0.872608
38.87,0.723685
38.88,0.622898
38.89,0.559264
38.90,0.744684
38.91,0.716694
38.92,0.968151
38.93,0.819763
38.94,0.724238
38.95,0.579078
38.97,0.511789
38.98,0.552820
38.99,0.483077
39.00,0.501518
39.01,0.375174
39.02,0.378926
39.03,0.364098
39.04,0.347499
39.05,0.383688
39.06,0.367364
39.07,0.333012
39.08,0.356257
39.09,0.338674
39.10,0.320778
39.11,0.340409
39.13,0.347285
39.14,0.321169
39.15,0.340659
39.16,0.369624
39.17,0.377031
39.18,0.360242
39.19,0.305476
39.20,0.308793
39.21,0.333154
39.22,0.282615
39.23,0.276095
39.24,0.287354
39.25,0.317933
39.26,0.303098
39.27,0.291627
39.29,0.317894
39.30,0.301464
39.31,0.296755
39.32,0.270200
39.33,0.243866
39.34,0.272244
39.35,0.277915
39.36,0.269503
39.37,0.309919
39.38,0.303939
39.39,0.287367
39.40,0.318022
39.41,0.333642
39.42,0.542879
39.43,0.983818
39.45,1.021316
39.46,0.754500
39.47,0.569485
39.48,0.674289
39.49,0.763170
39.50,0.763343
39.51,0.706352
39.52,0.462055
39.53,0.716410
39.54,0.835066
39.55,1.159418
39.56,0.980059
39.57,0.873502
39.58,1.269338
39.59,1.411318
39.61,1.280526
39.62,1.139555
39.63,1.222846
39.64,0.749057
39.65,0.962099
39.66,0.934778
39.67,1.298884
39.68,1.003599
39.69,1.239589
39.70,0.902476
39.71,1.014136
39.72,0.772967
39.73,0.974048
39.74,0.790740
39.75,0.942054
39.77,0.725414
39.78,0.942780
39.79,0.770394
39.80,0.930375
39.81,0.792435
39.82,0.871861
39.83,0.721092
39.84,0.644660
39.85,0.631147
39.86,0.564466
39.87,0.542864
39.88,0.569317
39.89,0.576596
39.90,0.774308
39.91,1.435607
39.93,2.016028
39.94,1.895136
39.95,1.446893
39.96,1.640656
39.97,1.517389
39.98,1.193122
39.99,1.353906
40.00,1.389937
40.01,1.236762
40.02,1.055462
40.03,1.058731
40.04,0.968046
40.05,0.934325
40.06,0.905414
40.07,1.016825
40.09,0.864702
40.10,0.776850
40.11,0.704686
40.12,0.879963
40.13,0.766855
40.14,0.721955
40.15,0.638735
40.16,0.708802
40.17,0.843082
40.18,0.758624
40.19,0.642545
40.20,0.496991
40.21,0.632888
40.22,0.820310
40.23,0.730447
40.25,0.641050
40.26,0.533516
40.27,0.616312
40.28,0.687980
40.29,0.704227
40.30,0.519027
40.31,0.426094
40.32,0.499647
40.33,0.632296
40.34,0.640164
40.35,0.519221
40.36,0.493342
40.37,0.451682
40.38,0.529042
40.39,0.644267
40.41,0.529619
40.42,0.513460
40.43,0.520879
40.44,0.565144
40.45,0.571896
40.46,0.497263
40.47,0.431043
40.48,0.464662
40.49,0.467192
40.50,0.482560
40.51,0.453806
40.52,0.504497
40.53,0.486539
40.54,0.469709
40.55,0.414554
40.57,0.457711
40.58,0.416673
40.59,0.395607
40.60,0.508105
40.61,0.487172
40.62,0.504440
40.63,0.450042
40.64,0.436974
40.65,0.400311
40.66,0.390402
40.67,0.424934
40.68,0.434611
40.69,0.464894
40.70,0.495578
40.71,0.417818
40.73,0.385357
40.74,0.477629
40.75,0.386302
40.76,0.353787
40.77,0.335776
40.78,0.361664
40.79,0.326387
40.80,0.368900
40.81,0.321152
40.82,0.384776
40.83,0.365764
40.84,0.319250
40.85,0.421518
40.86,0.394442
40.87,0.396692
40.89,0.471056
40.90,0.565555
40.91,0.976255
40.92,1.042984
40.93,0.862776
40.94,0.800134
40.95,0.767477
40.96,1.002445
40.97,0.902392
40.98,0.895618
40.99,0.715048
41.00,0.703944
41.01,0.543260
41.02,0.496302
41.03,0.569516
41.05,0.843012
41.06,0.870737
41.07,0.995554
41.08,1.088959
41.09,1.452652
41.10,1.145491
41.11,1.278566
41.12,1.234489
41.13,0.806075
41.14,1.052229
41.15,1.141181
41.16,1.424313
41.17,1.064077
41.18,0.886592
41.19,0.759431
41.21,0.927831
41.22,0.995558
41.23,1.195302
41.24,0.889163
41.25,0.674855
41.26,0.990468
41.27,1.210682
41.28,1.023836
41.29,1.076569
41.30,0.640571
41.31,0.781434
41.32,0.803990
41.33,0.941324
41.34,0.720580
41.35,0.430074
41.37,0.556813
41.38,0.806266
41.39,0.842247
41.40,0.886985
41.41,0.540100
41.42,0.519401
41.43,0.635223
41.44,0.697329
41.45,0.571391
41.46,0.498650
41.47,0.426033
41.48,0.435201
41.49,0.519121
41.50,0.475608
41.51,0.516171
41.53,0.432617
41.54,0.379109
41.55,0.391230
41.56,0.387278
41.57,0.399030
41.58,0.375904
41.59,0.400490
41.60,0.333961
41.61,0.388912
41.62,0.372982
41.63,0.369151
41.64,0.340032
41.65,0.334443
41.66,0.393691
41.67,0.394971
41.69,0.386449
41.70,0.329054
41.71,0.313284
41.72,0.239502
41.73,0.187957
41.74,0.217016
41.75,0.204080
41.76,0.238505
41.77,0.223595
41.78,0.217911
41.79,0.227212
41.80,0.207924
41.81,0.196625
41.82,0.237256
41.83,0.276274
41.85,0.345234
41.86,0.508255
41.87,0.689177
41.88,0.801724
41.89,1.663017
41.90,2.115407
41.91,1.676567
41.92,1.608132
41.93,1.448311
41.94,1.057179
41.95,1.156595
41.96,1.108170
41.97,1.132522
41.98,0.902426
41.99,0.911327
42.01,0.848386
42.02,0.778538
42.03,0.752516
42.04,0.757321
42.05,0.706679
42.06,0.673735
42.07,0.582859
42.08,0.512177
42.09,0.517946
42.10,0.599090
42.11,0.540809
42.12,0.476172
42.13,0.532901
42.14,0.518619
42.15,0.415906
42.17,0.439569
42.18,0.444570
42.19,0.401919
42.20,0.443755
42.21,0.449259
42.22,0.445827
42.23,0.382086
42.24,0.364540
42.25,0.347055
42.26,0.341636
42.27,0.376711
42.28,0.371298
42.29,0.360500
42.30,0.350036
42.31,0.308480
42.33,0.270233
42.34,0.290381
42.35,0.349055
42.36,0.340553
42.37,0.376861
42.38,0.753706
42.39,0.994275
42.40,0.893935
42.41,0.847263
42.42,0.956424
42.43,1.203156
42.44,0.982670
42.45,0.992094
42.46,0.764287
42.47,0.756001
42.49,0.712268
42.50,0.733405
42.51,0.781318
42.52,1.143528
42.53,0.993106
42.54,0.924972
42.55,1.179555
42.56,1.454524
42.57,1.088171
42.58,1.521485
42.59,1.279422
42.60,1.118764
42.61,1.266836
42.62,1.180034
42.63,1.472716
42.65,1.476379
42.66,1.201673
42.67,1.103310
42.68,1.015101
42.69,1.254424
42.70,1.433494
42.71,1.231558
42.72,1.141129
42.73,1.105004
42.74,0.995001
42.75,1.051947
42.76,1.013469
42.77,0.744897
42.78,0.755721
42.79,0.799330
42.81,0.850883
42.82,0.956971
42.83,0.602141
42.84,0.527922
42.85,0.604196
42.86,0.775524
42.87,0.899157
42.88,0.694188
42.89,0.525024
42.90,0.746856
42.91,0.688832
42.92,0.691328
42.93,0.705040
42.94,0.566659
42.95,0.533425
42.97,0.496764
42.98,0.487069
42.99,0.475263
43.00,0.488409
43.01,0.477233
43.02,0.393582
43.03,0.394952
43.04,0.405265
43.05,0.332206
43.06,0.315522
43.07,0.254845
43.08,0.294616
43.09,0.303532
43.10,0.307781
43.11,0.254996
43.13,0.252817
43.14,0.294847
43.15,0.308940
43.16,0.275094
43.17,0.219225
43.18,0.251624
43.19,0.273941
43.20,0.273943
43.21,0.227942
43.22,0.229432
43.23,0.254634
43.24,0.266803
43.25,0.252482
43.26,0.216577
43.27,0.235216
43.29,0.223897
43.30,0.221131
43.31,0.192799
43.32,0.164172
43.33,0.195799
43.34,0.240898
43.35,0.312737
43.36,0.582241
43.37,0.775012
43.38,0.753557
43.39,0.745296
43.40,0.767827
43.41,0.757888
43.42,1.092651
43.43,0.942677
43.45,0.891984
43.46,0.670888
43.47,0.692138
43.48,0.614897
43.49,0.635507
43.50,0.654771
43.51,1.013194
43.52,1.154557
43.53,1.420968
43.54,1.111207
43.55,1.144387
43.56,1.334941
43.57,1.073188
43.58,1.119752
43.59,0.758572
43.61,1.077126
43.62,1.167153
43.63,1.221200
43.64,1.259955
43.65,0.901079
43.66,0.831037
43.67,1.337202
43.68,1.150096
43.69,1.174489
43.70,1.101872
43.71,0.847736
43.72,1.008536
43.73,0.909063
43.74,0.871983
43.75,0.929726
43.77,0.699885
43.78,0.693530
43.79,0.633464
43.80,0.569724
43.81,0.626579
43.82,0.676067
43.83,0.684477
43.84,0.857224
43.85,1.615415
43.86,1.954399
43.87,1.754755
43.88,1.362359
43.89,1.497628
43.90,1.196146
43.91,1.213402
43.93,1.087321
43.94,1.089766
43.95,1.079390
43.96,0.983149
43.97,0.931437
43.98,0.912344
43.99,0.956066
44.00,0.886747
44.01,0.821489
44.02,0.773651
44.03,0.726229
44.04,0.801274
44.05,0.884793
44.06,0.892924
44.07,0.868870
44.09,0.820724
44.10,0.715940
44.11,0.739457
44.12,0.730688
44.13,0.703942
44.14,0.717877
44.15,0.649416
44.16,0.592568
44.17,0.601930
44.18,0.539517
44.19,0.566351
44.20,0.525600
44.21,0.485425
44.22,0.510798
44.23,0.523302
44.25,0.592420
44.26,0.520621
44.27,0.599156
44.28,0.588151
44.29,0.623985
44.30,0.601378
44.31,0.557906
44.32,0.551156
44.33,0.538514
44.34,0.561840
44.35,0.563127
44.36,0.607162
44.37,0.505448
44.38,0.522072
44.39,0.474776
44.41,0.412132
44.42,0.462539
44.43,0.446798
44.44,0.461512
44.45,0.490281
44.46,0.523838
44.47,0.563239
44.48,0.594194
44.49,0.552397
44.50,0.510203
44.51,0.572144
44.52,0.614255
44.53,0.609225
44.54,0.514528
44.55,0.519788
44.57,0.465313
44.58,0.470384
44.59,0.419145
44.60,0.405806
44.61,0.436636
44.62,0.491448
44.63,0.420366
44.64,0.382199
44.65,0.378102
44.66,0.423189
44.67,0.434703
44.68,0.407074
44.69,0.315372
44.70,0.429801
44.71,0.438759
44.73,0.369945
44.74,0.315846
44.75,0.352222
44.76,0.371200
44.77,0.372837
44.78,0.348311
44.79,0.312149
44.80,0.310300
44.81,0.324128
44.82,0.379320
44.83,0.554364
44.84,1.057090
44.85,1.181968
44.86,1.083869
44.87,0.993605
44.89,1.035396
44.90,0.938119
44.91,1.300353
44.92,1.166817
44.93,1.180609
44.94,1.290733
44.95,0.803118
44.96,0.758786
44.97,0.814280
44.98,0.879112
44.99,1.136098
45.00,0.997606
45.01,0.975971
45.02,0.978041
45.03,0.900412
45.05,0.888448
45.06,1.019468
45.07,1.254562
45.08,1.526863
45.09,1.285835
45.10,1.415543
45.11,1.101640
45.12,0.849710
45.13,0.784159
45.14,0.839059
45.15,1.041286
45.16,1.131915
45.17,1.052186
45.18,1.135902
45.19,1.010673
45.21,0.845941
45.22,0.824083
45.23,0.642511
45.24,0.740008
45.25,0.836755
45.26,0.922534
45.27,1.044289
45.28,0.876553
45.29,0.568150
45.30,0.549723
45.31,0.535622
45.32,0.824366
45.33,0.739363
45.34,0.787918
45.35,0.790917
45.37,0.709834
45.38,0.669044
45.39,0.658211
45.40,0.443862
45.41,0.523232
45.42,0.531939
45.43,0.666056
45.44,0.679790
45.45,0.564687
45.46,0.495608
45.47,0.462344
45.48,0.521510
45.49,0.542900
45.50,0.521349
45.51,0.548996
45.53,0.482222
45.54,0.472062
45.55,0.503645
45.56,0.484158
45.57,0.500853
45.58,0.460505
45.59,0.409315
45.60,0.435128
45.61,0.284278
45.62,0.241054
45.63,0.251581
45.64,0.249230
45.65,0.239048
45.66,0.236629
45.67,0.230647
45.69,0.263662
45.70,0.257542
45.71,0.258007
45.72,0.249132
45.73,0.231527
45.74,0.234397
45.75,0.265005
45.76,0.232000
45.77,0.222655
45.78,0.244319
45.79,0.338412
45.80,0.474150
45.81,1.003592
45.82,1.795847
45.83,1.998995
45.85,1.415203
45.86,1.255206
45.87,1.259459
45.88,1.069970
45.89,1.023378
45.90,0.803377
45.91,0.735812
45.92,0.762835
45.93,0.691007
45.94,0.714014
45.95,0.833497
45.96,0.855706
45.97,0.826716
45.98,0.727091
45.99,0.678355
46.01,0.670801
46.02,0.578911
46.03,0.674387
46.04,0.691333
46.05,0.641017
46.06,0.485593
46.07,0.528138
46.08,0.522403
46.09,0.469072
46.10,0.511087
46.11,0.515612
46.12,0.436206
46.13,0.499364
46.14,0.414420
46.15,0.442969
46.17,0.449700
46.18,0.377431
46.19,0.326147
46.20,0.307134
46.21,0.315263
46.22,0.342266
46.23,0.328592
46.24,0.297576
46.25,0.338474
46.26,0.372401
46.27,0.322447
46.28,0.486732
46.29,0.557495
46.30,0.700146
46.31,0.931152
46.33,1.024193
46.34,1.016061
46.35,0.966771
46.36,1.113609
46.37,0.839176
46.38,0.755923
46.39,1.023460
46.40,1.157821
46.41,1.145032
46.42,0.793323
46.43,0.550365
46.44,0.763391
46.45,0.768447
46.46,0.899445
46.47,0.930695
46.49,0.948081
46.50,1.144378
46.51,0.887216
46.52,1.098093
46.53,0.958978
46.54,1.488957
46.55,1.471573
46.56,1.443742
46.57,1.466169
46.58,0.957553
46.59,0.965225
46.60,0.697637
46.61,0.776674
46.62,1.063431
46.63,1.258418
46.65,1.327184
46.66,1.533836
46.67,0.953314
46.68,1.012542
46.69,0.632988
46.70,0.603179
46.71,0.683572
46.72,0.763050
46.73,0.986778
46.74,1.082390
46.75,0.776674
46.76,0.784528
46.77,0.548796
46.78,0.514673
46.79,0.706828
46.81,0.771897
46.82,1.044027
46.83,1.115047
46.84,0.852137
46.85,0.856394
46.86,0.544611
46.87,0.477591
46.88,0.523200
46.89,0.544987
46.90,0.517290
46.91,0.447303
46.92,0.334850
46.93,0.302234
46.94,0.312629
46.95,0.332969
46.97,0.334160
46.98,0.294994
46.99,0.306105
47.00,0.280147
47.01,0.270332
47.02,0.291523
47.03,0.297267
47.04,0.274228
47.05,0.267175
47.06,0.239055
47.07,0.278734
47.08,0.279328
47.09,0.220133
47.10,0.228999
47.11,0.287218
47.13,0.290330
47.14,0.271918
47.15,0.286489
47.16,0.333290
47.17,0.267756
47.18,0.285167
47.19,0.280994
47.20,0.262601
47.21,0.283133
47.22,0.274162
47.23,0.272303
47.24,0.243542
47.25,0.266333
47.26,0.289953
47.27,0.342201
47.29,0.345169
47.30,0.544489
47.31,0.795614
47.32,0.830712
47.33,0.738156
47.34,1.018529
47.35,0.737446
47.36,0.850931
47.37,0.857764
47.38,0.923909
47.39,0.983118
47.40,0.692733
47.41,0.563597
47.42,0.654287
47.43,0.874441
47.45,0.939789
47.46,0.952037
47.47,1.051769
47.48,1.134798
47.49,0.766046
47.50,1.049725
47.51,0.882518
47.52,1.296082
47.53,1.215420
47.54,1.732203
47.55,1.659678
47.56,1.375178
47.57,1.261408
47.58,0.816153
47.59,0.654823
47.61,0.875966
47.62,0.841120
47.63,1.365272
47.64,1.355792
47.65,1.199754
47.66,1.353991
47.67,0.738841
47.68,0.697265
47.69,0.532763
47.70,0.764360
47.71,0.892201
47.72,0.980436
47.73,0.919051
47.74,0.870004
47.75,0.587494
47.77,0.637798
47.78,0.683266
47.79,1.648164
47.80,2.060366
47.81,2.192381
47.82,1.761573
47.83,1.594461
47.84,1.524902
47.85,1.310852
47.86,1.149552
47.87,1.064294
47.88,0.967422
47.89,0.912592
47.90,0.907920
47.91,0.882511
47.93,0.828513
47.94,0.844411
47.95,0.847286
47.96,0.845317
47.97,0.780080
47.98,0.671565
47.99,0.696476
48.00,0.650399
48.01,0.597360
48.02,0.562438
48.03,0.532997
48.04,0.510887
48.05,0.517507
48.06,0.515386
48.07,0.543913
48.09,0.521738
48.10,0.464863
48.11,0.474112
48.12,0.413644
48.13,0.375891
48.14,0.327039
48.15,0.304810
48.16,0.292472
48.17,0.316916
48.18,0.307964
48.19,0.320335
48.20,0.306670
48.21,0.273609
48.22,0.266113
48.23,0.268298
48.25,0.307155
48.26,0.307672
48.27,0.311554
48.28,0.608378
48.29,0.885905
48.30,0.853790
48.31,0.847773
48.32,0.835092
48.33,0.895047
48.34,1.051161
48.35,1.112120
48.36,1.029406
48.37,1.091028
48.38,0.667378
48.39,0.628305
48.41,0.725749
48.42,0.794952
48.43,0.807572
48.44,0.909314
48.45,1.189147
48.46,1.061439
48.47,0.961309
48.48,1.027842
48.49,0.879044
48.50,1.300675
48.51,1.086338
48.52,1.512081
48.53,1.368663
48.54,1.325441
48.55,1.098251
48.57,0.735294
48.58,0.603077
48.59,0.821104
48.60,0.864795
48.61,1.388110
48.62,1.220179
48.63,1.422801
48.64,1.251268
48.65,0.847385
48.66,0.795814
48.67,0.556714
48.68,0.634158
48.69,0.680506
48.70,0.546143
48.71,0.559066
48.73,0.475925
48.74,0.647331
48.75,0.591435
48.76,0.768269
48.77,0.997980
48.78,1.238921
48.79,1.337241
48.80,1.077012
48.81,1.174674
48.82,1.110525
48.83,0.834052
48.84,0.931180
48.85,0.889809
48.86,0.946941
48.87,0.912174
48.89,1.159642
48.90,1.149668
48.91,1.101308
48.92,0.833591
48.93,0.962552
48.94,1.166069
48.95,1.200154
48.96,1.269054
48.97,1.580714
48.98,1.188742
48.99,1.560299
49.00,1.124756
49.01,1.493597
49.02,1.361299
49.03,1.559789
49.05,1.027364
49.06,1.471226
49.07,1.152964
49.08,1.491260
49.09,0.998459
49.10,1.145076
49.11,1.125724
49.12,1.401226
49.13,0.934655
49.14,1.142993
49.15,1.089058
49.16,1.298260
49.17,0.901585
49.18,0.834717
49.19,0.999300
49.21,1.080095
49.22,0.781381
49.23,0.808380
49.24,0.914066
49.25,1.071088
49.26,0.790761
49.27,0.671904
49.28,0.841846
49.29,1.009465
49.30,0.738878
49.31,0.697684
49.32,0.730332
49.33,0.900033
49.34,0.632818
49.35,0.432716
49.37,0.620371
49.38,0.710922
49.39,0.453720
49.40,0.402082
49.41,0.460929
49.42,0.480333
49.43,0.364138
49.44,0.310987
49.45,0.461267
49.46,0.492979
49.47,0.354863
49.48,0.344152
49.49,0.442616
49.50,0.430723
49.51,0.410540
49.53,0.356098
49.54,0.458698
49.55,0.457826
49.56,0.321828
49.57,0.315167
49.58,0.253525
49.59,0.249324
49.60,0.273208
49.61,0.290814
49.62,0.314890
49.63,0.292527
49.64,0.322098
49.65,0.312416
49.66,0.262431
49.67,0.303595
49.69,0.271598
49.70,0.244736
49.71,0.252454
49.72,0.285720
49.73,0.325422
49.74,0.419363
49.75,1.156361
49.76,1.911986
49.77,2.065985
49.78,1.289057
49.79,1.621261
49.80,1.305678
49.81,1.152354
49.82,1.155414
49.83,0.960478
49.85,0.974431
49.86,0.903849
49.87,0.723118
49.88,0.735084
49.89,0.718765
49.90,0.725235
49.91,0.676586
49.92,0.639107
49.93,0.605284
49.94,0.547393
49.95,0.593615
49.96,0.565583
49.97,0.540240
49.98,0.549273
49.99,0.501085
50.01,0.552616
50.02,0.497626
50.03,0.468217
50.04,0.483393
50.05,0.496457
50.06,0.450810
50.07,0.511988
50.08,0.571789
50.09,0.534474
50.10,0.473386
50.11,0.392877
50.12,0.360267
50.13,0.375737
50.14,0.401793
50.15,0.417860
50.17,0.402040
50.18,0.370221
50.19,0.350891
50.20,0.320956
50.21,0.381411
50.22,0.426657
50.23,0.419455
50.24,0.470051
50.25,1.007691
50.26,1.172280
50.27,0.948134
50.28,1.071339
50.29,1.176571
50.30,1.005329
50.31,1.086460
50.33,1.046604
50.34,0.884380
50.35,0.922639
50.36,0.798995
50.37,1.072270
50.38,1.239623
50.39,1.008654
50.40,1.011028
50.41,1.251715
50.42,0.973523
50.43,1.248644
50.44,1.355530
50.45,1.398823
50.46,1.596955
50.47,1.152226
50.49,1.502219
50.50,1.406560
50.51,1.455031
50.52,1.103161
50.53,1.303494
50.54,1.009466
50.55,1.452538
50.56,0.994668
50.57,1.126218
50.58,1.130690
50.59,1.217321
50.60,1.004423
50.61,1.069941
50.62,0.865949
50.63,1.210332
50.65,0.814118
50.66,0.890086
50.67,0.788601
50.68,0.788876
50.69,0.760354
50.70,0.704640
50.71,0.753257
50.72,0.946044
50.73,0.767856
50.74,0.744207
50.75,0.688553
50.76,0.617182
50.77,0.550125
50.78,0.538032
50.79,0.425918
50.81,0.444680
50.82,0.467761
50.83,0.411098
50.84,0.386499
50.85,0.359635
50.86,0.364907
50.87,0.358813
50.88,0.346862
50.89,0.306782
50.90,0.339461
50.91,0.335542
50.92,0.269118
50.93,0.322770
50.94,0.300390
50.95,0.356651
50.97,0.338519
50.98,0.274553
50.99,0.290085
51.00,0.272615
51.01,0.316498
51.02,0.353648
51.03,0.280215
51.04,0.269158
51.05,0.261282
51.06,0.266543
51.07,0.264416
51.08,0.254427
51.09,0.277086
51.10,0.287120
51.11,0.269780
51.13,0.256172
51.14,0.268411
51.15,0.296960
51.16,0.247730
51.17,0.248178
51.18,0.263013
51.19,0.239412
51.20,0.305496
51.21,0.313839
51.22,0.371311
51.23,0.774518
51.24,1.011258
51.25,0.903013
51.26,0.972053
51.27,0.925984
51.29,0.952533
51.30,0.835974
51.31,0.947513
51.32,0.705664
51.33,0.726304
51.34,0.760468
51.35,0.703268
51.36,0.837272
51.37,1.156234
51.38,1.160888
51.39,1.056180
51.40,1.191652
51.41,1.390886
51.42,0.863390
51.43,1.259115
51.45,0.963233
51.46,1.057549
51.47,1.167059
51.48,1.010963
51.49,1.208717
51.50,1.090242
51.51,1.081251
51.52,0.859358
51.53,0.851339
51.54,0.739967
51.55,0.970445
51.56,0.676617
51.57,1.009343
51.58,0.756043
51.59,0.814667
51.61,0.547499
51.62,0.777873
51.63,0.735883
51.64,0.811591
51.65,0.451914
51.66,0.609943
51.67,0.557880
51.68,0.539178
51.69,0.591739
51.70,0.676368
51.71,0.882594
51.72,1.856966
51.73,2.217305
51.74,1.506673
51.75,1.617879
51.77,1.826121
51.78,1.370987
51.79,1.145795
51.80,1.151901
51.81,1.241520
51.82,1.199825
51.83,0.980139
51.84,0.883874
51.85,0.721785
51.86,0.811346
51.87,0.865614
51.88,0.782932
51.89,0.765192
51.90,0.830779
51.91,0.791809
51.93,0.826102
51.94,0.810121
51.95,0.765062
51.96,0.775882
51.97,0.860596
51.98,0.818140
51.99,0.746182
52.00,0.756225
52.01,0.776891
52.02,0.722762
52.03,0.762697
52.04,0.695205
52.05,0.667808
52.06,0.688304
52.07,0.657802
52.09,0.606763
52.10,0.604049
52.11,0.593451
52.12,0.548081
52.13,0.558478
52.14,0.598287
52.15,0.629170
52.16,0.622143
52.17,0.563389
52.18,0.617952
52.19,0.667507
52.20,0.639870
52.21,0.583676
52.22,0.630417
52.23,0.684942
52.25,0.586304
52.26,0.546461
52.27,0.625848
52.28,0.600742
52.29,0.605599
52.30,0.518558
52.31,0.549417
52.32,0.595561
52.33,0.630051
52.34,0.666864
52.35,0.679611
52.36,0.692657
52.37,0.774345
52.38,0.741085
52.39,0.782360
52.41,0.689229
52.42,0.611819
52.43,0.654241
52.44,0.655747
52.45,0.695995
52.46,0.666600
52.47,0.615108
52.48,0.622619
52.49,0.575162
52.50,0.589360
52.51,0.592791
52.52,0.576684
52.53,0.619642
52.54,0.601789
52.55,0.588867
52.57,0.619512
52.58,0.514232
52.59,0.483807
52.60,0.407276
52.61,0.453424
52.62,0.512991
52.63,0.466952
52.64,0.535774
52.65,0.515527
52.66,0.432566
52.67,0.442397
52.68,0.387332
52.69,0.424761
52.70,0.629013
52.71,0.893034
52.73,1.159277
52.74,1.083391
52.75,0.994900
52.76,0.985570
52.77,0.983526
52.78,0.908627
52.79,0.836165
52.80,0.844429
52.81,0.889377
52.82,1.226876
52.83,1.487920
52.84,1.174633
52.85,1.120857
52.86,1.347586
52.87,1.588285
52.89,1.592416
52.90,1.168310
52.91,1.178754
52.92,0.891738
52.93,1.009291
52.94,1.076463
52.95,1.367870
52.96,1.202546
52.97,1.380610
52.98,1.221333
52.99,0.794000
53.00,0.824552
53.01,0.864534
53.02,1.109847
53.03,1.354202
53.05,1.305233
53.06,1.015987
53.07,1.171694
53.08,0.635266
53.09,0.818049
53.10,1.009407
53.11,1.126023
53.12,1.041549
53.13,1.026230
53.14,0.713695
53.15,0.517212
53.16,0.657380
53.17,0.772563
53.18,1.205446
53.19,1.020915
53.21,0.873971
53.22,0.619621
53.23,0.549601
53.24,0.826477
53.25,0.829485
53.26,0.858624
53.27,0.881624
53.28,0.745021
53.29,0.553143
53.30,0.529930
53.31,0.552456
53.32,0.506656
53.33,0.435935
53.34,0.510447
53.35,0.532306
53.37,0.576676
53.38,0.600495
53.39,0.469272
53.40,0.509938
53.41,0.506600
53.42,0.501948
53.43,0.597561
53.44,0.548661
53.45,0.512837
53.46,0.515311
53.47,0.558789
53.48,0.508214
53.49,0.466954
53.50,0.518622
53.51,0.594088
53.53,0.550713
53.54,0.487310
53.55,0.455164
53.56,0.386750
53.57,0.363256
53.58,0.335403
53.59,0.314069
53.60,0.336003
53.61,0.330490
53.62,0.273958
53.63,0.277190
53.64,0.298144
53.65,0.344258
53.66,0.409444
53.67,0.491718
53.69,1.220098
53.70,1.869080
53.71,1.972807
53.72,1.483649
53.73,1.532763
53.74,1.293100
53.75,1.187789
53.76,1.020068
53.77,0.882394
53.78,0.812129
53.79,0.771266
53.80,0.843411
53.81,0.820098
53.82,0.800224
53.83,0.757693
53.85,0.743187
53.86,0.755093
53.87,0.652689
53.88,0.496418
53.89,0.635339
53.90,0.604979
53.91,0.617166
53.92,0.580780
53.93,0.561124
53.94,0.503531
53.95,0.469983
53.96,0.427998
53.97,0.390372
53.98,0.391226
53.99,0.472182
54.01,0.455065
54.02,0.454473
54.03,0.414968
54.04,0.434651
54.05,0.449415
54.06,0.422327
54.07,0.415376
54.08,0.390392
54.09,0.358179
54.10,0.372347
54.11,0.380999
54.12,0.347786
54.13,0.391253
54.14,0.377355
54.15,0.397455
54.17,0.404624
54.18,0.468512
54.19,0.851068
54.20,0.918532
54.21,0.784664
54.22,0.731283
54.23,0.762539
54.24,0.704323
54.25,0.817574
54.26,0.851198
54.27,0.811830
54.28,1.011382
54.29,1.135775
54.30,1.364155
54.31,1.064802
54.33,1.173428
54.34,1.490285
54.35,1.327495
54.36,1.190088
54.37,1.302854
54.38,1.462486
54.39,0.989622
54.40,1.150027
54.41,0.936569
54.42,1.306423
54.43,1.116333
54.44,1.500787
54.45,1.121272
54.46,1.065908
54.47,0.935700
54.49,1.116226
54.50,1.111295
54.51,1.148634
54.52,1.128859
54.53,1.178553
54.54,0.997756
54.55,0.715171
54.56,0.716136
54.57,0.617868
54.58,0.868129
54.59,0.855102
54.60,0.865125
54.61,0.691560
54.62,0.707286
54.63,0.562527
54.65,0.648731
54.66,0.749595
54.67,0.927216
54.68,0.883636
54.69,0.827862
54.70,0.681427
54.71,0.609642
54.72,0.819261
54.73,0.679262
54.74,0.875351
54.75,0.638913
54.76,0.547808
54.77,0.456165
54.78,0.532081
54.79,0.509513
54.81,0.374589
54.82,0.363539
54.83,0.368436
54.84,0.374142
54.85,0.354904
54.86,0.342758
54.87,0.357367
54.88,0.328257
54.89,0.351191
54.90,0.298153
54.91,0.328898
54.92,0.325262
54.93,0.317852
54.94,0.284542
54.95,0.254954
54.97,0.304607
54.98,0.327285
54.99,0.321258
55.00,0.330944
55.01,0.314043
55.02,0.303679
55.03,0.292927
55.04,0.319949
55.05,0.305905
55.06,0.273261
55.07,0.244324
55.08,0.253625
55.09,0.253596
55.10,0.276986
55.11,0.287717
55.13,0.299201
55.14,0.331138
55.15,0.418621
55.16,0.509902
55.17,0.719835
55.18,0.932754
55.19,0.775636
55.20,0.636152
55.21,0.720835
55.22,0.675009
55.23,0.814939
55.24,0.614458
55.25,0.609001
55.26,0.673905
55.27,0.760895
55.29,0.925793
55.30,0.894740
55.31,1.174659
55.32,1.470734
55.33,1.137631
55.34,1.168516
55.35,1.298610
55.36,1.098094
55.37,0.828802
55.38,0.960958
55.39,0.943101
55.40,1.368168
55.41,1.157341
55.42,1.568892
55.43,0.873205
55.45,1.143843
55.46,0.725426
55.47,1.025435
55.48,1.081483
55.49,1.231157
55.50,0.972902
55.51,1.114662
55.52,0.728210
55.53,0.665488
55.54,0.662147
55.55,0.811139
55.56,0.891433
55.57,0.911904
55.58,0.674888
55.59,0.472476
55.61,0.450900
55.62,0.326579
55.63,0.627382
55.64,0.686302
55.65,0.854732
55.66,1.898212
55.67,2.087562
55.68,1.953246
55.69,1.670219
55.70,1.494051
55.71,1.094861
55.72,1.352027
55.73,1.076641
55.74,0.939669
55.75,0.942447
55.77,1.024541
55.78,0.996197
55.79,0.988194
55.80,0.978056
55.81,0.880080
55.82,0.960114
55.83,0.910096
55.84,0.865721
55.85,0.843568
55.86,0.708160
55.87,0.767099
55.88,0.698374
55.89,0.713502
55.90,0.664820
55.91,0.671662
55.93,0.622599
55.94,0.674509
55.95,0.687653
55.96,0.662557
55.97,0.736552
55.98,0.676789
55.99,0.553522
56.00,0.577996
56.01,0.530761
56.02,0.557591
56.03,0.584239
56.04,0.531429
56.05,0.508741
56.06,0.509398
56.07,0.563090
56.09,0.547674
56.10,0.449447
56.11,0.424273
56.12,0.441977
56.13,0.535277
56.14,0.543545
56.15,0.522227
56.16,0.469900
56.17,0.547539
56.18,0.573496
56.19,0.829787
56.20,0.959008
56.21,0.714941
56.22,0.560262
56.23,0.697885
56.25,0.748498
56.26,0.570878
56.27,0.571812
56.28,0.495008
56.29,0.521178
56.30,0.427471
56.31,0.484849
56.32,0.437458
56.33,0.437394
56.34,0.457621
56.35,0.414074
56.36,0.464011
56.37,0.552155
56.38,0.476298
56.39,0.431815
56.41,0.495915
56.42,0.459397
56.43,0.436471
56.44,0.419071
56.45,0.499154
56.46,0.497229
56.47,0.452298
56.48,0.456098
56.49,0.458646
56.50,0.416326
56.51,0.406738
56.52,0.432282
56.53,0.395897
56.54,0.397475
56.55,0.404733
56.57,0.391141
56.58,0.437381
56.59,0.371831
56.60,0.379711
56.61,0.389583
56.62,0.481967
56.63,0.544130
56.64,0.803549
56.65,0.909363
56.66,1.013272
56.67,1.078683
56.68,0.846710
56.69,0.714850
56.70,0.964440
56.71,0.859785
56.73,0.848474
56.74,0.607331
56.75,0.675386
56.76,0.919656
56.77,1.104016
56.78,0.852249
56.79,0.728533
56.80,0.803200
56.81,1.049557
56.82,1.083543
56.83,0.849911
56.84,0.964118
56.85,0.842143
56.86,1.081933
56.87,0.945790
56.89,1.536783
56.90,1.225335
56.91,1.419108
56.92,1.351953
56.93,1.199035
56.94,1.205091
56.95,0.715471
56.96,0.805403
56.97,0.573157
56.98,0.545355
56.99,0.799717
57.00,0.698371
57.01,1.050416
57.02,0.990251
57.03,1.236046
57.05,1.371870
57.06,0.992644
57.07,1.136042
57.08,0.717047
57.09,0.672655
57.10,0.562935
57.11,0.519723
57.12,0.617650
57.13,0.663449
57.14,1.022902
57.15,0.833777
57.16,1.193704
57.17,1.028053
57.18,0.794073
57.19,0.811151
57.21,0.560069
57.22,0.540640
57.23,0.499167
57.24,0.531319
57.25,0.498916
57.26,0.538472
57.27,0.463676
57.28,0.503435
57.29,0.546797
57.30,0.474146
57.31,0.454931
57.32,0.499328
57.33,0.515376
57.34,0.528861
57.35,0.617205
57.37,0.494845
57.38,0.510633
57.39,0.514888
57.40,0.442210
57.41,0.423586
57.42,0.448201
57.43,0.317515
57.44,0.278519
57.45,0.312358
57.46,0.307724
57.47,0.286478
57.48,0.268897
57.49,0.257932
57.50,0.240296
57.51,0.244631
57.53,0.227737
57.54,0.279768
57.55,0.325237
57.56,0.314253
57.57,0.251728
57.58,0.295346
57.59,0.330729
57.60,0.497512
57.61,0.620903
57.62,1.526054
57.63,1.744573
57.64,1.755825
57.65,1.553722
57.66,1.714906
57.67,1.551294
57.69,1.244910
57.70,1.079097
57.71,1.015954
57.72,0.890346
57.73,0.995834
57.74,0.905458
57.75,0.805838
57.76,0.836050
57.77,0.852709
57.78,0.734107
57.79,0.645678
57.80,0.635449
57.81,0.588125
57.82,0.550922
57.83,0.543846
57.85,0.552008
57.86,0.573278
57.87,0.617559
57.88,0.600249
57.89,0.528194
57.90,0.405674
57.91,0.442912
57.92,0.419386
57.93,0.419916
57.94,0.434701
57.95,0.422242
57.96,0.433559
57.97,0.431778
57.98,0.417134
57.99,0.397722
58.01,0.349245
58.02,0.386660
58.03,0.352169
58.04,0.308038
58.05,0.301308
58.06,0.359671
58.07,0.380300
58.08,0.335610
58.09,0.398597
58.10,0.491997
58.11,0.594698
58.12,0.911811
58.13,0.926297
58.14,0.856754
58.15,0.911904
58.17,0.970815
58.18,1.020015
58.19,0.963191
58.20,0.967684
58.21,0.873792
58.22,0.914696
58.23,0.995918
58.24,0.931850
58.25,0.853542
58.26,0.920640
58.27,1.189782
58.28,1.098832
58.29,0.921265
58.30,1.023974
58.31,0.876618
58.33,1.051423
58.34,1.078071
58.35,1.204425
58.36,1.343523
58.37,1.194252
58.38,1.625692
58.39,1.352602
58.40,1.475974
58.41,1.193815
58.42,0.921900
58.43,0.936025
58.44,0.721487
58.45,0.684330
58.46,0.839778
58.47,0.829989
58.49,1.128413
58.50,0.928812
58.51,1.337696
58.52,1.194747
58.53,1.166900
58.54,1.052989
58.55,0.808124
58.56,0.712175
58.57,0.457325
58.58,0.560073
58.59,0.651929
58.60,0.792407
58.61,0.847412
58.62,0.761871
58.63,0.910872
58.65,0.631548
58.66,0.629080
58.67,0.636808
58.68,0.536178
58.69,0.547576
58.70,0.492243
58.71,0.330891
58.72,0.346086
58.73,0.293349
58.74,0.279423
58.75,0.251357
58.76,0.296783
58.77,0.272474
58.78,0.255337
58.79,0.273614
58.81,0.272752
58.82,0.292883
58.83,0.300784
58.84,0.249948
58.85,0.248533
58.86,0.258623
58.87,0.272793
58.88,0.270312
58.89,0.231306
58.90,0.239283
58.91,0.243379
58.92,0.253823
58.93,0.229154
58.94,0.184849
58.95,0.199500
58.97,0.229034
58.98,0.222721
58.99,0.196324
59.00,0.185271
59.01,0.199771
59.02,0.208727
59.03,0.212927
59.04,0.225731
59.05,0.275907
59.06,0.301031
59.07,0.338908
59.08,0.330897
59.09,0.474318
59.10,0.870992
59.11,1.007535
59.13,0.742282
59.14,0.664170
59.15,0.742482
59.16,0.724167
59.17,1.069266
59.18,0.941745
59.19,0.867481
59.20,0.648825
59.21,0.759995
59.22,0.867532
59.23,0.711379
59.24,0.911067
59.25,0.938254
59.26,0.950882
59.27,0.964680
59.29,1.267370
59.30,1.025570
59.31,1.130616
59.32,1.055286
59.33,1.050499
59.34,1.349993
59.35,1.104687
59.36,1.472091
59.37,1.014123
59.38,0.990828
59.39,0.855823
59.40,0.986082
59.41,0.759927
59.42,0.814783
59.43,0.603642
59.45,0.840566
59.46,0.722459
59.47,1.032949
59.48,0.828252
59.49,1.004338
59.50,0.828456
59.51,0.979176
59.52,0.777817
59.53,0.871013
59.54,0.657234
59.55,0.599388
59.56,0.528760
59.57,0.652669
59.58,1.163273
59.59,1.880223
59.61,2.089267
59.62,1.597170
59.63,1.566293
59.64,1.573592
59.65,1.460246
59.66,1.382482
59.67,1.436196
59.68,1.032785
59.69,1.172473
59.70,1.058570
59.71,0.986997
59.72,1.023002
59.73,0.978916
59.74,0.868228
59.75,0.950468
59.77,0.871091
59.78,0.869545
59.79,0.925959
59.80,0.936656
59.81,0.800683
59.82,0.816057
59.83,0.777865
59.84,0.700442
59.85,0.664449
59.86,0.690187
59.87,0.771570
59.88,0.722117
59.89,0.762542
59.90,0.651680
59.91,0.673161
59.93,0.707205
59.94,0.741494
59.95,0.601512
59.96,0.599992
59.97,0.661375
59.98,0.627162
59.99,0.658126
60.00,0.560200
60.01,0.571726
60.02,0.605624
60.03,0.572783
60.04,0.541796
60.05,0.554612
60.06,0.622395
60.07,0.619162
60.09,0.579340
60.10,0.687336
60.11,0.676636
60.12,0.675584
60.13,0.634976
60.14,0.542941
60.15,0.525845
60.16,0.628520
60.17,0.626644
60.18,0.602850
60.19,0.558250
60.20,0.543199
60.21,0.556918
60.22,0.526715
60.23,0.539913
60.25,0.530557
60.26,0.622163
60.27,0.578318
60.28,0.586990
60.29,0.502364
60.30,0.477244
60.31,0.494800
60.32,0.481819
60.33,0.504509
60.34,0.399197
60.35,0.529751
60.36,0.479559
60.37,0.503288
60.38,0.449435
60.39,0.420996
60.41,0.440285
60.42,0.398768
60.43,0.451812
60.44,0.375938
60.45,0.463011
60.46,0.437832
60.47,0.470226
60.48,0.379754
60.49,0.386235
60.50,0.430902
60.51,0.356104
60.52,0.483436
60.53,0.442849
60.54,0.492419
60.55,0.527612
60.57,0.591929
60.58,0.873369
60.59,1.078526
60.60,1.180649
60.61,1.013599
60.62,1.145794
60.63,1.071827
60.64,1.305436
60.65,0.978723
60.66,0.780764
60.67,1.051316
60.68,0.803634
60.69,0.884231
60.70,0.987806
60.71,0.962109
60.73,0.621120
60.74,0.842935
60.75,0.952093
60.76,1.217411
60.77,0.833803
60.78,1.064333
60.79,1.078188
60.80,0.840562
60.81,1.078780
60.82,0.903315
60.83,0.908634
60.84,0.912593
60.85,0.806952
60.86,1.011810
60.87,0.871999
60.89,0.970226
60.90,0.982993
60.91,1.087103
60.92,1.072453
60.93,1.274647
60.94,1.083932
60.95,1.098596
60.96,1.280941
60.97,0.944402
60.98,1.300335
60.99,0.838264
61.00,0.944714
61.01,0.757991
61.02,0.635614
61.03,0.626555
61.05,0.520744
61.06,0.451437
61.07,0.486527
61.08,0.476351
61.09,0.490020
61.10,0.543300
61.11,0.617440
61.12,0.697309
61.13,0.695082
61.14,0.618377
61.15,0.622675
61.16,0.529789
61.17,0.524137
61.18,0.531164
61.19,0.507508
61.21,0.364781
61.22,0.476205
61.23,0.478542
61.24,0.417951
61.25,0.514564
61.26,0.534331
61.27,0.503022
61.28,0.399708
61.29,0.469835
61.30,0.480547
61.31,0.441358
61.32,0.507934
61.33,0.575862
61.34,0.555293
61.35,0.400348
61.37,0.399180
61.38,0.439782
61.39,0.372223
61.40,0.365906
61.41,0.318468
61.42,0.325095
61.43,0.329541
61.44,0.339828
61.45,0.367782
61.46,0.272751
61.47,0.298168
61.48,0.338330
61.49,0.375633
61.50,0.386990
61.51,0.407479
61.53,0.540477
61.54,0.542952
61.55,0.638310
61.56,1.436746
61.57,1.812324
61.58,1.831100
61.59,1.424235
61.60,1.547077
61.61,1.300536
61.62,1.073347
61.63,1.032131
61.64,0.920721
61.65,0.779591
61.66,0.975680
61.67,1.167667
61.69,1.244437
61.70,1.026215
61.71,1.138390
61.72,0.853693
61.73,0.692716
61.74,0.610150
61.75,0.633225
61.76,0.593862
61.77,0.622487
61.78,0.571582
61.79,0.582664
61.80,0.593869
61.81,0.477523
61.82,0.407842
61.83,0.420599
61.85,0.423143
61.86,0.429930
61.87,0.441590
61.88,0.416622
61.89,0.427321
61.90,0.408502
61.91,0.408784
61.92,0.433082
61.93,0.399354
61.94,0.369373
61.95,0.335919
61.96,0.384780
61.97,0.361278
61.98,0.362396
61.99,0.381934
62.01,0.379977
62.02,0.373204
62.03,0.385826
62.04,0.440994
62.05,0.597429
62.06,0.796208
62.07,0.785603
62.08,0.785092
62.09,0.915427
62.10,0.942708
62.11,1.484205
62.12,1.057000
62.13,1.092568
62.14,0.817471
62.15,1.021593
62.17,0.988773
62.18,0.791492
62.19,0.746467
62.20,0.838273
62.21,0.839165
62.22,1.515558
62.23,1.255565
62.24,1.423221
62.25,1.587466
62.26,1.318093
62.27,1.550428
62.28,1.177325
62.29,1.294242
62.30,1.215168
62.31,1.030322
62.33,1.021042
62.34,0.866805
62.35,0.829286
62.36,0.743205
62.37,0.761622
62.38,0.855743
62.39,0.805435
62.40,0.770176
62.41,0.940723
62.42,0.955605
62.43,0.864984
62.44,1.169473
62.45,0.994531
62.46,1.032463
62.47,0.933280
62.49,0.933974
62.50,0.969087
62.51,0.967874
62.52,0.892521
62.53,1.005729
62.54,0.779685
62.55,0.795581
62.56,0.861125
62.57,0.644664
62.58,0.628421
62.59,0.633702
62.60,0.565562
62.61,0.574055
62.62,0.526453
62.63,0.567629
62.65,0.575398
62.66,0.453893
62.67,0.511086
62.68,0.489522
62.69,0.495813
62.70,0.532785
62.71,0.571175
62.72,0.547165
62.73,0.422740
62.74,0.384041
62.75,0.392035
62.76,0.447231
62.77,0.475023
62.78,0.503734
62.79,0.454295
62.81,0.406572
62.82,0.424040
62.83,0.394739
62.84,0.431624
62.85,0.470540
62.86,0.442922
62.87,0.388468
62.88,0.348126
62.89,0.422358
62.90,0.462001
62.91,0.477446
62.92,0.409683
62.93,0.454389
62.94,0.386377
62.95,0.367283
62.97,0.414265
62.98,0.446764
62.99,0.462481
63.00,0.473501
63.01,0.534525
63.02,0.486199
63.03,0.612138
63.04,1.012905
63.05,1.069249
63.06,1.239881
63.07,1.050560
63.08,1.190624
63.09,1.446705
63.10,1.253627
63.11,1.003204
63.13,0.969822
63.14,1.143360
63.15,0.963868
63.16,0.914976
63.17,0.873988
63.18,0.807413
63.19,0.947148
63.20,1.050513
63.21,1.027483
63.22,1.048665
63.23,1.342283
63.24,1.017354
63.25,1.275271
63.26,0.846265
63.27,0.899270
63.29,0.902997
63.30,0.773690
63.31,0.790766
63.32,0.913017
63.33,0.797989
63.34,0.860828
63.35,0.855117
63.36,0.915732
63.37,0.891570
63.38,1.131251
63.39,1.011726
63.40,1.234131
63.41,0.859792
63.42,1.267025
63.43,1.006550
63.45,1.026223
63.46,1.061494
63.47,0.949263
63.48,0.951445
63.49,0.790893
63.50,0.715488
63.51,0.690353
63.52,1.210846
63.53,1.693293
63.54,2.031533
63.55,1.497075
63.56,1.371861
63.57,1.623244
63.58,1.291812
63.59,1.283721
63.61,1.343998
63.62,1.187800
63.63,1.050418
63.64,0.952314
63.65,0.833414
63.66,0.792556
63.67,0.762082
63.68,0.829127
63.69,0.816817
63.70,0.695770
63.71,0.731092
63.72,0.849762
63.73,0.830872
63.74,0.795571
63.75,0.744717
63.77,0.786302
63.78,0.601441
63.79,0.607279
63.80,0.637067
63.81,0.628161
63.82,0.540331
63.83,0.602791
63.84,0.612850
63.85,0.522746
63.86,0.498621
63.87,0.484402
63.88,0.410586
63.89,0.437482
63.90,0.476713
63.91,0.494511
63.93,0.490133
63.94,0.453702
63.95,0.451030
63.96,0.459265
63.97,0.421019
63.98,0.430296
63.99,0.446918
64.00,0.437511
64.01,0.416655
64.02,0.820963
64.03,0.935543
64.04,0.787767
64.05,0.790827
64.06,0.877888
64.07,1.019063
64.09,0.726481
64.10,0.827808
64.11,0.847733
64.12,0.830874
64.13,1.008903
64.14,0.892044
64.15,0.769255
64.16,0.672638
64.17,0.952146
64.18,1.125529
64.19,1.088450
64.20,1.465150
64.21,1.456273
64.22,1.424687
64.23,1.506143
64.25,1.209307
64.26,1.162928
64.27,1.051509
64.28,1.088039
64.29,0.853549
64.30,1.254585
64.31,1.035811
64.32,1.228086
64.33,1.017967
64.34,1.036345
64.35,0.901412
64.36,0.917927
64.37,0.741747
64.38,0.915520
64.39,0.799475
64.41,1.119724
64.42,0.869462
64.43,0.742250
64.44,0.675222
64.45,0.545867
64.46,0.546728
64.47,0.571028
64.48,0.697383
64.49,0.837560
64.50,0.841295
64.51,1.110708
64.52,1.284405
64.53,1.271222
64.54,1.059281
64.55,1.255867
64.57,1.193777
64.58,1.106283
64.59,1.227101
64.60,0.779969
64.61,0.949494
64.62,1.007743
64.63,1.042890
64.64,1.019179
64.65,0.911842
64.66,0.775932
64.67,1.074966
64.68,1.073766
64.69,1.342987
64.70,1.127029
64.71,1.099361
64.73,1.040900
64.74,0.890241
64.75,1.119289
64.76,0.974672
64.77,0.927456
64.78,0.829109
64.79,0.901941
64.80,0.949601
64.81,0.945888
64.82,0.953557
64.83,1.000466
64.84,1.034957
64.85,1.082245
64.86,1.157425
64.87,1.113605
64.89,1.117400
64.90,1.279200
64.91,0.980631
64.92,1.172072
64.93,0.803548
64.94,0.870336
64.95,0.755856
64.96,0.637774
64.97,0.629055
64.98,0.551505
64.99,0.548307
65.00,0.491262
65.01,0.507256
65.02,0.553480
65.03,0.513561
65.05,0.544046
65.06,0.614427
65.07,0.632470
65.08,0.541446
65.09,0.603825
65.10,0.609077
65.11,0.633853
65.12,0.628658
65.13,0.581210
65.14,0.509716
65.15,0.518661
65.16,0.551277
65.17,0.524741
65.18,0.572978
65.19,0.581249
65.21,0.642658
65.22,0.523580
65.23,0.413136
65.24,0.468623
65.25,0.449904
65.26,0.382730
65.27,0.362147
65.28,0.416867
65.29,0.372379
65.30,0.373273
65.31,0.379391
65.32,0.418449
65.33,0.387627
65.34,0.404863
65.35,0.414413
65.37,0.391425
65.38,0.387238
65.39,0.377716
65.40,0.393715
65.41,0.351710
65.42,0.396763
65.43,0.398840
65.44,0.359259
65.45,0.380117
65.46,0.466978
65.47,0.471167
65.48,0.436963
65.49,1.521351
65.50,2.040543
65.51,1.677973
65.53,1.603575
65.54,1.657681
65.55,1.156747
65.56,1.100504
65.57,0.906196
65.58,0.861408
65.59,0.814924
65.60,0.804849
65.61,0.813694
65.62,0.765168
65.63,0.880949
65.64,0.843859
65.65,0.706485
65.66,0.746999
65.67,0.670154
65.69,0.686629
65.70,0.642192
65.71,0.438104
65.72,0.452357
65.73,0.437111
65.74,0.464644
65.75,0.451258
65.76,0.431555
65.77,0.503705
65.78,0.499943
65.79,0.439166
65.80,0.402164
65.81,0.423243
65.82,0.359917
65.83,0.327984
65.85,0.412685
65.86,0.398004
65.87,0.353988
65.88,0.325567
65.89,0.303793
65.90,0.297740
65.91,0.265767
65.92,0.315591
65.93,0.352298
65.94,0.389713
65.95,0.401986
65.96,0.391993
65.97,0.378215
65.98,0.646774
65.99,0.997310
66.01,0.951773
66.02,0.762045
66.03,0.833873
66.04,0.949651
66.05,1.007560
66.06,0.844011
66.07,0.794802
66.08,0.620725
66.09,0.865666
66.10,0.842317
66.11,0.738600
66.12,0.661497
66.13,0.779441
66.14,0.749740
66.15,1.395688
66.17,1.420132
66.18,1.203092
66.19,1.537278
66.20,1.388684
66.21,1.413434
66.22,1.324380
66.23,1.225377
66.24,1.183530
66.25,0.882402
66.26,1.035451
66.27,0.749858
66.28,0.689743
66.29,0.730049
66.30,0.689600
66.31,0.831745
66.33,0.771832
66.34,0.906681
66.35,0.875559
66.36,0.980838
66.37,0.933525
66.38,1.116857
66.39,1.027976
66.40,0.981246
66.41,0.916995
66.42,0.850727
66.43,0.842269
66.44,0.819680
66.45,0.737271
66.46,0.725807
66.47,0.677898
66.49,0.559097
66.50,0.643726
66.51,0.542406
66.52,0.527954
66.53,0.422136
66.54,0.494433
66.55,0.532214
66.56,0.522267
66.57,0.527113
66.58,0.444738
66.59,0.365460
66.60,0.385429
66.61,0.351080
66.62,0.379107
66.63,0.353791
66.65,0.359459
66.66,0.396693
66.67,0.319311
66.68,0.325878
66.69,0.310316
66.70,0.287907
66.71,0.309782
66.72,0.317523
66.73,0.342134
66.74,0.299332
66.75,0.330935
66.76,0.282619
66.77,0.276006
66.78,0.271727
66.79,0.274368
66.81,0.305600
66.82,0.261295
66.83,0.252773
66.84,0.275081
66.85,0.246190
66.86,0.255542
66.87,0.232831
66.88,0.206964
66.89,0.223790
66.90,0.261264
66.91,0.253201
66.92,0.243878
66.93,0.265262
66.94,0.368765
66.95,0.413898
66.97,0.503902
66.98,0.852014
66.99,0.956834
67.00,0.709242
67.01,0.654946
67.02,0.731133
67.03,1.110287
67.04,0.753656
67.05,0.748292
67.06,0.598020
67.07,0.765355
67.08,0.740832
67.09,0.679445
67.10,0.506429
67.11,0.630724
67.13,0.798522
67.14,1.321036
67.15,1.198614
67.16,1.301869
67.17,1.338053
67.18,1.165200
67.19,1.438275
67.20,1.078907
67.21,1.337160
67.22,0.939194
67.23,1.010237
67.24,0.893124
67.25,0.719836
67.26,0.719775
67.27,0.672860
67.29,0.629772
67.30,0.772588
67.31,0.685085
67.32,0.842234
67.33,0.741375
67.34,0.953774
67.35,0.876122
67.36,1.120951
67.37,0.904629
67.38,1.037849
67.39,0.750665
67.40,0.877208
67.41,0.822835
67.42,0.787151
67.43,0.886589
67.45,0.971044
67.46,1.514101
67.47,2.016368
67.48,1.949032
67.49,1.417831
67.50,1.607110
67.51,1.175662
67.52,1.249987
67.53,1.170293
67.54,1.247881
67.55,1.273448
67.56,1.229650
67.57,1.018638
67.58,0.988892
67.59,1.026786
67.61,0.854399
67.62,0.845126
67.63,0.829567
67.64,0.684732
67.65,0.696995
67.66,0.623806
67.67,0.747928
67.68,0.628470
67.69,0.655066
67.70,0.644998
67.71,0.600353
67.72,0.548187
67.73,0.539840
67.74,0.518519
67.75,0.549142
67.77,0.459134
67.78,0.440183
67.79,0.428762
67.80,0.372397
67.81,0.317077
67.82,0.298940
67.83,0.303826
67.84,0.303536
67.85,0.317831
67.86,0.291564
67.87,0.306063
67.88,0.321696
67.89,0.289515
67.90,0.355671
67.91,0.447608
67.93,0.494480
67.94,0.561936
67.95,1.057346
67.96,1.737280
67.97,2.150753
67.98,1.527924
67.99,1.845112
68.00,1.457338
68.01,1.148933
68.02,1.175406
68.03,1.147061
68.04,0.865464
68.05,0.705224
68.06,0.615427
68.07,0.609814
68.09,0.684292
68.10,0.837881
68.11,0.753640
68.12,0.752190
68.13,0.806364
68.14,0.690467
68.15,0.735996
68.16,0.739282
68.17,0.624561
68.18,0.596203
68.19,0.561428
68.20,0.585747
68.21,0.554839
68.22,0.536089
68.23,0.570744
68.25,0.563582
68.26,0.547527
68.27,0.547156
68.28,0.525734
68.29,0.426173
68.30,0.475657
68.31,0.529930
68.32,0.511403
68.33,0.506652
68.34,0.555690
68.35,0.544064
68.36,0.516463
68.37,0.519579
68.38,0.538058
68.39,0.517920
68.41,0.576200
68.42,0.564211
68.43,0.572522
68.44,0.877246
68.45,1.084685
68.46,1.137692
68.47,1.131298
68.48,1.023286
68.49,0.829681
68.50,0.800619
68.51,1.058715
68.52,1.004464
68.53,0.722199
68.54,0.852224
68.55,1.016182
68.57,1.297625
68.58,1.031281
68.59,1.198842
68.60,1.509588
68.61,1.507284
68.62,1.229052
68.63,1.296344
68.64,1.204759
68.65,0.855738
68.66,1.039205
68.67,1.129786
68.68,1.379748
68.69,1.266708
68.70,1.639467
68.71,1.158585
68.73,1.058946
68.74,0.819398
68.75,0.971047
68.76,1.232206
68.77,1.280115
68.78,1.114914
68.79,0.978090
68.80,0.930068
68.81,0.557429
68.82,0.741877
68.83,0.820697
68.84,0.949040
68.85,0.976852
68.86,1.031625
68.87,0.750529
68.89,0.735215
68.90,0.592452
68.91,0.873924
68.92,1.141256
68.93,0.953353
68.94,0.998224
68.95,0.709190
68.96,0.728680
68.97,0.751608
68.98,0.958477
68.99,0.910125
69.00,0.955913
69.01,0.700108
69.02,0.634511
69.03,0.560235
69.05,0.623292
69.06,0.572957
69.07,0.553259
69.08,0.631799
69.09,0.648443
69.10,0.631132
69.11,0.646054
69.12,0.437102
69.13,0.418386
69.14,0.379639
69.15,0.430437
69.16,0.467940
69.17,0.472377
69.18,0.457052
69.19,0.434694
69.21,0.460534
69.22,0.447097
69.23,0.466234
69.24,0.454919
69.25,0.457916
69.26,0.447508
69.27,0.372323
69.28,0.404076
69.29,0.389908
69.30,0.393188
69.31,0.408941
69.32,0.333345
69.33,0.375254
69.34,0.410076
69.35,0.409584
69.37,0.447301
69.38,0.439665
69.39,0.414744
69.40,0.496915
69.41,0.544170
69.42,0.610876
69.43,1.841975
69.44,2.102229
69.45,1.363033
69.46,1.326806
69.47,1.386831
69.48,1.206136
69.49,1.179110
69.50,1.071118
69.51,1.004625
69.53,0.873944
69.54,0.795492
69.55,0.754986
69.56,0.745748
69.57,0.740823
69.58,0.723181
69.59,0.679956
69.60,0.717003
69.61,0.708855
69.62,0.678771
69.63,0.678207
69.64,0.537020
69.65,0.522454
69.66,0.518834
69.67,0.479828
69.69,0.514396
69.70,0.522692
69.71,0.485452
69.72,0.510113
69.73,0.511318
69.74,0.488939
69.75,0.497100
69.76,0.499042
69.77,0.401453
69.78,0.454871
69.79,0.457579
69.80,0.433491
69.81,0.418464
69.82,0.434722
69.83,0.457714
69.85,0.435928
69.86,0.436060
69.87,0.501215
69.88,0.520025
69.89,0.522482
69.90,0.477990
69.91,0.468336
69.92,0.782389
69.93,0.959209
69.94,0.834024
69.95,0.698668
69.96,0.852251
69.97,0.841346
69.98,1.035964
69.99,0.850747
70.01,0.738002
70.02,0.871946
70.03,1.023831
70.04,1.157187
70.05,1.171184
70.06,1.290014
70.07,1.319857
70.08,1.241925
70.09,1.622203
70.10,1.393771
70.11,1.014805
70.12,1.076678
70.13,0.894188
70.14,1.062896
70.15,1.076246
70.17,1.437198
70.18,1.452606
70.19,1.034032
70.20,1.158774
70.21,0.807441
70.22,0.917439
70.23,1.101264
70.24,1.335482
70.25,1.258072
70.26,1.427805
70.27,0.967476
70.28,0.978400
70.29,0.828910
70.30,0.885219
70.31,1.160108
70.33,1.135997
70.34,1.007480
70.35,0.797024
70.36,0.641481
70.37,0.503225
70.38,0.718738
70.39,0.828135
70.40,0.939180
70.41,0.928698
70.42,0.734279
70.43,0.621844
70.44,0.536978
70.45,0.606971
70.46,0.881996
70.47,0.949264
70.49,0.656158
70.50,0.593159
70.51,0.390455
70.52,0.358064
70.53,0.340673
70.54,0.387775
70.55,0.409018
70.56,0.375401
70.57,0.327194
70.58,0.365544
70.59,0.365259
70.60,0.349692
70.61,0.342160
70.62,0.308191
70.63,0.307349
70.65,0.303052
70.66,0.312617
70.67,0.299313
70.68,0.331953
70.69,0.317859
70.70,0.311645
70.71,0.296742
70.72,0.303812
70.73,0.297943
70.74,0.304932
70.75,0.311855
70.76,0.324500
70.77,0.321232
70.78,0.334664
70.79,0.290018
70.81,0.284660
70.82,0.244319
70.83,0.274491
70.84,0.309490
70.85,0.306461
70.86,0.320205
70.87,0.351038
70.88,0.373841
70.89,0.396390
70.90,0.712572
70.91,0.942340
70.92,0.926608
70.93,0.736160
70.94,0.650249
70.95,0.637965
70.97,0.935003
70.98,0.720429
70.99,0.721742
71.00,0.590891
71.01,0.734177
71.02,0.933056
71.03,1.172679
71.04,1.145091
71.05,0.934852
71.06,1.161202
71.07,1.572490
71.08,1.481828
71.09,0.896471
71.10,1.166454
71.11,0.753272
71.13,1.076713
71.14,0.886184
71.15,1.397837
71.16,1.169841
71.17,1.216807
71.18,1.087291
71.19,0.644198
71.20,0.612401
71.21,0.941960
71.22,0.961194
71.23,1.264961
71.24,1.281994
71.25,0.926044
71.26,0.948276
71.27,0.600450
71.29,0.689020
71.30,0.970593
71.31,1.098248
71.32,0.915191
71.33,0.914925
71.34,0.574029
71.35,0.459169
71.36,0.557912
71.37,0.730580
71.38,1.149865
71.39,1.763670
71.40,2.030962
71.41,1.823902
71.42,1.523057
71.43,1.598088
71.45,1.445782
71.46,1.263345
71.47,1.120608
71.48,1.109722
71.49,0.963783
71.50,1.088266
71.51,1.201232
71.52,1.147909
71.53,1.081550
71.54,1.018578
71.55,1.057356
71.56,0.975900
71.57,0.760108
71.58,0.774938
71.59,0.736850
71.61,0.708228
71.62,0.785331
71.63,0.688991
71.64,0.670416
71.65,0.639483
71.66,0.502297
71.67,0.648430
71.68,0.663564
71.69,0.655178
71.70,0.653742
71.71,0.483261
71.72,0.524961
71.73,0.538919
71.74,0.540712
71.75,0.539454
71.77,0.462666
71.78,0.589344
71.79,0.590630
71.80,0.555483
71.81,0.561583
71.82,0.457905
71.83,0.538422
71.84,0.550703
71.85,0.523342
71.86,0.568862
71.87,0.490278
71.88,0.564561
71.89,0.642556
71.90,0.582195
71.91,0.675765
71.93,0.626736
71.94,0.640577
71.95,0.574425
71.96,0.469262
71.97,0.699171
71.98,0.697707
71.99,0.631722
72.00,0.603530
72.01,0.526226
72.02,0.514509
72.03,0.501124
72.04,0.472687
72.05,0.539976
72.06,0.495257
72.07,0.509743
72.09,0.511869
72.10,0.546680
72.11,0.487294
72.12,0.483047
72.13,0.533275
72.14,0.562875
72.15,0.539008
72.16,0.575438
72.17,0.507105
72.18,0.494676
72.19,0.453209
72.20,0.441683
72.21,0.439727
72.22,0.458951
72.23,0.481465
72.25,0.457132
72.26,0.412458
72.27,0.367472
72.28,0.377436
72.29,0.349954
72.30,0.339714
72.31,0.338369
72.32,0.294545
72.33,0.315148
72.34,0.377023
72.35,0.370147
72.36,0.418087
72.37,0.578505
72.38,0.842722
72.39,0.998618
72.41,0.926427
72.42,0.937215
72.43,0.929182
72.44,0.830893
72.45,0.832867
72.46,0.834178
72.47,0.590104
72.48,0.717280
72.49,0.844998
72.50,0.854981
72.51,0.932762
72.52,0.912415
72.53,0.759788
72.54,0.802322
72.55,0.709344
72.57,1.168885
72.58,0.975565
72.59,1.114830
72.60,1.149272
72.61,1.162032
72.62,1.586830
72.63,1.154743
72.64,1.594712
72.65,1.225362
72.66,1.314060
72.67,0.998336
72.68,0.826821
72.69,0.743273
72.70,0.720944
72.71,0.688725
72.73,0.648212
72.74,0.813570
72.75,1.031554
72.76,0.941995
72.77,1.180786
72.78,0.978038
72.79,1.016892
72.80,0.990278
72.81,0.936726
72.82,0.839737
72.83,0.576301
72.84,0.474775
72.85,0.539028
72.86,0.727202
72.87,0.829710
72.89,0.765817
72.90,0.811691
72.91,0.840703
72.92,0.997486
72.93,0.791782
72.94,0.752698
72.95,0.656192
72.96,0.443057
72.97,0.387349
72.98,0.404290
72.99,0.466948
73.00,0.512270
73.01,0.452056
73.02,0.493761
73.03,0.360690
73.05,0.305737
73.06,0.265395
73.07,0.297317
73.08,0.307126
73.09,0.309887
73.10,0.271508
73.11,0.268946
73.12,0.253007
73.13,0.248673
73.14,0.268286
73.15,0.247580
73.16,0.232426
73.17,0.260893
73.18,0.261904
73.19,0.264665
73.21,0.259511
73.22,0.281135
73.23,0.273073
73.24,0.293186
73.25,0.279651
73.26,0.225245
73.27,0.258057
73.28,0.263838
73.29,0.276729
73.30,0.312515
73.31,0.392442
73.32,0.411018
73.33,0.473622
73.34,0.619475
73.35,0.971528
73.37,1.715216
73.38,2.124359
73.39,1.652673
73.40,1.654204
73.41,1.518907
73.42,1.070237
73.43,0.979375
73.44,1.065108
73.45,0.911316
73.46,0.852870
73.47,0.828110
73.48,0.830280
73.49,0.871442
73.50,0.788877
73.51,0.692493
73.53,0.706656
73.54,0.664127
73.55,0.518842
73.56,0.541863
73.57,0.505995
73.58,0.435245
73.59,0.517681
73.60,0.520422
73.61,0.501718
73.62,0.488379
73.63,0.486260
73.64,0.414260
73.65,0.395440
73.66,0.405266
73.67,0.370819
73.69,0.464712
73.70,0.431433
73.71,0.361512
73.72,0.362186
73.73,0.384177
73.74,0.395237
73.75,0.386638
73.76,0.363839
73.77,0.337195
73.78,0.386474
73.79,0.370718
73.80,0.330774
73.81,0.362689
73.82,0.372551
73.83,0.386805
73.85,0.421400
73.86,0.735173
73.87,0.942617
73.88,0.873199
73.89,0.783879
73.90,0.881788
73.91,0.940083
73.92,1.153006
73.93,1.149871
73.94,0.968474
73.95,0.824033
73.96,0.816632
73.97,0.919775
73.98,0.941981
73.99,0.838179
74.01,0.980148
74.02,0.897204
74.03,1.030746
74.04,1.044690
74.05,0.881607
74.06,1.075108
74.07,0.920175
74.08,1.218044
74.09,1.189404
74.10,1.448495
74.11,1.473134
74.12,1.398227
74.13,1.464082
74.14,1.045684
74.15,1.087874
74.17,0.964199
74.18,0.962244
74.19,0.782375
74.20,0.787900
74.21,0.907492
74.22,0.932034
74.23,1.196765
74.24,1.430534
74.25,1.143821
74.26,1.246488
74.27,0.935994
74.28,1.103164
74.29,0.816496
74.30,0.765643
74.31,0.565693
74.33,0.627873
74.34,0.732525
74.35,0.804441
74.36,0.911856
74.37,0.776914
74.38,0.925283
74.39,0.941170
74.40,0.781790
74.41,0.896586
74.42,0.704108
74.43,0.587135
74.44,0.536828
74.45,0.554456
74.46,0.508372
74.47,0.485113
74.49,0.521318
74.50,0.500411
74.51,0.531602
74.52,0.524885
74.53,0.505829
74.54,0.440426
74.55,0.408353
74.56,0.347587
74.57,0.345481
74.58,0.373074
74.59,0.376320
74.60,0.356906
74.61,0.286155
74.62,0.321693
74.63,0.348483
74.65,0.369851
74.66,0.336231
74.67,0.261681
74.68,0.316661
74.69,0.321059
74.70,0.296921
74.71,0.248157
74.72,0.266548
74.73,0.286995
74.74,0.301186
74.75,0.303102
74.76,0.262614
74.77,0.279859
74.78,0.302688
74.79,0.285680
74.81,0.273175
74.82,0.271664
74.83,0.352903
74.84,0.785509
74.85,1.111120
74.86,0.977253
74.87,0.841195
74.88,0.973703
74.89,1.130056
74.90,1.138031
74.91,1.140554
74.92,0.838154
74.93,0.802437
74.94,0.979183
74.95,0.796087
74.97,0.750813
74.98,0.751371
74.99,0.974665
75.00,1.248319
75.01,1.370257
75.02,1.536523
75.03,1.082191
75.04,1.660252
75.05,1.084618
75.06,1.147877
75.07,0.973339
75.08,1.206832
75.09,1.502176
75.10,1.166783
75.11,1.107983
75.13,0.923894
75.14,0.715845
75.15,1.188841
75.16,1.102259
75.17,0.796743
75.18,0.893530
75.19,0.897084
75.20,1.096632
75.21,1.166572
75.22,1.062427
75.23,0.785135
75.24,0.853465
75.25,0.722631
75.26,0.759441
75.27,0.592177
75.29,0.727611
75.30,0.781832
75.31,0.647847
75.32,0.806360
75.33,1.706936
75.34,1.997632
75.35,2.164702
75.36,1.899263
75.37,1.921394
75.38,1.565222
75.39,1.536731
75.40,1.114522
75.41,0.986892
75.42,0.998489
75.43,1.005052
75.45,0.947383
75.46,0.960523
75.47,0.973745
75.48,0.930794
75.49,0.911200
75.50,0.760317
75.51,0.723367
75.52,0.799924
75.53,0.780130
75.54,0.753078
75.55,0.718863
75.56,0.779687
75.57,0.770338
75.58,0.850976
75.59,0.836332
75.61,0.719497
75.62,0.782048
75.63,0.782062
75.64,0.780382
75.65,0.708558
75.66,0.718787
75.67,0.725647
75.68,0.672014
75.69,0.667563
75.70,0.695383
75.71,0.703594
75.72,0.696432
75.73,0.661624
75.74,0.610426
75.75,0.571752
75.77,0.606142
75.78,0.578575
75.79,0.594920
75.80,0.570142
75.81,0.615589
75.82,0.662720
75.83,0.706021
75.84,0.693641
75.85,0.701310
75.86,0.786828
75.87,0.806206
75.88,0.769634
75.89,0.748353
75.90,0.728970
75.91,0.716251
75.93,0.751417
75.94,0.696364
75.95,0.648282
75.96,0.681646
75.97,0.647820
75.98,0.682313
75.99,0.700632
76.00,0.655832
76.01,0.680870
76.02,0.635315
76.03,0.534016
76.04,0.463414
76.05,0.527953
76.06,0.514208
76.07,0.566520
76.09,0.565856
76.10,0.556494
76.11,0.577291
76.12,0.598185
76.13,0.546580
76.14,0.504959
76.15,0.558007
76.16,0.542360
76.17,0.514816
76.18,0.455125
76.19,0.428944
76.20,0.486363
76.21,0.464944
76.22,0.420938
76.23,0.414993
76.25,0.447499
76.26,0.393760
76.27,0.381149
76.28,0.378412
76.29,0.557832
76.30,0.602534
76.31,0.930085
76.32,1.323591
76.33,1.289422
76.34,1.092233
76.35,0.974119
76.36,1.163370
76.37,1.153051
76.38,1.321868
76.39,1.134031
76.41,1.263839
76.42,0.930212
76.43,0.681877
76.44,0.757817
76.45,0.827177
76.46,0.908039
76.47,0.992468
76.48,1.051157
76.49,1.045102
76.50,0.882804
76.51,0.924961
76.52,0.808005
76.53,1.064749
76.54,1.122804
76.55,1.486118
76.57,1.327687
76.58,1.489890
76.59,1.345970
76.60,0.879687
76.61,0.735912
76.62,0.677751
76.63,0.874076
76.64,1.165912
76.65,1.097136
76.66,1.286383
76.67,1.255525
76.68,0.793172
76.69,0.830845
76.70,0.452904
76.71,0.638134
76.73,0.798877
76.74,0.883584
76.75,1.040501
76.76,1.079340
76.77,0.673074
76.78,0.610612
76.79,0.437935
76.80,0.717217
76.81,0.811715
76.82,0.820919
76.83,0.903840
76.84,0.877686
76.85,0.742329
76.86,0.751901
76.87,0.516321
76.89,0.458348
76.90,0.459085
76.91,0.604824
76.92,0.633510
76.93,0.602654
76.94,0.489874
76.95,0.490415
76.96,0.533946
76.97,0.498058
76.98,0.497228
76.99,0.489583
77.00,0.408719
77.01,0.441642
77.02,0.500364
77.03,0.468412
77.05,0.561948
77.06,0.587591
77.07,0.509738
77.08,0.553984
77.09,0.542634
77.10,0.501194
77.11,0.463393
77.12,0.475972
77.13,0.477774
77.14,0.451872
77.15,0.485209
77.16,0.493186
77.17,0.486789
77.18,0.500732
77.19,0.510624
77.21,0.435744
77.22,0.435171
77.23,0.312871
77.24,0.235290
77.25,0.296931
77.26,0.323307
77.27,0.362798
77.28,0.511031
77.29,1.168902
77.30,1.802121
77.31,1.876403
77.32,1.476716
77.33,1.589643
77.34,1.347436
77.35,1.282206
77.37,1.160635
77.38,0.854953
77.39,0.864134
77.40,1.000561
77.41,0.973393
77.42,0.901476
77.43,0.832905
77.44,0.771899
77.45,0.836858
77.46,0.832062
77.47,0.601061
77.48,0.590111
77.49,0.582274
77.50,0.576302
77.51,0.563488
77.53,0.541307
77.54,0.530854
77.55,0.548361
77.56,0.538328
77.57,0.530065
77.58,0.484414
77.59,0.502876
77.60,0.522710
77.61,0.496039
77.62,0.416567
77.63,0.485160
77.64,0.469746
77.65,0.436525
77.66,0.422897
77.67,0.405425
77.69,0.376466
77.70,0.349722
77.71,0.325464
77.72,0.358048
77.73,0.313073
77.74,0.345976
77.75,0.444083
77.76,0.429706
77.77,0.376219
77.78,0.525580
77.79,0.862687
77.80,1.066259
77.81,1.012277
77.82,0.919653
77.83,1.097657
77.85,0.884145
77.86,0.919853
77.87,1.153158
77.88,1.117326
77.89,1.196548
77.90,0.892985
77.91,0.750619
77.92,0.816748
77.93,0.831852
77.94,1.006513
77.95,1.122267
77.96,0.944950
77.97,1.030666
77.98,0.781850
77.99,1.053151
78.01,1.036204
78.02,1.377486
78.03,1.343438
78.04,1.346334
78.05,1.358955
78.06,1.093935
78.07,0.921516
78.08,0.794762
78.09,0.802946
78.10,1.228651
78.11,1.284346
78.12,1.232645
78.13,1.158429
78.14,0.942692
78.15,0.863160
78.17,0.675617
78.18,0.558948
78.19,0.680592
78.20,0.791664
78.21,0.922221
78.22,1.049616
78.23,0.851200
78.24,0.805119
78.25,0.635566
78.26,0.601309
78.27,0.819108
78.28,0.890264
78.29,0.907203
78.30,0.971138
78.31,0.688246
78.33,0.735729
78.34,0.587954
78.35,0.497925
78.36,0.377503
78.37,0.409444
78.38,0.573000
78.39,0.636618
78.40,0.521167
78.41,0.465697
78.42,0.393744
78.43,0.281596
78.44,0.298642
78.45,0.286436
78.46,0.306149
78.47,0.301222
78.49,0.261924
78.50,0.282869
78.51,0.304287
78.52,0.285265
78.53,0.290572
78.54,0.281751
78.55,0.284829
78.56,0.304125
78.57,0.312290
78.58,0.300333
78.59,0.254925
78.60,0.282076
78.61,0.298757
78.62,0.304480
78.63,0.337519
78.65,0.332242
78.66,0.299220
78.67,0.306571
78.68,0.283430
78.69,0.246681
78.70,0.287213
78.71,0.291768
78.72,0.314537
78.73,0.292961
78.74,0.261045
78.75,0.299485
78.76,0.437115
78.77,0.850548
78.78,0.998829
78.79,0.944320
78.81,0.738684
78.82,0.977738
78.83,0.802965
78.84,0.636582
78.85,0.940786
78.86,0.960198
78.87,0.998768
78.88,0.636417
78.89,0.532089
78.90,0.647120
78.91,0.658267
78.92,0.892846
78.93,1.055125
78.94,1.088723
78.95,1.136869
78.97,0.686240
78.98,1.029281
78.99,0.880523
79.00,1.366373
79.01,1.179248
79.02,1.457604
79.03,1.453963
79.04,1.134923
79.05,1.123812
79.06,0.864713
79.07,0.854384
79.08,1.116913
79.09,1.139382
79.10,1.249588
79.11,1.364728
79.13,0.996076
79.14,1.088850
79.15,0.659153
79.16,0.623684
79.17,0.564793
79.18,0.771748
79.19,0.790438
79.20,1.049713
79.21,0.786223
79.22,0.893291
79.23,0.617373
79.24,0.644853
79.25,0.796610
79.26,1.793468
79.27,2.344220
79.29,1.728835
79.30,1.733464
79.31,1.627535
79.32,1.345148
79.33,1.103291
79.34,0.894707
79.35,1.020232
79.36,1.032915
79.37,0.978361
79.38,0.911269
79.39,0.881343
79.40,0.943288
79.41,0.895192
79.42,0.870519
79.43,0.762521
79.45,0.696320
79.46,0.660726
79.47,0.631115
79.48,0.723506
79.49,0.797323
79.50,0.723184
79.51,0.696445
79.52,0.662123
79.53,0.631815
79.54,0.581103
79.55,0.586642
79.56,0.572574
79.57,0.526493
79.58,0.495322
79.59,0.451879
79.61,0.404091
79.62,0.384030
79.63,0.369782
79.64,0.398549
79.65,0.389990
79.66,0.359422
79.67,0.411432
79.68,0.439456
79.69,0.395249
79.70,0.345748
79.71,0.317467
79.72,0.379101
79.73,0.470971
79.74,0.549645
79.75,0.742674
79.77,1.020157
79.78,1.078484
79.79,0.909878
79.80,1.004521
79.81,0.854868
79.82,1.032608
79.83,1.100469
79.84,1.098138
79.85,0.984601
79.86,0.729263
79.87,0.719863
79.88,0.759871
79.89,0.853733
79.90,0.943316
79.91,0.887906
79.93,1.128481
79.94,1.067805
79.95,0.917467
79.96,1.151815
79.97,0.890579
79.98,1.381999
79.99,1.172409
80.00,1.626341
80.01,1.442097
80.02,1.302934
80.03,1.088227
80.04,0.712359
80.05,0.593632
80.06,0.909385
80.07,0.833413
80.09,1.329531
80.10,1.211894
80.11,1.348939
80.12,1.337618
80.13,0.837156
80.14,0.852461
80.15,0.726684
80.16,0.758862
80.17,0.707268
80.18,0.728727
80.19,0.706168
80.20,0.657554
80.21,0.509508
80.22,0.543434
80.23,0.656298
80.25,0.953697
80.26,1.261569
80.27,1.399006
80.28,1.031130
80.29,1.235017
80.30,1.198534
80.31,0.937630
80.32,1.047080
80.33,0.965053
80.34,0.936739
80.35,0.800876
80.36,1.113535
80.37,1.078954
80.38,1.178531
80.39,0.911467
80.41,0.938762
80.42,1.073637
80.43,1.139405
80.44,1.100950
80.45,1.627283
80.46,1.262350
80.47,1.459753
80.48,1.252857
80.49,1.642516
80.50,1.551054
80.51,1.668374
80.52,1.151197
80.53,1.374541
80.54,1.255514
80.55,1.353123
80.57,1.255439
80.58,1.276849
80.59,1.302934
80.60,1.485497
80.61,1.169480
80.62,1.242501
80.63,1.179160
80.64,1.297060
80.65,1.111731
80.66,1.046453
80.67,1.103218
80.68,1.078269
80.69,0.794540
80.70,0.901852
80.71,0.871084
80.73,1.074283
80.74,0.873531
80.75,0.886072
80.76,0.962406
80.77,1.093320
80.78,0.739475
80.79,0.895575
80.80,0.834672
80.81,0.871842
80.82,0.670082
80.83,0.477289
80.84,0.659440
80.85,0.676760
80.86,0.518803
80.87,0.391493
80.89,0.474873
80.90,0.474724
80.91,0.394810
80.92,0.321949
80.93,0.458089
80.94,0.539719
80.95,0.402408
80.96,0.346141
80.97,0.489344
80.98,0.493887
80.99,0.376133
81.00,0.302490
81.01,0.466407
81.02,0.506788
81.03,0.470362
81.05,0.347566
81.06,0.557821
81.07,0.523388
81.08,0.374522
81.09,0.333326
81.10,0.455594
81.11,0.488258
81.12,0.511812
81.13,0.378594
81.14,0.579978
81.15,0.494526
81.16,0.486478
81.17,0.374589
81.18,0.444585
81.19,0.599506
81.21,0.607713
81.22,0.590192
81.23,1.408379
81.24,2.121006
81.25,2.059015
81.26,1.512805
81.27,1.845685
81.28,1.431083
81.29,1.362796
81.30,1.186421
81.31,1.109429
81.32,1.030373
81.33,0.897971
81.34,0.743504
81.35,0.787816
81.37,0.867808
81.38,0.711135
81.39,0.648930
81.40,0.638686
81.41,0.603893
81.42,0.651516
81.43,0.608788
81.44,0.591195
81.45,0.612923
81.46,0.621992
81.47,0.538239
81.48,0.523938
81.49,0.440945
81.50,0.425177
81.51,0.441361
81.53,0.486062
81.54,0.542099
81.55,0.634770
81.56,0.601403
81.57,0.538508
81.58,0.440890
81.59,0.407292
81.60,0.361323
81.61,0.411400
81.62,0.435932
81.63,0.470656
81.64,0.455171
81.65,0.422824
81.66,0.452714
81.67,0.436445
81.69,0.446393
81.70,0.472039
81.71,0.525362
81.72,0.606648
81.73,1.109669
81.74,1.299180
81.75,1.102425
81.76,1.202756
81.77,1.429820
81.78,0.921493
81.79,1.531947
81.80,1.200178
81.81,1.071378
81.82,0.943506
81.83,1.010090
81.85,1.082763
81.86,1.078262
81.87,0.935451
81.88,0.974528
81.89,1.371597
81.90,1.107659
81.91,1.480477
81.92,1.673695
81.93,1.346865
81.94,1.794533
81.95,1.248193
81.96,1.400773
81.97,1.230721
81.98,1.535388
81.99,1.158736
82.01,1.282819
82.02,1.058808
82.03,1.589880
82.04,1.056446
82.05,1.225712
82.06,1.011513
82.07,1.346674
82.08,1.052944
82.09,1.015367
82.10,0.974642
82.11,1.279356
82.12,0.931346
82.13,0.977066
82.14,0.855867
82.15,1.000993
82.17,0.838856
82.18,0.929215
82.19,0.787244
82.20,1.067765
82.21,0.846042
82.22,0.982211
82.23,0.853135
82.24,0.960673
82.25,0.758151
82.26,0.967960
82.27,0.666605
82.28,0.863439
82.29,0.613177
82.30,0.597617
82.31,0.646127
82.33,0.672949
82.34,0.503201
82.35,0.527222
82.36,0.489910
82.37,0.499749
82.38,0.385030
82.39,0.368737
82.40,0.468682
82.41,0.485077
82.42,0.284695
82.43,0.280566
82.44,0.248345
82.45,0.253428
82.46,0.260927
82.47,0.278798
82.49,0.300546
82.50,0.306195
82.51,0.285523
82.52,0.283742
82.53,0.257959
82.54,0.318606
82.55,0.344258
82.56,0.310024
82.57,0.318623
82.58,0.303711
82.59,0.267393
82.60,0.237320
82.61,0.284612
82.62,0.335077
82.63,0.350996
82.65,0.319009
82.66,0.282554
82.67,0.275651
82.68,0.272848
82.69,0.280420
82.70,0.381773
82.71,0.854990
82.72,1.145126
82.73,1.185101
82.74,0.960720
82.75,0.710559
82.76,0.894134
82.77,0.733183
82.78,0.865569
82.79,0.698791
82.81,0.753160
82.82,0.876485
82.83,0.561495
82.84,0.745801
82.85,1.284464
82.86,1.404971
82.87,1.292435
82.88,1.284506
82.89,1.228215
82.90,0.765373
82.91,1.101345
82.92,0.975455
82.93,0.833347
82.94,0.913168
82.95,0.903758
82.97,0.990652
82.98,0.898662
82.99,0.715937
83.00,0.666063
83.01,0.815122
83.02,0.718037
83.03,0.855722
83.04,0.752972
83.05,0.899721
83.06,0.831742
83.07,0.873489
83.08,0.647798
83.09,0.801233
83.10,0.659408
83.11,0.842012
83.13,0.704440
83.14,0.672137
83.15,0.712753
83.16,0.700314
83.17,0.573975
83.18,0.869052
83.19,0.947864
83.20,1.769172
83.21,1.994067
83.22,1.760564
83.23,1.708394
83.24,1.573140
83.25,1.703977
83.26,1.435880
83.27,1.293642
83.29,1.075080
83.30,0.926724
83.31,1.111814
83.32,1.274555
83.33,1.253244
83.34,1.130337
83.35,1.038771
83.36,1.155089
83.37,1.087111
83.38,0.935995
83.39,0.801826
83.40,0.964556
83.41,0.871980
83.42,0.766955
83.43,0.613289
83.45,0.775953
83.46,0.824806
83.47,0.653047
83.48,0.671479
83.49,0.819965
83.50,0.789370
83.51,0.734064
83.52,0.635888
83.53,0.682990
83.54,0.748070
83.55,0.635034
83.56,0.538036
83.57,0.664078
83.58,0.600788
83.59,0.535157
83.61,0.494480
83.62,0.635322
83.63,0.652728
83.64,0.539369
83.65,0.462302
83.66,0.650110
83.67,0.540814
83.68,0.510916
83.69,0.466802
83.70,0.673338
83.71,0.673113
83.72,0.582151
83.73,0.493994
83.74,0.701215
83.75,0.684473
83.77,0.610426
83.78,0.571665
83.79,0.663970
83.80,0.639701
83.81,0.716040
83.82,0.524472
83.83,0.600184
83.84,0.655922
83.85,0.682275
83.86,0.554846
83.87,0.710956
83.88,0.669002
83.89,0.704073
83.90,0.617150
83.91,0.612660
83.93,0.632893
83.94,0.591003
83.95,0.580162
83.96,0.648634
83.97,0.578307
83.98,0.579719
83.99,0.515441
84.00,0.458100
84.01,0.545253
84.02,0.529736
84.03,0.437307
84.04,0.449227
84.05,0.517888
84.06,0.495373
84.07,0.436888
84.09,0.269374
84.10,0.268976
84.11,0.226078
84.12,0.230057
84.13,0.239189
84.14,0.226905
84.15,0.284663
84.16,0.369383
84.17,0.500530
84.18,0.723673
84.19,0.904172
84.20,1.050022
84.21,0.963513
84.22,0.968241
84.23,0.988558
84.25,0.961181
84.26,0.768865
84.27,0.792121
84.28,0.998930
84.29,0.975016
84.30,1.091486
84.31,1.336540
84.32,1.209243
84.33,1.371404
84.34,1.272166
84.35,1.593894
84.36,1.467450
84.37,1.161370
84.38,1.277012
84.39,0.985006
84.41,1.236968
84.42,1.204198
84.43,1.498553
84.44,1.424079
84.45,1.105780
84.46,1.121642
84.47,0.812314
84.48,0.942473
84.49,1.150193
84.50,1.303486
84.51,1.264005
84.52,1.478597
84.53,0.991451
84.54,1.143856
84.55,1.015442
84.57,1.145150
84.58,1.277197
84.59,1.272749
84.60,1.036701
84.61,0.843168
84.62,0.649283
84.63,0.606376
84.64,0.893119
84.65,0.871286
84.66,1.039877
84.67,0.877647
84.68,0.673882
84.69,0.602003
84.70,0.702212
84.71,0.746926
84.73,1.005937
84.74,0.976651
84.75,0.779230
84.76,0.721449
84.77,0.520066
84.78,0.547548
84.79,0.586556
84.80,0.551941
84.81,0.573473
84.82,0.618876
84.83,0.626418
84.84,0.659490
84.85,0.644135
84.86,0.564187
84.87,0.543463
84.89,0.582198
84.90,0.601913
84.91,0.633613
84.92,0.631893
84.93,0.735138
84.94,0.718899
84.95,0.703156
84.96,0.657522
84.97,0.580640
84.98,0.538108
84.99,0.482174
85.00,0.437269
85.01,0.435929
85.02,0.485571
85.03,0.465124
85.05,0.412190
85.06,0.433011
85.07,0.412192
85.08,0.375522
85.09,0.421168
85.10,0.430341
85.11,0.437478
85.12,0.454333
85.13,0.549892
85.14,0.600739
85.15,0.777883
85.16,1.471745
85.17,2.082700
85.18,2.108413
85.19,1.555574
85.21,1.570814
85.22,1.336980
85.23,1.138078
85.24,1.037438
85.25,0.840281
85.26,0.797154
85.27,0.830551
85.28,0.849128
85.29,0.783198
85.30,0.768302
85.31,0.802381
85.32,0.820051
85.33,0.823813
85.34,0.627550
85.35,0.584591
85.37,0.583798
85.38,0.532649
85.39,0.500500
85.40,0.433090
85.41,0.461358
85.42,0.462601
85.43,0.376959
85.44,0.419870
85.45,0.438651
85.46,0.433169
85.47,0.436642
85.48,0.428317
85.49,0.394809
85.50,0.367882
85.51,0.425583
85.53,0.463522
85.54,0.383352
85.55,0.406045
85.56,0.419650
85.57,0.363155
85.58,0.382711
85.59,0.353580
85.60,0.367843
85.61,0.387797
85.62,0.403362
85.63,0.427949
85.64,0.511516
85.65,0.569162
85.66,0.972831
85.67,1.038793
85.69,0.782696
85.70,0.693695
85.71,0.661952
85.72,0.717762
85.73,0.890746
85.74,0.900773
85.75,0.750090
85.76,0.961442
85.77,1.044855
85.78,1.346391
85.79,1.043117
85.80,1.000904
85.81,1.340516
85.82,1.355406
85.83,1.268345
85.85,1.006209
85.86,1.262655
85.87,0.798268
85.88,1.051403
85.89,0.933596
85.90,1.573236
85.91,1.132940
85.92,1.461157
85.93,1.105427
85.94,0.966254
85.95,0.829079
85.96,0.962338
85.97,0.996543
85.98,1.055653
85.99,0.915598
86.01,0.860715
86.02,0.893652
86.03,0.552810
86.04,0.641114
86.05,0.707270
86.06,1.015304
86.07,0.956109
86.08,0.971280
86.09,0.674538
86.10,0.667329
86.11,0.740150
86.12,0.822579
86.13,0.986851
86.14,0.970429
86.15,0.874160
86.17,0.629026
86.18,0.671486
86.19,0.738526
86.20,0.843920
86.21,0.689611
86.22,0.713196
86.23,0.514726
86.24,0.511761
86.25,0.502770
86.26,0.480755
86.27,0.550826
86.28,0.480329
86.29,0.473423
86.30,0.478685
86.31,0.453034
86.33,0.526304
86.34,0.479621
86.35,0.460518
86.36,0.423814
86.37,0.433039
86.38,0.444760
86.39,0.466689
86.40,0.429585
86.41,0.463781
86.42,0.443792
86.43,0.419854
86.44,0.426899
86.45,0.405927
86.46,0.448458
86.47,0.433575
86.49,0.441215
86.50,0.453292
86.51,0.427789
86.52,0.386088
86.53,0.382351
86.54,0.354522
86.55,0.345796
86.56,0.328752
86.57,0.329889
86.58,0.325847
86.59,0.322928
86.60,0.339870
86.61,0.399632
86.62,0.419849
86.63,0.501622
86.65,0.885333
86.66,1.090876
86.67,0.870111
86.68,0.736743
86.69,0.821346
86.70,0.769466
86.71,0.960032
86.72,0.827442
86.73,0.819254
86.74,0.752938
86.75,0.614932
86.76,0.617980
86.77,0.703311
86.78,0.892141
86.79,1.020958
86.81,1.155854
86.82,0.834839
86.83,1.236392
86.84,1.244335
86.85,1.063289
86.86,1.215783
86.87,0.929845
86.88,1.277061
86.89,0.888485
86.90,1.182382
86.91,0.871245
86.92,1.121746
86.93,0.774221
86.94,0.900581
86.95,0.791323
86.97,0.924464
86.98,0.711429
86.99,0.910844
87.00,0.714015
87.01,0.852261
87.02,0.605512
87.03,0.800496
87.04,0.655843
87.05,0.674452
87.06,0.489223
87.07,0.532975
87.08,0.521123
87.09,0.554731
87.10,0.486581
87.11,0.707647
87.13,1.172377
87.14,1.853078
87.15,1.997151
87.16,1.681792
87.17,1.823067
87.18,1.688730
87.19,1.476605
87.20,1.328169
87.21,1.291328
87.22,1.285832
87.23,1.187118
87.24,1.291381
87.25,1.255177
87.26,0.953963
87.27,1.013008
87.29,1.204303
87.30,1.117774
87.31,1.178591
87.32,1.036227
87.33,0.834870
87.34,0.827777
87.35,0.804053
87.36,0.899270
87.37,0.749874
87.38,0.745288
87.39,0.836723
87.40,0.823144
87.41,0.956051
87.42,0.708510
87.43,0.635687
87.45,0.633145
87.46,0.714358
87.47,0.805633
87.48,0.623260
87.49,0.554408
87.50,0.511910
87.51,0.696790
87.52,0.725424
87.53,0.645140
87.54,0.583799
87.55,0.518654
87.56,0.720745
87.57,0.713744
87.58,0.679829
87.59,0.595875
87.61,0.540555
87.62,0.640333
87.63,0.590219
87.64,0.548004
87.65,0.538778
87.66,0.512588
87.67,0.550756
87.68,0.806438
87.69,0.943991
87.70,0.725922
87.71,0.521163
87.72,0.693121
87.73,0.660839
87.74,0.638767
87.75,0.594361
87.77,0.595719
87.78,0.559240
87.79,0.528711
87.80,0.557791
87.81,0.548704
87.82,0.581093
87.83,0.538055
87.84,0.528619
87.85,0.651938
87.86,0.634493
87.87,0.584936
87.88,0.555370
87.89,0.669619
87.90,0.571976
87.91,0.526949
87.93,0.540433
87.94,0.584104
87.95,0.537758
87.96,0.555856
87.97,0.598190
87.98,0.604614
87.99,0.520428
88.00,0.627811
88.01,0.490715
88.02,0.416955
88.03,0.313028
88.04,0.316082
88.05,0.335697
88.06,0.326519
88.07,0.382895
88.09,0.485450
88.10,0.528473
88.11,0.531915
88.12,1.014140
88.13,1.111225
88.14,0.962941
88.15,0.768508
88.16,0.894932
88.17,0.922085
88.18,1.157477
88.19,1.143736
88.20,0.648095
88.21,0.685847
88.22,0.683178
88.23,0.864589
88.25,0.927833
88.26,0.997952
88.27,0.832653
88.28,0.831589
88.29,0.844422
88.30,1.116911
88.31,0.781433
88.32,0.977269
88.33,1.012069
88.34,1.059231
88.35,1.249222
88.36,1.516736
88.37,1.380816
88.38,1.577730
88.39,1.398539
88.41,1.216042
88.42,1.141751
88.43,0.746286
88.44,0.962148
88.45,0.574397
88.46,0.598679
88.47,0.708552
88.48,0.678699
88.49,0.967453
88.50,1.010442
88.51,0.921766
88.52,1.114478
88.53,0.824961
88.54,0.942074
88.55,0.715498
88.57,0.591380
88.58,0.603102
88.59,0.518166
88.60,0.552837
88.61,0.585722
88.62,0.873877
88.63,0.825518
88.64,0.989743
88.65,1.071976
88.66,0.861271
88.67,1.133644
88.68,0.746599
88.69,0.631429
88.70,0.427180
88.71,0.459093
88.73,0.477507
88.74,0.559845
88.75,0.562700
88.76,0.484440
88.77,0.596719
88.78,0.584836
88.79,0.492351
88.80,0.522489
88.81,0.615129
88.82,0.491330
88.83,0.570909
88.84,0.471447
88.85,0.450734
88.86,0.547385
88.87,0.532712
88.89,0.463846
88.90,0.500123
88.91,0.456228
88.92,0.432801
88.93,0.545670
88.94,0.373488
88.95,0.458312
88.96,0.479795
88.97,0.425546
88.98,0.404007
88.99,0.466100
89.00,0.418485
89.01,0.432401
89.02,0.528118
89.03,0.398564
89.05,0.376588
89.06,0.322613
89.07,0.317244
89.08,0.339357
89.09,0.429218
89.10,1.539334
89.11,1.910843
89.12,1.764645
89.13,1.426455
89.14,1.550644
89.15,1.297123
89.16,1.114493
89.17,1.025813
89.18,0.956974
89.19,0.824546
89.21,0.936157
89.22,1.279517
89.23,1.108440
89.24,1.085802
89.25,1.217280
89.26,0.981657
89.27,0.749303
89.28,0.615214
89.29,0.577971
89.30,0.594264
89.31,0.565096
89.32,0.597342
89.33,0.558699
89.34,0.559525
89.35,0.546921
89.37,0.468315
89.38,0.372911
89.39,0.441767
89.40,0.430235
89.41,0.418428
89.42,0.406013
89.43,0.396045
89.44,0.347901
89.45,0.366433
89.46,0.390481
89.47,0.390544
89.48,0.339409
89.49,0.360311
89.50,0.411997
89.51,0.355339
89.53,0.297747
89.54,0.310062
89.55,0.349826
89.56,0.387675
89.57,0.394976
89.58,0.475294
89.59,0.621526
89.60,0.906645
89.61,0.959740
89.62,0.735350
89.63,0.718025
89.64,0.771021
89.65,0.897301
89.66,0.767278
89.67,0.868662
89.69,0.681303
89.70,0.737397
89.71,1.075775
89.72,1.062121
89.73,0.886179
89.74,0.818002
89.75,0.790692
89.76,0.849966
89.77,0.868780
89.78,0.978524
89.79,0.949241
89.80,1.038833
89.81,1.113546
89.82,1.040115
89.83,1.551659
89.85,1.161590
89.86,1.729446
89.87,1.359815
89.88,1.254903
89.89,1.110589
89.90,0.744389
89.91,0.830361
89.92,0.618286
89.93,0.607076
89.94,0.698858
89.95,0.684556
89.96,0.935914
89.97,0.938284
89.98,1.208956
89.99,1.338708
90.01,1.036322
90.02,1.131756
90.03,0.722959
90.04,0.805697
90.05,0.499211
90.06,0.481850
90.07,0.590090
90.08,0.657333
90.09,0.914785
90.10,0.776845
90.11,0.982216
90.12,0.815298
90.13,0.916365
90.14,0.925881
90.15,0.593507
90.17,0.609831
90.18,0.372275
90.19,0.407182
90.20,0.422409
90.21,0.494363
90.22,0.433808
90.23,0.448954
90.24,0.473329
90.25,0.414566
90.26,0.437683
90.27,0.476264
90.28,0.453834
90.29,0.482002
90.30,0.565637
90.31,0.427397
90.33,0.530125
90.34,0.450043
90.35,0.396324
90.36,0.400440
90.37,0.429997
90.38,0.454876
90.39,0.391962
90.40,0.440679
90.41,0.404581
90.42,0.463134
90.43,0.414121
90.44,0.362774
90.45,0.356493
90.46,0.219420
90.47,0.212981
90.49,0.212927
90.50,0.230231
90.51,0.190914
90.52,0.178634
90.53,0.219939
90.54,0.246739
90.55,0.283649
90.56,0.308845
90.57,0.391343
90.58,0.839736
90.59,1.062320
90.60,0.756214
90.61,0.634794
90.62,0.673148
90.63,0.683376
90.65,0.918004
90.66,0.853506
90.67,0.795084
90.68,0.586999
90.69,0.589307
90.70,0.807301
90.71,0.888539
90.72,1.024654
90.73,1.159170
90.74,1.325788
90.75,1.061322
90.76,1.313566
90.77,1.225011
90.78,0.938971
90.79,1.110919
90.81,1.019509
90.82,1.386359
90.83,1.003068
90.84,1.124394
90.85,0.892707
90.86,1.025799
90.87,0.894447
90.88,1.054004
90.89,0.822591
90.90,0.984144
90.91,0.755090
90.92,1.029809
90.93,0.756228
90.94,0.833334
90.95,0.738385
90.97,0.756568
90.98,0.701867
90.99,0.712086
91.00,0.580520
91.01,0.599513
91.02,0.526738
91.03,0.587232
91.04,0.610282
91.05,0.704653
91.06,1.222102
91.07,1.975884
91.08,2.385733
91.09,1.470435
91.10,1.639241
91.11,1.571128
91.13,1.360229
91.14,1.372047
91.15,1.237680
91.16,1.118868
91.17,1.047339
91.18,0.950114
91.19,1.045213
91.20,1.126689
91.21,0.979904
91.22,0.868724
91.23,0.855504
91.24,0.838847
91.25,0.757189
91.26,0.714355
91.27,0.741743
91.29,0.705440
91.30,0.764555
91.31,0.798542
91.32,0.804040
91.33,0.689826
91.34,0.738893
91.35,0.714956
91.36,0.661382
91.37,0.496966
91.38,0.582286
91.39,0.630349
91.40,0.655440
91.41,0.629458
91.42,0.532269
91.43,0.631832
91.45,0.619468
91.46,0.564145
91.47,0.501589
91.48,0.500983
91.49,0.603746
91.50,0.532910
91.51,0.508095
91.52,0.483481
91.53,0.523434
91.54,0.523749
91.55,0.540664
91.56,0.560586
91.57,0.473298
91.58,0.554582
91.59,0.521663
91.61,0.485206
91.62,0.493574
91.63,0.525501
91.64,0.588430
91.65,0.589238
91.66,0.597568
91.67,0.510614
91.68,0.539066
91.69,0.486564
91.70,0.527525
91.71,0.487152
91.72,0.468344
91.73,0.520345
91.74,0.484080
91.75,0.503784
91.77,0.432771
91.78,0.538203
91.79,0.472267
91.80,0.485250
91.81,0.319982
91.82,0.317865
91.83,0.313503
91.84,0.291764
91.85,0.276256
91.86,0.278010
91.87,0.275334
91.88,0.304028
91.89,0.282264
91.90,0.195960
91.91,0.264857
91.93,0.278847
91.94,0.240892
91.95,0.207139
91.96,0.244545
91.97,0.300882
91.98,0.301596
91.99,0.282981
92.00,0.336188
92.01,0.339270
92.02,0.352072
92.03,0.447278
92.04,0.493827
92.05,0.972012
92.06,1.124081
92.07,0.847293
92.09,0.783337
92.10,0.939652
92.11,1.097152
92.12,0.966815
92.13,0.973156
92.14,0.803483
92.15,0.774109
92.16,0.755001
92.17,0.744504
92.18,0.664337
92.19,0.882455
92.20,1.000798
92.21,1.052845
92.22,1.042761
92.23,1.469550
92.25,1.196061
92.26,1.374750
92.27,1.309826
92.28,1.017928
92.29,1.329645
92.30,0.929554
92.31,1.280123
92.32,0.757140
92.33,0.846080
92.34,0.800811
92.35,0.765271
92.36,0.758298
92.37,0.957403
92.38,0.765779
92.39,0.966801
92.41,0.942593
92.42,0.958832
92.43,0.919662
92.44,0.903100
92.45,0.807887
92.46,0.976399
92.47,0.729429
92.48,0.941956
92.49,0.724702
92.50,0.669443
92.51,0.595150
92.52,0.557065
92.53,0.464263
92.54,0.643546
92.55,0.622114
92.57,0.568129
92.58,0.530632
92.59,0.489571
92.60,0.526058
92.61,0.432678
92.62,0.426974
92.63,0.582266
92.64,0.464639
92.65,0.438018
92.66,0.652784
92.67,0.537170
92.68,0.511376
92.69,0.577564
92.70,0.524675
92.71,0.553053
92.73,0.444000
92.74,0.609262
92.75,0.582702
92.76,0.567844
92.77,0.659863
92.78,0.504940
92.79,0.544285
92.80,0.425247
92.81,0.547166
92.82,0.576022
92.83,0.548797
92.84,0.657744
92.85,0.511874
92.86,0.479116
92.87,0.411361
92.89,0.554290
92.90,0.605325
92.91,0.418824
92.92,0.555842
92.93,0.623280
92.94,0.372987
92.95,0.506404
92.96,0.595122
92.97,0.637270
92.98,0.513388
92.99,0.526212
93.00,0.570876
93.01,0.386748
93.02,0.757065
93.03,1.783808
93.05,2.092854
93.06,1.837849
93.07,1.735933
93.08,1.671349
93.09,0.978721
93.10,1.184407
93.11,1.197779
93.12,1.163496
93.13,1.085757
93.14,0.977911
93.15,0.932284
93.16,0.764048
93.17,0.763376
93.18,0.747943
93.19,0.751477
93.21,0.638178
93.22,0.509142
93.23,0.537572
93.24,0.551257
93.25,0.552948
93.26,0.501536
93.27,0.459317
93.28,0.360870
93.29,0.314471
93.30,0.393184
93.31,0.382803
93.32,0.399977
93.33,0.475384
93.34,0.399691
93.35,0.349259
93.37,0.372639
93.38,0.365495
93.39,0.316386
93.40,0.329418
93.41,0.336868
93.42,0.315164
93.43,0.328238
93.44,0.336133
93.45,0.325455
93.46,0.276935
93.47,0.330616
93.48,0.386923
93.49,0.410726
93.50,0.403803
93.51,0.515861
93.53,0.771641
93.54,0.972766
93.55,0.917363
93.56,0.638158
93.57,0.725167
93.58,0.751936
93.59,0.845880
93.60,0.794258
93.61,1.019457
93.62,0.824470
93.63,0.754004
93.64,0.683173
93.65,0.616830
93.66,0.696686
93.67,0.881101
93.69,1.001753
93.70,1.414297
93.71,1.553978
93.72,1.098391
93.73,1.514561
93.74,1.366437
93.75,1.419215
93.76,1.338364
93.77,1.236019
93.78,1.189048
93.79,0.916621
93.80,1.013338
93.81,0.782602
93.82,0.734244
93.83,0.669028
93.85,0.667093
93.86,0.749609
93.87,0.634449
93.88,0.773530
93.89,0.739308
93.90,0.879142
93.91,0.829400
93.92,1.027677
93.93,0.994618
93.94,1.017187
93.95,1.026097
93.96,0.983485
93.97,0.939836
93.98,0.813831
93.99,0.878126
94.01,0.778376
94.02,0.820489
94.03,0.688318
94.04,0.644746
94.05,0.456965
94.06,0.388333
94.07,0.379766
94.08,0.313832
94.09,0.416257
94.10,0.449866
94.11,0.481357
94.12,0.485961
94.13,0.439006
94.14,0.446413
94.15,0.423117
94.17,0.446109
94.18,0.484901
94.19,0.552305
94.20,0.472915
94.21,0.517582
94.22,0.462823
94.23,0.435670
94.24,0.409999
94.25,0.555622
94.26,0.576696
94.27,0.475454
94.28,0.507066
94.29,0.443218
94.30,0.420892
94.31,0.321671
94.33,0.314796
94.34,0.335062
94.35,0.349030
94.36,0.358245
94.37,0.306844
94.38,0.333219
94.39,0.309801
94.40,0.313764
94.41,0.337467
94.42,0.359266
94.43,0.421476
94.44,0.381758
94.45,0.477910
94.46,0.441690
94.47,0.450868
94.49,0.507398
94.50,0.565527
94.51,0.682671
94.52,1.102099
94.53,1.112845
94.54,0.780356
94.55,0.875676
94.56,0.706480
94.57,1.031878
94.58,0.774284
94.59,0.869262
94.60,0.702083
94.61,0.729661
94.62,0.751265
94.63,0.693577
94.65,0.597235
94.66,0.756404
94.67,0.909929
94.68,1.434708
94.69,1.436390
94.70,1.263045
94.71,1.489758
94.72,1.119315
94.73,1.408160
94.74,1.150824
94.75,1.313262
94.76,1.057935
94.77,1.000712
94.78,0.904030
94.79,0.796704
94.81,0.716327
94.82,0.680726
94.83,0.635905
94.84,0.739863
94.85,0.716702
94.86,0.786908
94.87,0.695201
94.88,0.928250
94.89,0.821011
94.90,1.064741
94.91,0.928004
94.92,1.018844
94.93,0.982740
94.94,0.991219
94.95,0.875157
94.97,0.829911
94.98,0.867892
94.99,0.748880
95.00,1.492031
95.01,1.917545
95.02,1.716678
95.03,1.489068
95.04,1.538493
95.05,1.171193
95.06,1.061636
95.07,0.935402
95.08,0.950149
95.09,0.986996
95.10,0.934509
95.11,0.815891
95.13,0.929692
95.14,0.873440
95.15,0.798602
95.16,0.821851
95.17,0.900488
95.18,0.605557
95.19,0.745126
95.20,0.833970
95.21,0.810780
95.22,0.692786
95.23,0.609260
95.24,0.658276
95.25,0.677363
95.26,0.644594
95.27,0.720033
95.29,0.719397
95.30,0.610578
95.31,0.744491
95.32,0.712412
95.33,0.599117
95.34,0.549857
95.35,0.596014
95.36,0.505215
95.37,0.618061
95.38,0.580961
95.39,0.535600
95.40,0.534598
95.41,0.526779
95.42,0.514740
95.43,0.513230
95.45,0.561923
95.46,0.578824
95.47,0.579684
95.48,0.544412
95.49,0.665327
95.50,1.073414
95.51,1.164140
95.52,0.836601
95.53,0.727822
95.54,0.649216
95.55,0.885974
95.56,0.982156
95.57,0.827725
95.58,0.833765
95.59,0.714557
95.61,0.723331
95.62,0.666207
95.63,0.660643
95.64,0.625610
95.65,0.844599
95.66,1.014178
95.67,1.045797
95.68,1.217095
95.69,1.447450
95.70,0.942649
95.71,1.141728
95.72,0.876945
95.73,0.972855
95.74,0.830491
95.75,0.873956
95.77,0.682015
95.78,0.795415
95.79,0.615315
95.80,0.761491
95.81,0.694383
95.82,0.901109
95.83,0.865760
95.84,1.031952
95.85,0.816118
95.86,1.054090
95.87,0.796863
95.88,1.162217
95.89,0.884545
95.90,1.049064
95.91,0.891782
95.93,0.944305
95.94,0.743432
95.95,0.744393
95.96,0.639898
95.97,0.586629
95.98,0.685316
95.99,0.964316
96.00,1.221749
96.01,1.092484
96.02,0.800307
96.03,0.674878
96.04,0.724508
96.05,0.636335
96.06,0.696639
96.07,0.633971
96.09,0.625111
96.10,0.512765
96.11,0.619435
96.12,0.530286
96.13,0.469262
96.14,0.455328
96.15,0.530966
96.16,0.561437
96.17,0.487909
96.18,0.549866
96.19,0.649752
96.20,0.708515
96.21,0.524107
96.22,0.458642
96.23,0.470427
96.25,0.519110
96.26,0.571649
96.27,0.599757
96.28,0.557945
96.29,0.515901
96.30,0.507445
96.31,0.551480
96.32,0.534438
96.33,0.450772
96.34,0.471008
96.35,0.484235
96.36,0.475794
96.37,0.583030
96.38,0.605273
96.39,0.542755
96.41,0.501761
96.42,0.465103
96.43,0.395860
96.44,0.391391
96.45,0.489126
96.46,0.481401
96.47,0.471371
96.48,0.868773
96.49,0.977059
96.50,0.847703
96.51,0.654099
96.52,0.596932
96.53,0.631158
96.54,0.652806
96.55,0.554921
96.57,0.597242
96.58,0.626690
96.59,0.624240
96.60,0.624100
96.61,0.622344
96.62,0.476430
96.63,0.404045
96.64,0.482120
96.65,0.490898
96.66,0.392065
96.67,0.365623
96.68,0.415679
96.69,0.394555
96.70,0.471532
96.71,0.459035
96.73,0.428626
96.74,0.427998
96.75,0.467622
96.76,0.453502
96.77,0.372503
96.78,0.329000
96.79,0.334410
96.80,0.339561
96.81,0.325522
96.82,0.371872
96.83,0.450127
96.84,0.403304
96.85,0.349577
96.86,0.353180
96.87,0.379661
96.89,0.403387
96.90,0.436897
96.91,0.427302
96.92,0.395725
96.93,0.322157
96.94,0.354037
96.95,0.317816
96.96,0.378445
96.97,0.450259
96.98,0.415860
96.99,0.445847
97.00,0.362343
97.01,0.356142
97.02,0.339870
97.03,0.386744
97.05,0.493968
97.06,0.474868
97.07,0.397511
97.08,0.304101
97.09,0.331027
97.10,0.339822
97.11,0.360209
97.12,0.435245
97.13,0.432553
97.14,0.354336
97.15,0.315628
97.16,0.351256
97.17,0.326725
97.18,0.353116
97.19,0.375044
97.21,0.345054
97.22,0.290612
97.23,0.288620
97.24,0.344490
97.25,0.338296
97.26,0.302111
97.27,0.328001
97.28,0.336172
97.29,0.333593
97.30,0.361343
97.31,0.362795
97.32,0.316938
97.33,0.271428
97.34,0.311550
97.35,0.324593
97.37,0.286704
97.38,0.332027
97.39,0.344707
97.40,0.297568
97.41,0.349297
97.42,0.420432
97.43,0.441905
97.44,0.409620
97.45,0.465852
97.46,0.504518
97.47,0.915947
97.48,1.002323
97.49,0.667839
97.50,0.587523
97.51,0.548872
97.53,0.555155
97.54,0.455378
97.55,0.401499
97.56,0.504380
97.57,0.555545
97.58,0.493673
97.59,0.446395
97.60,0.417875
97.61,0.466060
97.62,0.413315
97.63,0.461939
97.64,0.432826
97.65,0.381665
97.66,0.400028
97.67,0.452378
97.69,0.410428
97.70,0.377101
97.71,0.362008
97.72,0.369677
97.73,0.352971
97.74,0.342230
97.75,0.358042
97.76,0.328129
97.77,0.299518
97.78,0.356686
97.79,0.373894
97.80,0.358563
97.81,0.339996
97.82,0.350786
97.83,0.355056
97.85,0.297936
97.86,0.289476
97.87,0.272245
97.88,0.239800
97.89,0.280886
97.90,0.328728
97.91,0.324018
97.92,0.339448
97.93,0.365831
97.94,0.382043
97.95,0.461836
97.96,1.093800
97.97,1.251656
97.98,0.948957
97.99,0.854724
98.01,0.596605
98.02,0.625992
98.03,0.627102
98.04,0.561395
98.05,0.537099
98.06,0.546010
98.07,0.489112
98.08,0.449094
98.09,0.447226
98.10,0.469893
98.11,0.561544
98.12,0.655494
98.13,0.600418
98.14,0.579508
98.15,0.436174
98.17,0.442474
98.18,0.386167
98.19,0.451943
98.20,0.539101
98.21,0.490380
98.22,0.440600
98.23,0.420316
98.24,0.440511
98.25,0.424996
98.26,0.429655
98.27,0.450917
98.28,0.439378
98.29,0.425529
98.30,0.447346
98.31,0.450519
98.33,0.441682
98.34,0.398468
98.35,0.433284
98.36,0.424342
98.37,0.431863
98.38,0.416329
98.39,0.390291
98.40,0.366683
98.41,0.383040
98.42,0.436495
98.43,0.417071
98.44,0.335580
98.45,0.460537
98.46,0.449828
98.47,0.483587
98.49,0.493089
98.50,0.459932
98.51,0.426880
98.52,0.434663
98.53,0.426424
98.54,0.417725
98.55,0.402301
98.56,0.381173
98.57,0.411060
98.58,0.393698
98.59,0.348880
98.60,0.360474
98.61,0.367251
98.62,0.366438
98.63,0.351974
98.65,0.332381
98.66,0.351235
98.67,0.349003
98.68,0.303567
98.69,0.327002
98.70,0.366275
98.71,0.370819
98.72,0.360390
98.73,0.319170
98.74,0.297362
98.75,0.280775
98.76,0.272891
98.77,0.274156
98.78,0.291097
98.79,0.330396
98.81,0.336833
98.82,0.286133
98.83,0.299103
98.84,0.351258
98.85,0.342385
98.86,0.321329
98.87,0.317067
98.88,0.311642
98.89,0.397303
98.90,0.399292
98.91,0.384099
98.92,0.576848
98.93,0.742238
98.94,1.228292
98.95,1.496145
98.97,1.546165
98.98,1.063026
98.99,0.859994
99.00,0.935624
99.01,1.123466
99.02,1.008324
99.03,0.982100
99.04,0.869210
99.05,0.693804
99.06,0.761306
99.07,0.787812
99.08,0.861663
99.09,0.902713
99.10,0.888660
99.11,0.747425
99.13,0.747518
99.14,0.808566
99.15,0.733616
99.16,0.563452
99.17,0.497119
99.18,0.536439
99.19,0.907543
99.20,1.052643
99.21,0.949858
99.22,0.898000
99.23,0.969264
99.24,0.669101
99.25,0.552483
99.26,0.478161
99.27,0.435426
99.29,0.597473
99.30,0.622394
99.31,0.677153
99.32,0.756111
99.33,0.799820
99.34,0.788243
99.35,0.556896
99.36,0.555703
99.37,0.509995
99.38,0.484879
99.39,0.471468
99.40,0.507126
99.41,0.573654
99.42,0.666800
99.43,0.936671
99.45,1.226296
99.46,1.180534
99.47,0.890283
99.48,0.922369
99.49,1.070582
99.50,1.004456
99.51,0.785073
99.52,0.828062
99.53,0.776658
99.54,0.744659
99.55,0.946777
99.56,1.097275
99.57,0.863427
99.58,0.741157
99.59,0.647310
99.61,0.665226
99.62,0.554998
99.63,0.587794
99.64,0.503698
99.65,0.467464
99.66,0.501983
99.67,0.481471
99.68,0.427910
99.69,0.507752
99.70,0.475865
99.71,0.353736
99.72,0.351163
99.73,0.390015
99.74,0.394572
99.75,0.346875
99.77,0.332555
99.78,0.390806
99.79,0.277143
99.80,0.299870
99.81,0.327558
99.82,0.266389
99.83,0.296330
99.84,0.307544
99.85,0.271392
99.86,0.254511
99.87,0.282486
99.88,0.253830
99.89,0.281218
99.90,0.282461
99.91,0.406429
99.93,1.211289
99.94,1.443336
99.95,1.340628
99.96,1.353664
99.97,1.298665
99.98,1.277402
99.99,1.117386
100.00,1.006685
100.01,1.005497
100.02,1.277535
100.03,1.206299
100.04,1.188857
100.05,1.483865
100.06,1.400907
100.07,1.797746
100.09,1.284007
100.10,1.446054
100.11,1.506057
100.12,1.713934
100.13,1.304808
100.14,1.471665
100.15,1.154366
100.16,1.540276
100.17,1.231814
100.18,1.869448
100.19,1.354307
100.20,1.518263
100.21,1.118560
100.22,1.298302
100.23,1.268730
100.25,1.508165
100.26,1.394401
100.27,1.445061
100.28,1.176169
100.29,1.093756
100.30,1.131894
100.31,0.923969
100.32,1.088961
100.33,0.954457
100.34,1.230095
100.35,0.897555
100.36,1.063145
100.37,0.787626
100.38,1.062715
100.39,0.982612
100.41,1.061602
100.42,1.052513
100.43,1.026006
100.44,0.805006
100.45,0.630208
100.46,0.858434
100.47,0.884583
100.48,1.156921
100.49,0.804068
100.50,0.939198
100.51,0.621089
100.52,0.648854
100.53,0.751920
100.54,0.708048
100.55,0.767096
100.57,0.657578
100.58,0.606703
100.59,0.698889
100.60,0.767199
100.61,0.625090
100.62,0.844570
100.63,0.684140
100.64,0.742981
100.65,0.682627
100.66,0.617882
100.67,0.847692
100.68,0.592752
100.69,0.764517
100.70,0.675498
100.71,0.604838
100.73,0.494601
100.74,0.523818
100.75,0.550726
100.76,0.514508
100.77,0.495533
100.78,0.506831
100.79,0.451815
100.80,0.386986
100.81,0.391574
100.82,0.404009
100.83,0.400230
100.84,0.383423
100.85,0.362769
100.86,0.360688
100.87,0.359061
100.89,0.384999
100.90,0.782424
100.91,1.549566
100.92,1.952332
100.93,1.380694
100.94,1.477138
100.95,1.334413
100.96,1.090883
100.97,0.852213
100.98,0.778269
100.99,0.621049
101.00,0.688688
101.01,0.650626
101.02,0.627023
101.03,0.524514
101.05,0.543818
101.06,0.593247
101.07,0.564054
101.08,0.600160
101.09,0.448217
101.10,0.452610
101.11,0.472449
101.12,0.494762
101.13,0.495911
101.14,0.428970
101.15,0.374474
101.16,0.435315
101.17,0.414110
101.18,0.473717
101.19,0.396168
101.21,0.289138
101.22,0.340314
101.23,0.347818
101.24,0.334981
101.25,0.295820
101.26,0.297724
101.27,0.290053
101.28,0.262625
101.29,0.267374
101.30,0.279217
101.31,0.252854
101.32,0.259983
101.33,0.230032
101.34,0.240607
101.35,0.265888
101.37,0.249335
101.38,0.241386
101.39,0.256760
101.40,0.277177
101.41,0.285087
101.42,0.266091
101.43,0.286232
101.44,0.269359
101.45,0.250191
101.46,0.282708
101.47,0.277492
101.48,0.267136
101.49,0.273085
101.50,0.260055
101.51,0.293027
101.53,0.309940
101.54,0.255264
101.55,0.279950
101.56,0.266994
101.57,0.253705
101.58,0.262112
101.59,0.252012
101.60,0.264055
101.61,0.237608
101.62,0.244471
101.63,0.261966
101.64,0.230938
101.65,0.221696
101.66,0.252781
101.67,0.248679
101.69,0.247956
101.70,0.248888
101.71,0.233895
101.72,0.243181
101.73,0.252530
101.74,0.255398
101.75,0.243953
101.76,0.237280
101.77,0.266928
101.78,0.256666
101.79,0.269086
101.80,0.278299
101.81,0.254822
101.82,0.263783
101.83,0.241871
101.85,0.233231
101.86,0.232209
101.87,0.229226
101.88,0.223303
101.89,0.193863
101.90,0.181446
101.91,0.217123
101.92,0.210987
101.93,0.182429
101.94,0.191871
101.95,0.180406
101.96,0.162433
101.97,0.204261
101.98,0.220537
101.99,0.187363
102.01,0.163484
102.02,0.172651
102.03,0.170680
102.04,0.177538
102.05,0.171888
102.06,0.153994
102.07,0.161087
102.08,0.171556
102.09,0.162669
102.10,0.167895
102.11,0.157321
102.12,0.150368
102.13,0.143983
102.14,0.140641
102.15,0.144981
102.17,0.144278
102.18,0.144528
102.19,0.143792
102.20,0.154832
102.21,0.163313
102.22,0.167711
102.23,0.163785
102.24,0.147981
102.25,0.151424
102.26,0.150133
102.27,0.145150
102.28,0.141282
102.29,0.132989
102.30,0.136513
102.31,0.133628
102.33,0.140760
102.34,0.150219
102.35,0.156907
102.36,0.194985
102.37,0.221105
102.38,0.690124
102.39,1.173046
102.40,1.072425
102.41,1.000175
102.42,0.871522
102.43,1.045741
102.44,0.829822
102.45,0.870901
102.46,0.897359
102.47,0.937621
102.49,0.828057
102.50,0.658148
102.51,0.644486
102.52,0.807323
102.53,1.059940
102.54,1.027478
102.55,1.266293
102.56,0.939096
102.57,0.893527
102.58,1.156888
102.59,1.088611
102.60,1.610999
102.61,1.633818
102.62,1.308068
102.63,1.378438
102.65,0.770071
102.66,0.895301
102.67,1.107833
102.68,1.647295
102.69,1.213620
102.70,1.674281
102.71,0.828541
102.72,1.018528
102.73,0.833849
102.74,1.144622
102.75,1.455039
102.76,1.530665
102.77,1.360552
102.78,1.049119
102.79,0.925344
102.81,0.549179
102.82,1.180377
102.83,0.862251
102.84,1.266569
102.85,0.835131
102.86,0.872726
102.87,1.911154
102.88,2.073697
102.89,2.107441
102.90,1.668248
102.91,1.731659
102.92,1.175829
102.93,1.062776
102.94,0.833062
102.95,0.777660
102.97,0.773815
102.98,0.796002
102.99,0.829220
103.00,0.946027
103.01,0.777639
103.02,0.791231
103.03,0.831965
103.04,0.798210
103.05,0.682195
103.06,0.613002
103.07,0.609759
103.08,0.645475
103.09,0.580239
103.10,0.672575
103.11,0.693687
103.13,0.623923
103.14,0.629507
103.15,0.731496
103.16,0.776242
103.17,0.572671
103.18,0.717723
103.19,0.716208
103.20,0.646529
103.21,0.691430
103.22,0.609397
103.23,0.548069
103.24,0.555987
103.25,0.643403
103.26,0.669590
103.27,0.556037
103.29,0.613456
103.30,0.580126
103.31,0.486948
103.32,0.460242
103.33,0.591327
103.34,0.573369
103.35,0.520531
103.36,0.591803
103.37,0.605293
103.38,0.600052
103.39,0.625700
103.40,0.743127
103.41,0.644101
103.42,0.702257
103.43,0.619550
103.45,0.668858
103.46,0.810522
103.47,0.664537
103.48,0.694275
103.49,0.555547
103.50,0.709028
103.51,0.607800
103.52,0.567320
103.53,0.794416
103.54,0.715214
103.55,0.841654
103.56,0.737452
103.57,0.858516
103.58,0.802098
103.59,0.749414
103.61,0.966826
103.62,0.784190
103.63,0.780710
103.64,0.678302
103.65,0.774117
103.66,0.530015
103.67,0.583382
103.68,0.453931
103.69,0.572413
103.70,0.566137
103.71,0.415411
103.72,0.488363
103.73,0.443716
103.74,0.465509
103.75,0.572153
103.77,0.458636
103.78,0.427169
103.79,0.394444
103.80,0.371504
103.81,0.316963
103.82,0.299597
103.83,0.319333
103.84,0.378707
103.85,0.747615
103.86,1.211831
103.87,1.106754
103.88,0.916498
103.89,1.038495
103.90,1.183798
103.91,1.245145
103.93,1.101140
103.94,0.898061
103.95,0.887830
103.96,0.905832
103.97,0.823230
103.98,0.844109
103.99,0.587428
104.00,0.920868
104.01,0.814625
104.02,0.939468
104.03,0.790274
104.04,0.698828
104.05,0.944978
104.06,0.917862
104.07,1.021595
104.09,0.952987
104.10,1.192824
104.11,1.218345
104.12,1.651591
104.13,1.529379
104.14,1.842561
104.15,1.371624
104.16,1.286152
104.17,1.063215
104.18,0.645883
104.19,0.871532
104.20,0.523248
104.21,0.787059
104.22,0.845621
104.23,1.007976
104.25,1.376061
104.26,1.075593
104.27,1.205001
104.28,0.927211
104.29,1.135117
104.30,1.149386
104.31,0.702762
104.32,0.744290
104.33,0.582005
104.34,0.769743
104.35,0.715611
104.36,0.831414
104.37,0.655569
104.38,0.844494
104.39,1.090559
104.41,0.752664
104.42,0.876492
104.43,0.804061
104.44,0.608624
104.45,0.671588
104.46,0.554087
104.47,0.483170
104.48,0.547777
104.49,0.600447
104.50,0.591459
104.51,0.557126
104.52,0.546492
104.53,0.683898
104.54,0.576094
104.55,0.691365
104.57,0.808724
104.58,0.495503
104.59,0.822469
104.60,0.833201
104.61,0.469913
104.62,0.609223
104.63,0.648243
104.64,0.457301
104.65,0.539443
104.66,0.663285
104.67,0.478867
104.68,0.615361
104.69,0.513434
104.70,0.534701
104.71,0.562306
104.73,0.627247
104.74,0.398100
104.75,0.358711
104.76,0.490895
104.77,0.399633
104.78,0.378643
104.79,0.332495
104.80,0.345388
104.81,0.321515
104.82,0.387941
104.83,1.181831
104.84,1.749510
104.85,1.885988
104.86,1.351651
104.87,1.300851
104.89,1.282206
104.90,1.314191
104.91,0.943160
104.92,0.651704
104.93,0.561659
104.94,0.560571
104.95,0.682846
104.96,0.888403
104.97,0.829063
104.98,0.805523
104.99,0.962831
105.00,0.740136
105.01,0.563509
105.02,0.419999
105.03,0.362052
105.05,0.398188
105.06,0.426168
105.07,0.389217
105.08,0.341881
105.09,0.332798
105.10,0.259133
105.11,0.248724
105.12,0.291259
105.13,0.292454
105.14,0.334851
105.15,0.364232
105.16,0.318561
105.17,0.299908
105.18,0.286718
105.19,0.257966
105.21,0.218758
105.22,0.214442
105.23,0.193078
105.24,0.185802
105.25,0.182959
105.26,0.186758
105.27,0.179899
105.28,0.188572
105.29,0.179295
105.30,0.190674
105.31,0.219009
105.32,0.278054
105.33,0.933727
105.34,1.215479
105.35,1.225595
105.37,1.121658
105.38,0.994091
105.39,0.617682
105.40,0.746258
105.41,1.025174
105.42,1.072729
105.43,0.918250
105.44,0.864337
105.45,0.713571
105.46,0.915748
105.47,1.074040
105.48,1.533594
105.49,1.143614
105.50,1.257912
105.51,1.511843
105.53,1.716240
105.54,1.583461
105.55,1.034227
105.56,1.319873
105.57,1.215609
105.58,1.175771
105.59,1.692599
105.60,0.934578
105.61,1.223131
105.62,1.097329
105.63,0.949806
105.64,1.074849
105.65,0.805852
105.66,0.863147
105.67,1.097771
105.69,0.968663
105.70,1.372261
105.71,0.992218
105.72,0.763219
105.73,0.812948
105.74,0.854227
105.75,0.974784
105.76,0.994307
105.77,0.622785
105.78,0.691975
105.79,0.802112
105.80,0.592703
105.81,0.636284
105.82,0.698831
105.83,0.684074
105.85,0.936542
105.86,0.814496
105.87,0.777189
105.88,0.750745
105.89,0.528530
105.90,0.812519
105.91,0.711424
105.92,0.857693
105.93,0.762062
105.94,0.569855
105.95,0.593957
105.96,0.668146
105.97,0.825659
105.98,0.543279
105.99,0.769412
106.01,0.715410
106.02,0.560410
106.03,0.533624
106.04,0.671951
106.05,0.542077
106.06,0.520291
106.07,0.518442
106.08,0.616601
106.09,0.528621
106.10,0.417632
106.11,0.386712
106.12,0.361843
106.13,0.335298
106.14,0.339722
106.15,0.408061
106.17,0.274150
106.18,0.267145
106.19,0.217930
106.20,0.229370
106.21,0.179555
106.22,0.192411
106.23,0.203370
106.24,0.195712
106.25,0.218822
106.26,0.198636
106.27,0.200684
106.28,0.220464
106.29,0.219138
106.30,0.227221
106.31,0.860084
106.33,1.127658
106.34,1.068618
106.35,0.817499
106.36,0.847544
106.37,1.004013
106.38,0.839036
106.39,0.550429
106.40,0.830239
106.41,0.929402
106.42,0.812561
106.43,1.109547
106.44,1.155070
106.45,1.445088
106.46,1.488235
106.47,1.363017
106.49,1.415255
106.50,1.036221
106.51,0.924312
106.52,1.357405
106.53,1.637636
106.54,1.827066
106.55,1.496691
106.56,1.208822
106.57,0.852680
106.58,1.162606
106.59,1.513214
106.60,1.022678
106.61,1.113908
106.62,1.020894
106.63,0.826475
106.65,1.439953
106.66,0.919125
106.67,0.901974
106.68,0.888227
106.69,0.878061
106.70,1.304177
106.71,1.348715
106.72,1.082458
106.73,1.081438
106.74,0.413789
106.75,0.956827
106.76,0.717499
106.77,0.724869
106.78,0.890045
106.79,0.537067
106.81,1.717008
106.82,2.132491
106.83,1.934772
106.84,1.798433
106.85,1.612185
106.86,0.997241
106.87,1.112977
106.88,1.216992
106.89,1.188136
106.90,1.138852
106.91,1.009964
106.92,1.181210
106.93,0.966567
106.94,0.934413
106.95,0.922832
106.97,0.900800
106.98,0.954568
106.99,0.929625
107.00,0.856203
107.01,0.917658
107.02,1.100869
107.03,0.913439
107.04,0.972637
107.05,0.948547
107.06,0.846169
107.07,0.846907
107.08,0.911833
107.09,0.874603
107.10,0.881129
107.11,0.880757
107.13,0.913352
107.14,0.843724
107.15,0.814570
107.16,0.830550
107.17,0.792303
107.18,0.713084
107.19,0.901797
107.20,0.766985
107.21,0.827144
107.22,0.878707
107.23,0.787910
107.24,0.785662
107.25,0.898564
107.26,0.733872
107.27,0.687962
107.29,0.865549
107.30,0.788664
107.31,0.766095
107.32,0.872828
107.33,0.717396
107.34,0.690247
107.35,0.794239
107.36,0.760585
107.37,0.745009
107.38,0.728238
107.39,0.738155
107.40,0.711352
107.41,0.668767
107.42,0.829592
107.43,0.620773
107.45,0.713454
107.46,0.798791
107.47,0.789380
107.48,0.751474
107.49,0.842491
107.50,0.717743
107.51,0.643765
107.52,0.684952
107.53,0.640628
107.54,0.750046
107.55,0.652830
107.56,0.672129
107.57,0.663921
107.58,0.771413
107.59,0.706812
107.61,0.582204
107.62,0.594939
107.63,0.633301
107.64,0.706213
107.65,0.640813
107.66,0.611414
107.67,0.595430
107.68,0.728389
107.69,0.808551
107.70,0.617270
107.71,0.729292
107.72,0.723898
107.73,0.704713
107.74,0.631055
107.75,0.703813
107.77,0.604351
107.78,0.600757
107.79,0.720953
107.80,1.034823
107.81,1.161755
107.82,0.892424
107.83,0.673033
107.84,0.733811
107.85,1.200324
107.86,1.034200
107.87,1.258794
107.88,1.077040
107.89,0.414171
107.90,0.870934
107.91,1.389296
107.93,1.025652
107.94,0.950512
107.95,1.353394
107.96,1.363649
107.97,1.172041
107.98,1.287918
107.99,1.264176
108.00,1.053751
108.01,1.664882
108.02,1.231585
108.03,1.596662
108.04,1.349340
108.05,1.095319
108.06,1.174708
108.07,0.781020
108.09,1.023656
108.10,0.871053
108.11,0.981991
108.12,1.126059
108.13,1.008440
108.14,1.209827
108.15,1.147927
108.16,1.100562
108.17,1.199835
108.18,0.849870
108.19,1.092466
108.20,0.940598
108.21,0.972142
108.22,0.695174
108.23,0.722363
108.25,0.833724
108.26,0.822108
108.27,1.234510
108.28,1.044526
108.29,0.928985
108.30,1.015797
108.31,0.631832
108.32,0.654779
108.33,0.628732
108.34,0.640008
108.35,0.563271
108.36,0.590494
108.37,0.613512
108.38,0.646071
108.39,0.604373
108.41,0.559821
108.42,0.602644
108.43,0.742740
108.44,0.515150
108.45,0.478748
108.46,0.693786
108.47,0.518039
108.48,0.412965
108.49,0.488470
108.50,0.470516
108.51,0.409368
108.52,0.549017
108.53,0.541462
108.54,0.399210
108.55,0.529479
108.57,0.432924
108.58,0.342717
108.59,0.380448
108.60,0.330456
108.61,0.303204
108.62,0.282402
108.63,0.318292
108.64,0.271707
108.65,0.279889
108.66,0.234156
108.67,0.224233
108.68,0.225045
108.69,0.201854
108.70,0.208654
108.71,0.188909
108.73,0.221049
108.74,0.206541
108.75,0.294122
108.76,0.303508
108.77,1.133546
108.78,1.762240
108.79,1.699169
108.80,1.230220
108.81,1.447913
108.82,1.056771
108.83,1.012763
108.84,0.959199
108.85,0.873956
108.86,0.606580
108.87,0.582292
108.89,0.626496
108.90,0.644900
108.91,0.732136
108.92,0.676943
108.93,0.619093
108.94,0.558815
108.95,0.496068
108.96,0.509603
108.97,0.522178
108.98,0.453732
108.99,0.508424
109.00,0.514890
109.01,0.394549
109.02,0.406086
109.03,0.366216
109.05,0.362576
109.06,0.352417
109.07,0.374257
109.08,0.391682
109.09,0.364593
109.10,0.310996
109.11,0.311632
109.12,0.306188
109.13,0.303034
109.14,0.309091
109.15,0.269961
109.16,0.244501
109.17,0.234785
109.18,0.257638
109.19,0.214837
109.21,0.187257
109.22,0.191398
109.23,0.197223
109.24,0.219435
109.25,0.200957
109.26,0.189789
109.27,0.205942
109.28,0.232747
109.29,0.240891
109.30,0.253970
109.31,0.267848
109.32,0.278933
109.33,0.248899
109.34,0.230687
109.35,0.198024
109.37,0.185113
109.38,0.181875
109.39,0.176947
109.40,0.165133
109.41,0.192953
109.42,0.176449
109.43,0.187605
109.44,0.185561
109.45,0.178449
109.46,0.182353
109.47,0.184633
109.48,0.182486
109.49,0.187699
109.50,0.192507
109.51,0.176159
109.53,0.166216
109.54,0.176090
109.55,0.177737
109.56,0.179259
109.57,0.179580
109.58,0.194853
109.59,0.206951
109.60,0.189599
109.61,0.194320
109.62,0.198955
109.63,0.179053
109.64,0.205750
109.65,0.184433
109.66,0.174785
109.67,0.164617
109.69,0.170565
109.70,0.179111
109.71,0.177049
109.72,0.164176
109.73,0.154020
109.74,0.156825
109.75,0.172382
109.76,0.198387
109.77,0.194117
109.78,0.186291
109.79,0.168379
109.80,0.176720
109.81,0.167850
109.82,0.175908
109.83,0.184026
109.85,0.201087
109.86,0.193712
109.87,0.190615
109.88,0.165528
109.89,0.181149
109.90,0.184446
109.91,0.179619
109.92,0.169805
109.93,0.155359
109.94,0.156700
109.95,0.156777
109.96,0.146301
109.97,0.159389
109.98,0.141904
109.99,0.128673
110.01,0.139248
110.02,0.156389
110.03,0.167487
110.04,0.132709
110.05,0.138729
110.06,0.131798
110.07,0.133827
110.08,0.113222
110.09,0.133455
110.10,0.135451
110.11,0.129020
110.12,0.134805
110.13,0.144607
110.14,0.138875
110.15,0.146108
110.17,0.133849
110.18,0.154193
110.19,0.138285
110.20,0.128030
110.21,0.142811
110.22,0.178406
110.23,0.269933
110.24,0.412370
110.25,0.969806
110.26,1.242085
110.27,1.138777
110.28,0.906158
110.29,0.983320
110.30,0.974128
110.31,0.944374
110.33,0.921976
110.34,1.012223
110.35,0.860125
110.36,0.804527
110.37,0.508815
110.38,0.918036
110.39,1.137570
110.40,1.427780
110.41,0.920749
110.42,1.120961
110.43,1.168491
110.44,1.362042
110.45,0.940155
110.46,0.940506
110.47,1.095349
110.49,1.371348
110.50,1.480033
110.51,1.841281
110.52,1.162642
110.53,1.423422
110.54,1.220710
110.55,1.758040
110.56,1.139538
110.57,1.226070
110.58,0.778586
110.59,1.066370
110.60,1.197085
110.61,1.326019
110.62,0.740704
110.63,0.508767
110.65,0.446656
110.66,0.641421
110.67,0.620438
110.68,0.733997
110.69,0.511484
110.70,0.314034
110.71,0.646842
110.72,0.820374
110.73,1.145877
110.74,1.788509
110.75,2.205477
110.76,1.826407
110.77,1.693232
110.78,1.282997
110.79,1.241469
110.81,1.263096
110.82,1.161830
110.83,0.854414
110.84,0.909948
110.85,0.944893
110.86,0.900737
110.87,1.066213
110.88,1.069008
110.89,1.116355
110.90,0.814279
110.91,0.868622
110.92,0.877067
110.93,0.878266
110.94,0.820259
110.95,0.838081
110.97,0.828643
110.98,0.771544
110.99,0.794813
111.00,0.737977
111.01,0.822590
111.02,0.804280
111.03,0.731198
111.04,0.664260
111.05,0.648561
111.06,0.614040
111.07,0.766693
111.08,0.635914
111.09,0.679092
111.10,0.600479
111.11,0.768818
111.13,0.580355
111.14,0.634231
111.15,0.575590
111.16,0.677569
111.17,0.721297
111.18,0.600149
111.19,0.599919
111.20,0.669660
111.21,0.638793
111.22,0.670819
111.23,0.956475
111.24,1.203302
111.25,0.974440
111.26,0.772090
111.27,0.973161
111.29,1.281974
111.30,0.923202
111.31,1.049174
111.32,1.217357
111.33,1.075633
111.34,0.842843
111.35,0.945543
111.36,0.932301
111.37,0.984683
111.38,0.853057
111.39,0.877377
111.40,1.086779
111.41,0.902188
111.42,0.922408
111.43,1.229140
111.45,0.825148
111.46,1.305174
111.47,1.257043
111.48,1.503561
111.49,1.606392
111.50,1.247328
111.51,1.648851
111.52,0.951356
111.53,1.116408
111.54,0.919079
111.55,0.825135
111.56,0.825852
111.57,0.644542
111.58,1.014565
111.59,0.981761
111.61,0.878696
111.62,1.126779
111.63,0.820392
111.64,1.299292
111.65,0.836919
111.66,0.877192
111.67,0.796699
111.68,0.620102
111.69,0.801894
111.70,0.738942
111.71,0.627057
111.72,1.099208
111.73,1.406988
111.74,1.381132
111.75,1.091187
111.77,1.082663
111.78,0.914382
111.79,0.775656
111.80,0.672907
111.81,0.928589
111.82,0.872217
111.83,0.699379
111.84,0.929006
111.85,0.944371
111.86,0.853592
111.87,0.664400
111.88,0.476088
111.89,1.071955
111.90,1.314071
111.91,1.080875
111.93,1.572917
111.94,1.126375
111.95,1.331662
111.96,1.412411
111.97,1.548724
111.98,1.275556
111.99,1.282988
112.00,1.325301
112.01,1.495844
112.02,1.252848
112.03,1.232942
112.04,1.415171
112.05,1.599932
112.06,1.468092
112.07,1.182576
112.09,1.106557
112.10,1.389185
112.11,1.380732
112.12,1.013984
112.13,0.941236
112.14,1.198010
112.15,1.052453
112.16,0.798959
112.17,0.784134
112.18,1.183570
112.19,1.000573
112.20,1.008873
112.21,0.879629
112.22,1.142306
112.23,1.080665
112.25,0.794341
112.26,0.706481
112.27,1.051769
112.28,0.937082
112.29,0.665002
112.30,0.525499
112.31,0.752443
112.32,0.604278
112.33,0.642667
112.34,0.539443
112.35,0.671100
112.36,0.630973
112.37,0.458449
112.38,0.521766
112.39,0.476469
112.41,0.508556
112.42,0.390768
112.43,0.324975
112.44,0.391123
112.45,0.386817
112.46,0.342421
112.47,0.267376
112.48,0.291867
112.49,0.390616
112.50,0.281353
112.51,0.286998
112.52,0.265122
112.53,0.312376
112.54,0.239866
112.55,0.222242
112.57,0.247172
112.58,0.225464
112.59,0.216386
112.60,0.189946
112.61,0.192132
112.62,0.175704
112.63,0.202254
112.64,0.221357
112.65,0.188397
112.66,0.209849
112.67,0.282400
112.68,0.334563
112.69,0.346181
112.70,1.268117
112.71,1.715096
112.73,1.773413
112.74,1.306111
112.75,1.390499
112.76,1.098637
112.77,0.902094
112.78,0.831556
112.79,0.807888
112.80,0.765513
112.81,0.743005
112.82,0.662202
112.83,0.627926
112.84,0.598557
112.85,0.492339
112.86,0.550896
112.87,0.562181
112.89,0.452125
112.90,0.433512
112.91,0.447953
112.92,0.401148
112.93,0.320285
112.94,0.321659
112.95,0.337803
112.96,0.355177
112.97,0.329205
112.98,0.284055
112.99,0.256175
113.00,0.277366
113.01,0.292933
113.02,0.295007
113.03,0.256787
113.05,0.218432
113.06,0.218441
113.07,0.272302
113.08,0.241871
113.09,0.245387
113.10,0.227716
113.11,0.224184
113.12,0.209227
113.13,0.224135
113.14,0.210890
113.15,0.233501
113.16,0.183458
113.17,0.154049
113.18,0.157947
113.19,0.180791
113.21,0.240743
113.22,0.278091
113.23,0.277108
113.24,0.259708
113.25,0.241759
113.26,0.230155
113.27,0.214399
113.28,0.202560
113.29,0.202045
113.30,0.213075
113.31,0.209710
113.32,0.197465
113.33,0.215024
113.34,0.208182
113.35,0.176891
113.37,0.186150
113.38,0.193762
113.39,0.205145
113.40,0.206355
113.41,0.194745
113.42,0.191698
113.43,0.201529
113.44,0.179544
113.45,0.173503
113.46,0.174846
113.47,0.159182
113.48,0.146087
113.49,0.159587
113.50,0.173971
113.51,0.151238
113.53,0.163551
113.54,0.189058
113.55,0.168350
113.56,0.180362
113.57,0.184805
113.58,0.180117
113.59,0.179062
113.60,0.180038
113.61,0.162577
113.62,0.166770
113.63,0.170087
113.64,0.163332
113.65,0.151097
113.66,0.160261
113.67,0.158394
113.69,0.161872
113.70,0.155564
113.71,0.142985
113.72,0.175920
113.73,0.161516
113.74,0.143568
113.75,0.152156
113.76,0.158416
113.77,0.185760
113.78,0.183711
113.79,0.242434
113.80,0.240446
113.81,0.191756
113.82,0.179960
113.83,0.171211
113.85,0.195831
113.86,0.169221
113.87,0.142156
113.88,0.177957
113.89,0.172084
113.90,0.175988
113.91,0.169556
113.92,0.151427
113.93,0.148118
113.94,0.137238
113.95,0.148015
113.96,0.152376
113.97,0.144116
113.98,0.151414
113.99,0.140573
114.01,0.150723
114.02,0.154933
114.03,0.139312
114.04,0.111877
114.05,0.127066
114.06,0.139226
114.07,0.136975
114.08,0.155815
114.09,0.156652
114.10,0.165922
114.11,0.178491
114.12,0.170188
114.13,0.171698
114.14,0.173226
114.15,0.170011
114.17,0.163752
114.18,0.333390
114.19,1.015125
114.20,1.327052
114.21,1.190360
114.22,0.826807
114.23,0.926181
114.24,0.988901
114.25,1.022045
114.26,0.881126
114.27,1.154690
114.28,0.991372
114.29,0.851219
114.30,0.681743
114.31,0.994787
114.33,1.333847
114.34,1.912760
114.35,1.815244
114.36,1.385246
114.37,1.227842
114.38,0.975606
114.39,1.243920
114.40,1.171283
114.41,0.797004
114.42,0.783754
114.43,1.091129
114.44,1.091191
114.45,0.722878
114.46,0.596294
114.47,0.870348
114.49,0.836300
114.50,0.713246
114.51,0.401498
114.52,0.697774
114.53,0.749031
114.54,0.754596
114.55,0.490233
114.56,0.583243
114.57,0.714662
114.58,0.770104
114.59,0.500690
114.60,0.500583
114.61,0.576167
114.62,0.570137
114.63,0.404387
114.65,0.508167
114.66,0.569545
114.67,1.048526
114.68,1.605980
114.69,1.827898
114.70,1.457369
114.71,1.499073
114.72,1.412484
114.73,1.426728
114.74,1.478966
114.75,1.313734
114.76,1.004531
114.77,1.029741
114.78,1.046943
114.79,1.060636
114.81,1.059207
114.82,0.899289
114.83,0.904267
114.84,0.995562
114.85,0.867299
114.86,0.764508
114.87,0.722137
114.88,0.732136
114.89,0.750974
114.90,0.768885
114.91,0.699733
114.92,0.658809
114.93,0.600362
114.94,0.740913
114.95,0.753546
114.97,0.692101
114.98,0.675325
114.99,0.667524
115.00,0.654533
115.01,0.672187
115.02,0.646426
115.03,0.631512
115.04,0.628149
115.05,0.604902
115.06,0.569561
115.07,0.618701
115.08,0.641152
115.09,0.641447
115.10,0.616680
115.11,0.593657
115.13,0.605873
115.14,0.597860
115.15,0.558552
115.16,0.569722
115.17,0.592092
115.18,0.554574
115.19,0.541013
115.20,0.751493
115.21,0.770654
115.22,0.709313
115.23,0.630130
115.24,0.558103
115.25,0.594600
115.26,0.678579
115.27,0.621902
115.29,0.595080
115.30,0.635916
115.31,0.708904
115.32,0.607495
115.33,0.544278
115.34,0.606979
115.35,0.673677
115.36,0.608311
115.37,0.628979
115.38,0.653365
115.39,0.661938
115.40,0.561109
115.41,0.532063
115.42,0.586251
115.43,0.608391
115.45,0.575979
115.46,0.520901
115.47,0.563171
115.48,0.574220
115.49,0.550287
115.50,0.536013
115.51,0.530235
115.52,0.571462
115.53,0.499208
115.54,0.528433
115.55,0.525611
115.56,0.499816
115.57,0.451759
115.58,0.490890
115.59,0.439441
115.61,0.497529
115.62,0.492335
115.63,0.578166
115.64,0.675933
115.65,0.793261
115.66,1.299921
115.67,1.427125
115.68,1.208256
115.69,1.092536
115.70,0.846434
115.71,0.736501
115.72,0.808525
115.73,1.152187
115.74,1.336989
115.75,1.173524
115.77,1.061756
115.78,1.047435
115.79,1.077051
115.80,1.330105
115.81,1.267894
115.82,1.344830
115.83,1.736095
115.84,1.419186
115.85,1.529700
115.86,1.334909
115.87,1.815796
115.88,1.264617
115.89,1.690891
115.90,1.115454
115.91,1.613106
115.93,1.632415
115.94,1.600493
115.95,1.557660
115.96,1.509874
115.97,1.433267
115.98,1.124875
115.99,1.286185
116.00,1.010124
116.01,1.413006
116.02,1.091899
116.03,1.243224
116.04,0.989096
116.05,1.003366
116.06,0.943812
116.07,1.147251
116.09,1.013243
116.10,1.108488
116.11,1.011722
116.12,0.992384
116.13,0.991054
116.14,0.833140
116.15,0.977914
116.16,0.933330
116.17,1.239603
116.18,0.933553
116.19,1.042627
116.20,0.767870
116.21,0.821550
116.22,0.825528
116.23,0.712213
116.25,0.826707
116.26,0.986070
116.27,0.731848
116.28,0.782768
116.29,0.743290
116.30,0.557963
116.31,0.789753
116.32,0.623699
116.33,0.705162
116.34,0.656655
116.35,0.520687
116.36,0.581302
116.37,0.542673
116.38,0.598189
116.39,0.553247
116.41,0.444634
116.42,0.484190
116.43,0.446169
116.44,0.431022
116.45,0.400961
116.46,0.390000
116.47,0.354878
116.48,0.342798
116.49,0.317486
116.50,0.343607
116.51,0.353340
116.52,0.275295
116.53,0.265728
116.54,0.270923
116.55,0.291370
116.57,0.298429
116.58,0.270395
116.59,0.296775
116.60,0.296945
116.61,0.337396
116.62,0.333937
116.63,0.408329
116.64,1.387705
116.65,1.655866
116.66,1.577552
116.67,1.286514
116.68,1.364313
116.69,1.059608
116.70,0.850218
116.71,0.679043
116.73,0.598972
116.74,0.537625
116.75,0.648300
116.76,0.689310
116.77,0.660306
116.78,0.603013
116.79,0.618727
116.80,0.576582
116.81,0.549675
116.82,0.468102
116.83,0.395072
116.84,0.404635
116.85,0.398637
116.86,0.409034
116.87,0.367134
116.89,0.348053
116.90,0.342991
116.91,0.327659
116.92,0.318212
116.93,0.329975
116.94,0.338690
116.95,0.389937
116.96,0.361828
116.97,0.308185
116.98,0.300233
116.99,0.369338
117.00,0.384315
117.01,0.350138
117.02,0.278961
117.03,0.266177
117.05,0.268864
117.06,0.256231
117.07,0.237170
117.08,0.253151
117.09,0.260724
117.10,0.284431
117.11,0.285794
117.12,0.315264
117.13,0.364828
117.14,0.383628
117.15,0.335929
117.16,0.326356
117.17,0.321360
117.18,0.303867
117.19,0.298662
117.21,0.302389
117.22,0.271494
117.23,0.271959
117.24,0.285689
117.25,0.248923
117.26,0.247122
117.27,0.240186
117.28,0.280482
117.29,0.291306
117.30,0.279970
117.31,0.266389
117.32,0.241703
117.33,0.254882
117.34,0.240485
117.35,0.245786
117.37,0.225278
117.38,0.236604
117.39,0.253755
117.40,0.226347
117.41,0.239117
117.42,0.233841
117.43,0.245269
117.44,0.226005
117.45,0.216868
117.46,0.219736
117.47,0.235037
117.48,0.246492
117.49,0.235279
117.50,0.244274
117.51,0.218837
117.53,0.232883
117.54,0.219095
117.55,0.194290
117.56,0.213437
117.57,0.206504
117.58,0.205774
117.59,0.193508
117.60,0.189187
117.61,0.197563
117.62,0.226138
117.63,0.225268
117.64,0.186607
117.65,0.178942
117.66,0.178761
117.67,0.202589
117.69,0.201701
117.70,0.207409
117.71,0.211080
117.72,0.196326
117.73,0.194046
117.74,0.167916
117.75,0.194245
117.76,0.190076
117.77,0.184168
117.78,0.182557
117.79,0.170794
117.80,0.178540
117.81,0.183234
117.82,0.203140
117.83,0.199111
117.85,0.189797
117.86,0.180887
117.87,0.177852
117.88,0.179193
117.89,0.186002
117.90,0.177003
117.91,0.174767
117.92,0.189113
117.93,0.169823
117.94,0.177228
117.95,0.189082
117.96,0.187243
117.97,0.164953
117.98,0.171468
117.99,0.186113
118.01,0.179292
118.02,0.176893
118.03,0.166091
118.04,0.173266
118.05,0.155052
118.06,0.151123
118.07,0.165988
118.08,0.169891
118.09,0.184512
118.10,0.246565
118.11,0.532677
118.12,0.960767
118.13,0.908959
118.14,0.783497
118.15,0.576632
118.17,0.698191
118.18,0.695948
118.19,0.879024
118.20,0.631235
118.21,0.554902
118.22,0.473605
118.23,0.497335
118.24,0.573793
118.25,0.690538
118.26,0.610400
118.27,1.138854
118.28,1.199552
118.29,0.889869
118.30,1.186195
118.31,1.235742
118.33,0.798712
118.34,1.100054
118.35,0.773122
118.36,1.149977
118.37,0.806884
118.38,1.118696
118.39,0.785948
118.40,0.949046
118.41,0.676127
118.42,0.978165
118.43,0.668758
118.44,0.918695
118.45,0.744913
118.46,0.923230
118.47,0.718537
118.49,0.883558
118.50,0.669001
118.51,0.818013
118.52,0.668197
118.53,0.719852
118.54,0.520566
118.55,0.551008
118.56,0.450021
118.57,0.461401
118.58,0.408387
118.59,0.511045
118.60,1.404942
118.61,1.889459
118.62,1.900512
118.63,1.446653
118.65,1.487176
118.66,1.441982
118.67,1.498477
118.68,1.182893
118.69,1.143264
118.70,1.084398
118.71,0.773132
118.72,0.746312
118.73,0.901376
118.74,0.946551
118.75,0.833065
118.76,0.806501
118.77,0.700777
118.78,0.766367
118.79,0.912663
118.81,0.778153
118.82,0.849547
118.83,0.644817
118.84,0.726911
118.85,1.018888
118.86,0.803718
118.87,0.789330
118.88,0.749343
118.89,0.688260
118.90,0.851400
118.91,0.805699
118.92,0.820276
118.93,0.665787
118.94,0.689500
118.95,0.861064
118.97,0.683842
118.98,0.695036
118.99,0.570202
119.00,0.778781
119.01,0.824867
119.02,0.568327
119.03,0.644017
119.04,0.481905
119.05,0.740932
119.06,0.696393
119.07,0.583577
119.08,0.672987
119.09,0.489330
119.10,0.710616
119.11,0.672683
119.13,0.974450
119.14,0.782217
119.15,0.832514
119.16,0.603335
119.17,0.613520
119.18,0.879865
119.19,0.635104
119.20,0.746391
119.21,0.583726
119.22,0.735119
119.23,0.878700
119.24,0.509907
119.25,0.815825
119.26,0.888599
119.27,0.591757
119.29,0.826175
119.30,0.620893
119.31,0.658386
119.32,0.718474
119.33,0.529655
119.34,0.877292
119.35,0.899112
119.36,0.631627
119.37,0.838856
119.38,0.636382
119.39,0.634796
119.40,0.723197
119.41,0.583945
119.42,0.829759
119.43,0.800717
119.45,0.592169
119.46,0.791851
119.47,0.646804
119.48,0.701971
119.49,0.719623
119.50,0.625553
119.51,0.760676
119.52,0.758477
119.53,0.565332
119.54,0.806804
119.55,0.806981
119.56,0.600424
119.57,0.777558
119.58,0.865986
119.59,1.155583
119.61,1.303010
119.62,0.971565
119.63,0.731632
119.64,0.967691
119.65,0.826959
119.66,0.861889
119.67,1.267794
119.68,0.943526
119.69,0.821607
119.70,0.785841
119.71,0.742472
119.72,0.401613
119.73,0.439867
119.74,0.771126
119.75,0.805957
119.77,0.755308
119.78,0.764081
119.79,1.017044
119.80,0.733483
119.81,0.595857
119.82,0.559327
119.83,0.615131
119.84,1.220697
119.85,1.245755
119.86,1.242366
119.87,1.642823
119.88,1.290583
119.89,1.511152
119.90,1.046578
119.91,1.411270
119.93,1.013033
119.94,0.871217
119.95,0.620569
119.96,0.618000
119.97,0.691418
119.98,0.676354
119.99,0.950972
120.00,0.936748
120.01,1.208871
120.02,1.357893
120.03,0.879628
120.04,1.094619
120.05,0.656165
120.06,0.502191
120.07,0.345637
120.09,0.405729
120.10,0.398887
120.11,0.664541
120.12,0.898834
120.13,0.777168
120.14,1.129082
120.15,0.980799
120.16,0.566950
120.17,0.748911
120.18,0.740408
120.19,0.539739
120.20,0.663559
120.21,0.601110
120.22,0.444012
120.23,0.676575
120.25,0.592977
120.26,0.427312
120.27,0.576106
120.28,0.672525
120.29,0.524108
120.30,0.634308
120.31,0.555176
120.32,0.591001
120.33,0.667471
120.34,0.414114
120.35,0.654798
120.36,0.527239
120.37,0.540028
120.38,0.562942
120.39,0.471719
120.41,0.605889
120.42,0.491679
120.43,0.457016
120.44,0.405931
120.45,0.497121
120.46,0.453303
120.47,0.447232
120.48,0.293682
120.49,0.317965
120.50,0.403139
120.51,0.221578
120.52,0.326181
120.53,0.298270
120.54,0.314462
120.55,0.370240
120.57,0.449764
120.58,1.447676
120.59,1.953578
120.60,1.427937
120.61,1.409100
120.62,1.225417
120.63,0.840778
120.64,0.914878
120.65,0.838049
120.66,0.741713
120.67,0.610614
120.68,0.481423
120.69,0.456444
120.70,0.563027
120.71,0.558704
120.73,0.555829
120.74,0.599511
120.75,0.535004
120.76,0.501471
120.77,0.446193
120.78,0.398749
120.79,0.342237
120.80,0.339808
120.81,0.323485
120.82,0.305547
120.83,0.321538
120.84,0.304211
120.85,0.323261
120.86,0.322800
120.87,0.312114
120.89,0.291251
120.90,0.276624
120.91,0.283113
120.92,0.258276
120.93,0.229377
120.94,0.217718
120.95,0.221035
120.96,0.250468
120.97,0.253217
120.98,0.219651
120.99,0.212945
121.00,0.225341
121.01,0.234099
121.02,0.243096
121.03,0.290970
121.05,0.321985
121.06,0.319249
121.07,0.709037
121.08,1.115982
121.09,1.138205
121.10,0.996390
121.11,0.920918
121.12,1.219808
121.13,0.982622
121.14,0.900824
121.15,0.859554
121.16,0.900777
121.17,0.646205
121.18,0.737210
121.19,0.732212
121.21,0.914636
121.22,0.788975
121.23,1.115719
121.24,1.285550
121.25,1.552759
121.26,1.425824
121.27,1.352109
121.28,1.530765
121.29,1.045856
121.30,1.356631
121.31,1.347939
121.32,1.148649
121.33,1.603131
121.34,1.057337
121.35,0.828821
121.37,1.054567
121.38,1.211530
121.39,1.549544
121.40,1.480939
121.41,0.963224
121.42,1.043919
121.43,0.961839
121.44,0.931751
121.45,1.439899
121.46,0.978819
121.47,0.859248
121.48,1.190303
121.49,0.834977
121.50,0.866513
121.51,0.913921
121.53,0.495748
121.54,0.897764
121.55,1.110793
121.56,0.970728
121.57,0.916693
121.58,0.614298
121.59,0.742255
121.60,0.784207
121.61,0.811374
121.62,1.040127
121.63,0.749196
121.64,0.702518
121.65,0.591514
121.66,0.604780
121.67,0.732354
121.69,0.581197
121.70,0.625260
121.71,0.538718
121.72,0.463000
121.73,0.379568
121.74,0.461960
121.75,0.530859
121.76,0.384813
121.77,0.440956
121.78,0.308050
121.79,0.308090
121.80,0.239853
121.81,0.282030
121.82,0.246078
121.83,0.241027
121.85,0.236548
121.86,0.200951
121.87,0.232104
121.88,0.227566
121.89,0.233576
121.90,0.217420
121.91,0.200957
121.92,0.210665
121.93,0.195804
121.94,0.182909
121.95,0.184510
121.96,0.202949
121.97,0.203355
121.98,0.200258
121.99,0.220112
122.01,0.173010
122.02,0.165297
122.03,0.193546
122.04,0.167169
122.05,0.456931
122.06,1.180788
122.07,1.337268
122.08,1.036971
122.09,0.762199
122.10,0.833446
122.11,1.177403
122.12,1.310992
122.13,1.230324
122.14,0.935363
122.15,1.080060
122.17,1.040478
122.18,1.337810
122.19,1.098435
122.20,1.271415
122.21,1.550001
122.22,1.924841
122.23,1.277593
122.24,1.339781
122.25,1.508277
122.26,1.119940
122.27,1.759896
122.28,1.329378
122.29,1.373574
122.30,1.286872
122.31,0.957083
122.33,1.484023
122.34,1.194883
122.35,1.250539
122.36,1.526778
122.37,0.971988
122.38,0.896968
122.39,0.812832
122.40,0.859608
122.41,1.324699
122.42,0.886926
122.43,1.068800
122.44,1.035929
122.45,0.726600
122.46,1.225310
122.47,0.830974
122.49,0.636924
122.50,0.684516
122.51,0.440356
122.52,0.808527
122.53,0.909240
122.54,1.577482
122.55,2.032990
122.56,1.723247
122.57,1.304492
122.58,1.471168
122.59,1.463759
122.60,1.192835
122.61,1.013248
122.62,1.047252
122.63,1.049594
122.65,1.119339
122.66,1.203885
122.67,1.067898
122.68,1.222033
122.69,1.130238
122.70,1.083046
122.71,0.953136
122.72,0.903019
122.73,0.909501
122.74,0.927953
122.75,0.895150
122.76,0.672133
122.77,0.779333
122.78,0.760866
122.79,0.842889
122.81,0.799590
122.82,0.725218
122.83,0.799107
122.84,0.720952
122.85,0.778746
122.86,0.679197
122.87,0.738724
122.88,0.664700
122.89,0.706180
122.90,0.790006
122.91,0.670299
122.92,0.704256
122.93,0.734132
122.94,0.805005
122.95,0.661225
122.97,0.813916
122.98,0.726186
122.99,0.785116
123.00,0.813077
123.01,0.684354
123.02,0.801193
123.03,0.727132
123.04,0.746352
123.05,0.724396
123.06,0.807688
123.07,0.752653
123.08,0.670232
123.09,0.681461
123.10,0.667421
123.11,0.804992
123.13,0.709395
123.14,0.713685
123.15,0.715190
123.16,0.637075
123.17,0.680312
123.18,0.650362
123.19,0.697370
123.20,0.692202
123.21,0.764990
123.22,0.669392
123.23,0.742218
123.24,0.670494
123.25,0.590310
123.26,0.666770
123.27,0.664833
123.29,0.663813
123.30,0.681871
123.31,0.769524
123.32,0.629354
123.33,0.765754
123.34,0.709504
123.35,0.668211
123.36,0.645778
123.37,0.676351
123.38,0.640511
123.39,0.730799
123.40,0.631721
123.41,0.671213
123.42,0.596753
123.43,0.581415
123.45,0.588314
123.46,0.535929
123.47,0.661584
123.48,0.564444
123.49,0.605756
123.50,0.652099
123.51,0.687969
123.52,0.648089
123.53,1.102637
123.54,1.409415
123.55,1.057252
123.56,0.973391
123.57,0.911306
123.58,1.092819
123.59,0.838755
123.61,0.956214
123.62,0.660256
123.63,0.896884
123.64,1.076731
123.65,1.114435
123.66,0.885628
123.67,0.678244
123.68,0.856131
123.69,1.076249
123.70,0.853972
123.71,0.922444
123.72,1.369921
123.73,1.038204
123.74,1.691875
123.75,1.089075
123.77,1.103911
123.78,0.700898
123.79,0.606807
123.80,0.478124
123.81,0.403738
123.82,0.402155
123.83,0.449251
123.84,0.844459
123.85,0.995067
123.86,1.202411
123.87,1.352996
123.88,1.101356
123.89,1.492673
123.90,0.957490
123.91,1.274053
123.93,1.003620
123.94,1.461666
123.95,1.212432
123.96,1.367327
123.97,1.118697
123.98,0.954137
123.99,0.705503
124.00,0.527794
124.01,0.661016
124.02,0.626846
124.03,0.675080
124.04,0.561378
124.05,0.564398
124.06,0.601323
124.07,0.782699
124.09,0.793281
124.10,0.710702
124.11,0.640363
124.12,0.508931
124.13,0.550721
124.14,0.583408
124.15,0.762089
124.16,0.765003
124.17,0.681266
124.18,0.606833
124.19,0.569119
124.20,0.570169
124.21,0.567099
124.22,0.784776
124.23,0.726629
124.25,0.567566
124.26,0.588300
124.27,0.558721
124.28,0.582230
124.29,0.664433
124.30,0.744922
124.31,0.777664
124.32,0.574333
124.33,0.529468
124.34,0.508183
124.35,0.540913
124.36,0.701850
124.37,0.724791
124.38,0.773677
124.39,0.496365
124.41,0.535540
124.42,0.574637
124.43,0.450260
124.44,0.570537
124.45,0.703643
124.46,0.763408
124.47,0.520847
124.48,0.602518
124.49,0.607383
124.50,0.733182
124.51,1.646346
124.52,1.941816
124.53,1.657612
124.54,1.328299
124.55,1.470712
124.57,1.041639
124.58,0.955488
124.59,0.798351
124.60,0.879861
124.61,0.930146
124.62,0.843985
124.63,0.927814
124.64,0.772107
124.65,0.748945
124.66,0.656942
124.67,0.863238
124.68,0.879513
124.69,0.622081
124.70,0.747677
124.71,0.662205
124.73,0.582144
124.74,0.589114
124.75,0.553425
124.76,0.500381
124.77,0.380391
124.78,0.385984
124.79,0.384017
124.80,0.317546
124.81,0.366086
124.82,0.386095
124.83,0.392849
124.84,0.352700
124.85,0.288561
124.86,0.261961
124.87,0.290321
124.89,0.289941
124.90,0.257482
124.91,0.263808
124.92,0.241668
124.93,0.226412
124.94,0.214220
124.95,0.219525
124.96,0.242901
124.97,0.226304
124.98,0.215226
124.99,0.216162
125.00,0.382353
125.01,0.637716
125.02,0.935532
125.03,1.050936
125.05,0.706596
125.06,0.673612
125.07,0.756832
125.08,0.771089
125.09,0.787087
125.10,0.933055
125.11,0.878322
125.12,0.603144
125.13,0.652855
125.14,0.727062
125.15,0.902149
125.16,0.888403
125.17,0.867697
125.18,0.777090
125.19,0.633861
125.21,0.737783
125.22,0.823175
125.23,0.833592
125.24,0.829812
125.25,0.734332
125.26,0.724607
125.27,0.633870
125.28,0.608981
125.29,0.657481
125.30,0.728889
125.31,0.781361
125.32,0.765832
125.33,0.688743
125.34,0.546627
125.35,0.469762
125.37,0.582014
125.38,0.735846
125.39,0.734661
125.40,0.779356
125.41,0.568852
125.42,0.564982
125.43,0.506635
125.44,0.739127
125.45,0.689409
125.46,0.680781
125.47,0.648651
125.48,0.546439
125.49,0.613075
125.50,0.678692
125.51,0.747298
125.53,0.675338
125.54,0.611656
125.55,0.589840
125.56,0.497527
125.57,0.479856
125.58,0.496854
125.59,0.678832
125.60,0.708387
125.61,0.477477
125.62,0.510921
125.63,0.414380
125.64,0.494555
125.65,0.526917
125.66,0.649079
125.67,0.625207
125.69,0.516143
125.70,0.402964
125.71,0.452073
125.72,0.457450
125.73,0.705416
125.74,0.702796
125.75,0.572286
125.76,0.574111
125.77,0.370528
125.78,0.489994
125.79,0.570045
125.80,0.750474
125.81,0.751035
125.82,0.646907
125.83,0.586151
125.85,0.382750
125.86,0.495359
125.87,0.527824
125.88,0.707382
125.89,0.742877
125.90,0.588627
125.91,0.455935
125.92,0.310734
125.93,0.452218
125.94,0.492983
125.95,0.867056
125.96,0.736948
125.97,0.633336
125.98,0.849020
125.99,1.056988
126.01,0.987543
126.02,0.667744
126.03,1.184319
126.04,0.943605
126.05,1.287497
126.06,0.676131
126.07,0.834956
126.08,0.711818
126.09,0.623342
126.10,0.953257
126.11,1.093053
126.12,0.647796
126.13,0.677083
126.14,0.842235
126.15,1.172101
126.17,1.118383
126.18,0.693393
126.19,1.221613
126.20,1.052713
126.21,1.275098
126.22,1.114943
126.23,1.210426
126.24,1.014255
126.25,0.983207
126.26,0.868331
126.27,1.007779
126.28,0.866983
126.29,1.031072
126.30,0.970795
126.31,1.024775
126.33,0.980199
126.34,0.957133
126.35,0.919491
126.36,0.866429
126.37,0.895186
126.38,0.751197
126.39,0.816556
126.40,0.689828
126.41,0.693392
126.42,0.571791
126.43,0.622089
126.44,0.543175
126.45,0.563576
126.46,0.628101
126.47,1.586738
126.49,1.988467
126.50,1.687122
126.51,1.375351
126.52,1.479372
126.53,1.397748
126.54,1.284564
126.55,1.225779
126.56,1.358691
126.57,0.979017
126.58,1.090060
126.59,1.067546
126.60,1.075955
126.61,0.988647
126.62,0.912077
126.63,1.080240
126.65,1.023869
126.66,1.012020
126.67,0.708506
126.68,0.972149
126.69,0.839702
126.70,0.930849
126.71,0.740560
126.72,0.813428
126.73,1.004358
126.74,0.770095
126.75,0.779405
126.76,0.764174
126.77,0.741509
126.78,0.883766
126.79,0.718577
126.81,0.634171
126.82,0.712468
126.83,0.774950
126.84,0.625752
126.85,0.676864
126.86,0.680913
126.87,0.672420
126.88,0.737239
126.89,0.755452
126.90,0.597307
126.91,0.681499
126.92,0.596169
126.93,0.622539
126.94,0.687585
126.95,0.494311
126.97,0.814710
126.98,1.171527
126.99,1.258749
127.00,0.920784
127.01,0.808328
127.02,0.763687
127.03,0.840738
127.04,0.834705
127.05,0.600295
127.06,0.687560
127.07,0.909032
127.08,1.044027
127.09,0.846468
127.10,1.016312
127.11,0.847312
127.13,1.313833
127.14,1.209782
127.15,1.087007
127.16,1.434030
127.17,1.024523
127.18,1.216313
127.19,1.154324
127.20,1.218632
127.21,1.237438
127.22,1.083878
127.23,0.907362
127.24,1.062960
127.25,1.034395
127.26,0.967966
127.27,1.068703
127.29,1.065281
127.30,1.281884
127.31,0.929304
127.32,0.902776
127.33,0.929835
127.34,0.917969
127.35,0.816901
127.36,1.106258
127.37,0.987981
127.38,1.193976
127.39,0.741099
127.40,0.847806
127.41,0.745090
127.42,0.879990
127.43,0.849497
127.45,0.917779
127.46,1.097684
127.47,1.271706
127.48,1.305222
127.49,1.055806
127.50,1.225795
127.51,1.139185
127.52,1.120469
127.53,1.020831
127.54,0.838252
127.55,0.807036
127.56,0.896280
127.57,0.988363
127.58,0.840247
127.59,0.935565
127.61,0.944551
127.62,0.932766
127.63,1.195722
127.64,1.259391
127.65,1.272058
127.66,1.490933
127.67,1.125570
127.68,1.410192
127.69,1.013716
127.70,1.364057
127.71,1.075096
127.72,1.171678
127.73,0.803120
127.74,0.793809
127.75,0.994748
127.77,0.600943
127.78,0.912361
127.79,0.778169
127.80,0.809321
127.81,1.049321
127.82,0.960252
127.83,1.206856
127.84,1.017055
127.85,1.358619
127.86,0.999204
127.87,1.098209
127.88,0.935350
127.89,1.113489
127.90,0.888822
127.91,0.813806
127.93,0.822937
127.94,0.695824
127.95,0.612316
127.96,0.619422
127.97,0.571414
127.98,0.406670
127.99,0.532739
128.00,0.583309
128.01,0.739830
128.02,0.668837
128.03,0.759566
128.04,0.739371
128.05,0.738733
128.06,0.806082
128.07,0.884457
128.09,0.794305
128.10,0.847976
128.11,0.867729
128.12,0.745107
128.13,0.722429
128.14,0.897852
128.15,0.665463
128.16,0.776246
128.17,0.850249
128.18,0.770583
128.19,0.692674
128.20,0.799019
128.21,0.867525
128.22,0.665657
128.23,0.714534
128.25,0.797594
128.26,0.795640
128.27,0.797305
128.28,0.881455
128.29,0.833051
128.30,0.659645
128.31,0.683289
128.32,0.851372
128.33,0.672381
128.34,0.774682
128.35,0.731451
128.36,0.733813
128.37,0.590458
128.38,0.670862
128.39,0.756461
128.41,0.625769
128.42,0.681176
128.43,0.737477
128.44,1.383370
128.45,2.043270
128.46,2.024912
128.47,1.576549
128.48,1.508083
128.49,1.463575
128.50,1.315205
128.51,1.365131
128.52,1.382768
128.53,1.045475
128.54,0.990031
128.55,0.941527
128.57,0.932751
128.58,0.982216
128.59,1.054714
128.60,0.779672
128.61,0.886004
128.62,0.819069
128.63,0.832941
128.64,0.950275
128.65,0.745117
128.66,0.745130
128.67,0.673594
128.68,0.626641
128.69,0.695720
128.70,0.716336
128.71,0.669269
128.73,0.613659
128.74,0.682104
128.75,0.673171
128.76,0.610962
128.77,0.740880
128.78,0.711755
128.79,0.603309
128.80,0.602359
128.81,0.598980
128.82,0.579483
128.83,0.628816
128.84,0.735273
128.85,0.728440
128.86,0.626757
128.87,0.606463
128.89,0.620161
128.90,0.608596
128.91,0.524828
128.92,0.599987
128.93,0.646803
128.94,0.599105
128.95,0.683222
128.96,0.731272
128.97,0.601866
128.98,0.595458
128.99,0.645737
129.00,0.585625
129.01,0.456300
129.02,0.481379
129.03,0.518537
129.05,0.455153
129.06,0.447975
129.07,0.508765
129.08,0.508040
129.09,0.444268
129.10,0.389268
129.11,0.407349
129.12,0.375275
129.13,0.363020
129.14,0.425453
129.15,0.385006
129.16,0.308942
129.17,0.315517
129.18,0.317179
129.19,0.277923
129.21,0.299643
129.22,0.341893
129.23,0.356836
129.24,0.339992
129.25,0.329783
129.26,0.360793
129.27,0.337927
129.28,0.294528
129.29,0.317603
129.30,0.301771
129.31,0.261103
129.32,0.303473
129.33,0.309746
129.34,0.319072
129.35,0.312872
129.37,0.332500
129.38,0.338339
129.39,0.323391
129.40,0.328524
129.41,0.319501
129.42,0.342627
129.43,0.314486
129.44,0.337975
129.45,0.372971
129.46,0.416655
129.47,0.492199
129.48,0.425644
129.49,0.342154
129.50,0.345260
129.51,0.407595
129.53,0.408122
129.54,0.477146
129.55,0.471826
129.56,0.401686
129.57,0.438561
129.58,0.392454
129.59,0.421850
129.60,0.378014
129.61,0.395938
129.62,0.408692
129.63,0.373155
129.64,0.415399
129.65,0.385408
129.66,0.340675
129.67,0.347738
129.69,0.349450
129.70,0.360531
129.71,0.330425
129.72,0.341102
129.73,0.342595
129.74,0.331585
129.75,0.333943
129.76,0.307923
129.77,0.279990
129.78,0.270226
129.79,0.318914
129.80,0.304289
129.81,0.281473
129.82,0.314676
129.83,0.299184
129.85,0.292291
129.86,0.322756
129.87,0.296511
129.88,0.309852
129.89,0.372147
129.90,0.472859
129.91,0.459299
129.92,0.820085
129.93,1.117782
129.94,1.083697
129.95,0.687785
129.96,0.579940
129.97,0.622728
129.98,0.670393
129.99,0.718121
130.01,0.654955
130.02,0.514539
130.03,0.478304
130.04,0.562116
130.05,0.759367
130.06,0.877100
130.07,0.870098
130.08,0.830871
130.09,1.310890
130.10,1.337551
130.11,0.900355
130.12,1.305451
130.13,1.090364
130.14,1.214871
130.15,1.184797
130.17,1.201278
130.18,1.149106
130.19,1.110998
130.20,1.099912
130.21,0.944249
130.22,0.986004
130.23,0.963296
130.24,1.006136
130.25,0.911207
130.26,1.014991
130.27,0.848392
130.28,0.988113
130.29,0.728371
130.30,0.890231
130.31,0.674570
130.33,0.800755
130.34,0.520816
130.35,0.603535
130.36,0.466823
130.37,0.506611
130.38,0.513788
130.39,0.495319
130.40,0.619539
130.41,1.443083
130.42,1.865472
130.43,1.734339
130.44,1.509931
130.45,1.490821
130.46,1.149415
130.47,0.848229
130.49,0.866609
130.50,0.882474
130.51,1.013918
130.52,0.991652
130.53,1.045040
130.54,0.951377
130.55,0.956525
130.56,1.124239
130.57,0.911213
130.58,0.896366
130.59,0.865941
130.60,0.770369
130.61,0.751414
130.62,0.846700
130.63,0.819984
130.65,0.813366
130.66,0.956227
130.67,0.833967
130.68,0.911082
130.69,0.776641
130.70,0.729695
130.71,0.649547
130.72,0.784770
130.73,0.832859
130.74,0.675163
130.75,0.804627
130.76,0.773054
130.77,0.664682
130.78,0.641369
130.79,0.824593
130.81,0.739320
130.82,0.622415
130.83,0.672571
130.84,0.637754
130.85,0.677703
130.86,0.454384
130.87,0.590807
130.88,0.494123
130.89,0.465634
130.90,0.479528
130.91,0.852888
130.92,0.737427
130.93,0.765398
130.94,0.820547
130.95,0.822808
130.97,0.841311
130.98,0.842686
130.99,1.056470
131.00,0.880308
131.01,0.849459
131.02,1.013114
131.03,0.810609
131.04,0.731760
131.05,0.874908
131.06,0.890086
131.07,0.758066
131.08,0.876802
131.09,1.013521
131.10,0.719033
131.11,0.802111
131.13,1.012356
131.14,0.869462
131.15,0.819982
131.16,0.834477
131.17,0.749923
131.18,0.885795
131.19,0.842476
131.20,0.845318
131.21,0.790551
131.22,0.804134
131.23,0.842001
131.24,0.680157
131.25,0.681297
131.26,0.773651
131.27,0.823078
131.29,0.799125
131.30,0.782280
131.31,0.762456
131.32,0.789025
131.33,0.756566
131.34,0.648901
131.35,0.804935
131.36,0.840992
131.37,0.749017
131.38,0.830198
131.39,1.042326
131.40,1.356429
131.41,1.431760
131.42,1.321785
131.43,1.247011
131.45,0.989381
131.46,0.817175
131.47,1.394085
131.48,1.424306
131.49,1.607045
131.50,1.004696
131.51,1.063767
131.52,1.246910
131.53,1.234271
131.54,1.358885
131.55,1.338699
131.56,1.636758
131.57,1.611121
131.58,1.687566
131.59,1.213544
131.61,1.265298
131.62,1.172128
131.63,1.251197
131.64,1.353735
131.65,1.393790
131.66,1.190879
131.67,1.417244
131.68,1.078356
131.69,1.351631
131.70,0.957252
131.71,1.565257
131.72,1.317393
131.73,1.681008
131.74,1.273585
131.75,1.324427
131.77,1.213914
131.78,1.173427
131.79,1.396989
131.80,1.175578
131.81,1.417426
131.82,1.015387
131.83,1.170397
131.84,0.756711
131.85,1.137638
131.86,1.079436
131.87,1.256754
131.88,1.037785
131.89,0.935423
131.90,1.075820
131.91,0.693396
131.93,0.895388
131.94,0.801418
131.95,1.002734
131.96,0.810126
131.97,0.796153
131.98,0.782848
131.99,0.840008
132.00,0.966182
132.01,0.778316
132.02,0.662048
132.03,0.928837
132.04,0.857677
132.05,1.043994
132.06,0.868761
132.07,0.670253
132.09,0.638814
132.10,0.635033
132.11,0.804879
132.12,0.663341
132.13,0.616300
132.14,0.612097
132.15,0.521630
132.16,0.570051
132.17,0.496604
132.18,0.484410
132.19,0.543770
132.20,0.525486
132.21,0.464526
132.22,0.378283
132.23,0.429823
132.25,0.554127
132.26,0.501197
132.27,0.443587
132.28,0.438754
132.29,0.469238
132.30,0.449954
132.31,0.453052
132.32,0.441020
132.33,0.462020
132.34,0.519270
132.35,0.511770
132.36,0.523669
132.37,1.172406
132.38,1.694575
132.39,1.730048
132.41,1.508382
132.42,1.377405
132.43,1.139771
132.44,0.795454
132.45,0.708717
132.46,0.701517
132.47,0.682587
132.48,0.709870
132.49,0.660263
132.50,0.693030
132.51,0.635931
132.52,0.533443
132.53,0.549678
132.54,0.560143
132.55,0.504872
132.57,0.485123
132.58,0.448998
132.59,0.417347
132.60,0.440250
132.61,0.381892
132.62,0.382976
132.63,0.333817
132.64,0.350754
132.65,0.350258
132.66,0.318931
132.67,0.348892
132.68,0.380514
132.69,0.380886
132.70,0.368019
132.71,0.299424
132.73,0.338398
132.74,0.334075
132.75,0.311640
132.76,0.278916
132.77,0.249298
132.78,0.258889
132.79,0.307642
132.80,0.276347
132.81,0.287811
132.82,0.258724
132.83,0.281568
132.84,0.268675
132.85,0.251360
132.86,0.270136
132.87,0.298042
132.89,0.309940
132.90,0.277859
132.91,0.241770
132.92,0.252441
132.93,0.221460
132.94,0.206572
132.95,0.226026
132.96,0.235777
132.97,0.244037
132.98,0.214516
132.99,0.207363
133.00,0.235349
133.01,0.234048
133.02,0.227805
133.03,0.201703
133.05,0.212567
133.06,0.227214
133.07,0.197988
133.08,0.174005
133.09,0.167948
133.10,0.205288
133.11,0.227013
133.12,0.200070
133.13,0.171488
133.14,0.187109
133.15,0.211136
133.16,0.204792
133.17,0.199658
133.18,0.191061
133.19,0.183333
133.21,0.171678
133.22,0.175995
133.23,0.175623
133.24,0.176915
133.25,0.151555
133.26,0.158191
133.27,0.165501
133.28,0.157376
133.29,0.150381
133.30,0.161863
133.31,0.164004
133.32,0.161520
133.33,0.154963
133.34,0.165715
133.35,0.160058
133.37,0.131109
133.38,0.151632
133.39,0.184125
133.40,0.188034
133.41,0.165644
133.42,0.160458
133.43,0.164676
133.44,0.168814
133.45,0.185513
133.46,0.189118
133.47,0.175391
133.48,0.168139
133.49,0.174385
133.50,0.187874
133.51,0.217723
133.53,0.202660
133.54,0.170407
133.55,0.169989
133.56,0.171983
133.57,0.177319
133.58,0.181771
133.59,0.165044
133.60,0.162401
133.61,0.173387
133.62,0.195964
133.63,0.203113
133.64,0.173490
133.65,0.178563
133.66,0.180991
133.67,0.189587
133.69,0.203310
133.70,0.194711
133.71,0.196527
133.72,0.189629
133.73,0.183830
133.74,0.183789
133.75,0.177126
133.76,0.184643
133.77,0.194920
133.78,0.200482
133.79,0.205525
133.80,0.190800
133.81,0.207656
133.82,0.216585
133.83,0.229929
133.85,0.259689
133.86,0.838090
133.87,1.115368
133.88,1.160373
133.89,0.921232
133.90,0.907700
133.91,1.279010
133.92,1.052491
133.93,1.387022
133.94,1.026651
133.95,0.884835
133.96,0.858091
133.97,0.992124
133.98,1.454587
133.99,1.391712
134.01,0.874128
134.02,1.236354
134.03,1.087113
134.04,1.731221
134.05,1.578536
134.06,1.651635
134.07,1.374964
134.08,1.552317
134.09,1.155571
134.10,1.517389
134.11,1.101819
134.12,1.380336
134.13,0.901445
134.14,1.079006
134.15,0.711313
134.17,1.023793
134.18,0.879909
134.19,1.121499
134.20,1.029015
134.21,1.056491
134.22,1.079930
134.23,0.905425
134.24,0.968041
134.25,0.815700
134.26,1.158651
134.27,0.805487
134.28,1.074354
134.29,0.578248
134.30,0.841977
134.31,0.783721
134.33,0.984973
134.34,0.922608
134.35,1.797740
134.36,2.305152
134.37,1.912216
134.38,1.682823
134.39,1.571534
134.40,1.345303
134.41,1.252732
134.42,1.078742
134.43,1.035910
134.44,0.926687
134.45,0.904043
134.46,0.877793
134.47,1.032333
134.49,1.016631
134.50,0.947072
134.51,1.025181
134.52,0.801466
134.53,0.763050
134.54,0.833330
134.55,0.839769
134.56,0.634819
134.57,0.659737
134.58,0.720702
134.59,0.673428
134.60,0.668236
134.61,0.892916
134.62,0.676259
134.63,0.638164
134.65,0.738023
134.66,0.811763
134.67,0.634865
134.68,0.616294
134.69,0.719710
134.70,0.554308
134.71,0.630748
134.72,0.614698
134.73,0.685895
134.74,0.643148
134.75,0.614371
134.76,0.649290
134.77,0.593349
134.78,0.616467
134.79,0.702125
134.81,0.590435
134.82,0.616032
134.83,0.669593
134.84,0.709768
134.85,0.531484
134.86,0.603565
134.87,0.629782
134.88,0.506651
134.89,0.604136
134.90,0.737105
134.91,0.671451
134.92,0.659582
134.93,0.648913
134.94,0.582584
134.95,0.833515
134.97,0.634226
134.98,0.731396
134.99,0.612745
135.00,0.575595
135.01,0.504247
135.02,0.597046
135.03,0.580669
135.04,0.648559
135.05,0.480039
135.06,0.590053
135.07,0.549098
135.08,0.444960
135.09,0.486449
135.10,0.489753
135.11,0.562777
135.13,0.541953
135.14,0.573238
135.15,0.561645
135.16,0.650182
135.17,0.540674
135.18,0.576715
135.19,0.602307
135.20,0.606231
135.21,0.591992
135.22,0.611399
135.23,0.568498
135.24,0.684014
135.25,0.530529
135.26,0.560548
135.27,0.605642
135.29,0.509997
135.30,0.607197
135.31,0.562470
135.32,0.674553
135.33,0.990634
135.34,1.354051
135.35,1.405656
135.36,1.055004
135.37,1.121926
135.38,1.033148
135.39,1.096966
135.40,0.838558
135.41,0.783638
135.42,0.709606
135.43,0.744764
135.45,0.806305
135.46,1.040307
135.47,1.220148
135.48,1.243327
135.49,1.403440
135.50,1.656768
135.51,1.535040
135.52,0.916481
135.53,0.841312
135.54,0.613840
135.55,1.178795
135.56,1.318955
135.57,1.287529
135.58,1.422675
135.59,0.695648
135.61,0.823436
135.62,1.263894
135.63,1.133203
135.64,1.207298
135.65,1.058803
135.66,0.668464
135.67,1.020751
135.68,1.596716
135.69,1.562028
135.70,0.887654
135.71,0.642096
135.72,0.883844
135.73,1.129328
135.74,0.904058
135.75,1.035435
135.77,0.529241
135.78,0.626600
135.79,0.814470
135.80,0.715650
135.81,0.661846
135.82,0.586190
135.83,0.510198
135.84,0.695267
135.85,0.958399
135.86,0.743859
135.87,0.580396
135.88,0.449994
135.89,0.444511
135.90,0.585291
135.91,0.595654
135.93,0.688767
135.94,0.583420
135.95,0.488079
135.96,0.397888
135.97,0.449672
135.98,0.427618
135.99,0.588867
136.00,0.494629
136.01,0.480262
136.02,0.407028
136.03,0.346426
136.04,0.357277
136.05,0.373936
136.06,0.423883
136.07,0.359688
136.09,0.337854
136.10,0.271924
136.11,0.290328
136.12,0.305342
136.13,0.333535
136.14,0.297992
136.15,0.281295
136.16,0.264040
136.17,0.245721
136.18,0.234114
136.19,0.227311
136.20,0.244231
136.21,0.217102
136.22,0.239486
136.23,0.209833
136.25,0.217089
136.26,0.200279
136.27,0.218552
136.28,0.225234
136.29,0.265096
136.30,0.307272
136.31,1.068625
136.32,1.771217
136.33,1.677869
136.34,1.305331
136.35,1.314902
136.36,1.079185
136.37,1.034791
136.38,0.926008
136.39,0.931728
136.41,0.827559
136.42,0.702626
136.43,0.694167
136.44,0.699800
136.45,0.846379
136.46,0.815113
136.47,0.763088
136.48,0.644396
136.49,0.626784
136.50,0.526174
136.51,0.379871
136.52,0.363082
136.53,0.361649
136.54,0.338902
136.55,0.379721
136.57,0.396385
136.58,0.369829
136.59,0.358147
136.60,0.297918
136.61,0.266990
136.62,0.278786
136.63,0.274265
136.64,0.301580
136.65,0.262978
136.66,0.222469
136.67,0.186588
136.68,0.213586
136.69,0.208437
136.70,0.194237
136.71,0.200891
136.73,0.180085
136.74,0.193492
136.75,0.188458
136.76,0.184847
136.77,0.175433
136.78,0.175869
136.79,0.358364
136.80,0.556957
136.81,1.043782
136.82,1.418797
136.83,1.151639
136.84,1.042652
136.85,1.146104
136.86,1.547847
136.87,1.214345
136.89,1.058052
136.90,0.862819
136.91,1.072134
136.92,1.041687
136.93,1.377152
136.94,1.167123
136.95,1.247914
136.96,1.206211
136.97,1.768353
136.98,1.190941
136.99,1.300703
137.00,1.070316
137.01,1.241032
137.02,1.670172
137.03,1.665371
137.05,1.458778
137.06,1.169618
137.07,0.686045
137.08,1.187626
137.09,1.377915
137.10,1.285755
137.11,0.974885
137.12,0.778804
137.13,0.688443
137.14,1.044795
137.15,0.827945
137.16,1.238460
137.17,0.931528
137.18,0.819593
137.19,1.348176
137.21,1.051677
137.22,1.042315
137.23,1.086270
137.24,0.590475
137.25,1.185911
137.26,0.983052
137.27,0.986478
137.28,0.845070
137.29,0.768021
137.30,0.675771
137.31,0.847652
137.32,0.718292
137.33,0.896357
137.34,0.754111
137.35,0.744585
137.37,0.818486
137.38,0.696721
137.39,0.786909
137.40,0.628415
137.41,0.553569
137.42,0.584103
137.43,0.566753
137.44,0.517208
137.45,0.549456
137.46,0.569693
137.47,0.466631
137.48,0.467990
137.49,0.356469
137.50,0.366498
137.51,0.333279
137.53,0.343715
137.54,0.354312
137.55,0.337917
137.56,0.307582
137.57,0.252841
137.58,0.232718
137.59,0.227360
137.60,0.232841
137.61,0.229062
137.62,0.190574
137.63,0.181545
137.64,0.174001
137.65,0.170454
137.66,0.172199
137.67,0.168758
137.69,0.141249
137.70,0.125361
137.71,0.127769
137.72,0.120212
137.73,0.123278
137.74,0.123013
137.75,0.118876
137.76,0.150618
137.77,0.197494
137.78,0.350415
137.79,0.932682
137.80,1.139396
137.81,0.957386
137.82,0.872683
137.83,1.011112
137.85,1.038003
137.86,1.060244
137.87,0.926017
137.88,0.786673
137.89,0.722048
137.90,0.533847
137.91,0.668755
137.92,0.701273
137.93,0.707936
137.94,0.644064
137.95,1.311723
137.96,1.330812
137.97,1.541923
137.98,1.467704
137.99,1.299058
138.01,1.903505
138.02,0.983398
138.03,1.285978
138.04,1.544011
138.05,1.256604
138.06,1.281231
138.07,0.957657
138.08,0.921152
138.09,1.017199
138.10,0.971980
138.11,1.767686
138.12,0.877866
138.13,0.981782
138.14,0.593608
138.15,0.596632
138.17,0.970977
138.18,1.175805
138.19,0.895121
138.20,0.741142
138.21,0.384005
138.22,0.483229
138.23,0.633181
138.24,0.786542
138.25,0.528607
138.26,0.525692
138.27,0.966629
138.28,1.545509
138.29,1.958323
138.30,1.652715
138.31,1.768542
138.33,1.691067
138.34,1.342104
138.35,1.205559
138.36,1.157608
138.37,1.153068
138.38,0.969066
138.39,0.980055
138.40,1.006742
138.41,0.949738
138.42,0.878354
138.43,0.977103
138.44,0.974428
138.45,1.064024
138.46,0.929648
138.47,0.839801
138.49,0.867338
138.50,0.903124
138.51,0.822359
138.52,0.672670
138.53,0.803287
138.54,0.849553
138.55,0.777076
138.56,0.816287
138.57,0.797669
138.58,0.749200
138.59,0.798601
138.60,0.825252
138.61,0.808287
138.62,0.844846
138.63,0.878619
138.65,0.751515
138.66,0.717676
138.67,0.797309
138.68,0.943088
138.69,0.765474
138.70,0.753393
138.71,0.745931
138.72,0.657559
138.73,0.736068
138.74,0.734239
138.75,0.732481
138.76,0.745491
138.77,0.826927
138.78,0.657235
138.79,0.734110
138.81,0.690293
138.82,0.615589
138.83,0.642797
138.84,0.738941
138.85,0.704891
138.86,0.673493
138.87,0.766881
138.88,0.641876
138.89,0.768205
138.90,0.760553
138.91,0.608843
138.92,0.574512
138.93,0.631236
138.94,0.687077
138.95,0.577558
138.97,0.643849
138.98,0.624682
138.99,0.713998
139.00,0.766169
139.01,0.641442
139.02,0.647461
139.03,0.730745
139.04,0.771649
139.05,0.570998
139.06,0.632814
139.07,0.677046
139.08,0.652397
139.09,0.683758
139.10,0.611704
139.11,0.583417
139.13,0.627729
139.14,0.727979
139.15,0.558352
139.16,0.667402
139.17,0.668746
139.18,0.566350
139.19,0.591218
139.20,0.590094
139.21,0.632978
139.22,0.549862
139.23,0.630622
139.24,0.647914
139.25,0.710790
139.26,1.033715
139.27,1.437260
139.29,1.188640
139.30,0.923482
139.31,1.250711
139.32,1.247233
139.33,1.205944
139.34,1.363205
139.35,1.153120
139.36,0.896608
139.37,0.608123
139.38,1.009491
139.39,0.868230
139.40,1.044703
139.41,1.281978
139.42,1.069557
139.43,1.627005
139.45,1.372335
139.46,1.123443
139.47,1.139951
139.48,0.868773
139.49,1.098344
139.50,0.904308
139.51,1.390773
139.52,1.297694
139.53,1.489919
139.54,1.586231
139.55,1.094210
139.56,0.867745
139.57,0.934712
139.58,0.755034
139.59,1.154445
139.61,1.045115
139.62,1.292623
139.63,1.364442
139.64,0.945413
139.65,0.854025
139.66,0.666143
139.67,0.500716
139.68,0.891643
139.69,0.855013
139.70,1.137273
139.71,0.978184
139.72,0.867559
139.73,0.731743
139.74,0.574859
139.75,0.608994
139.77,0.803850
139.78,0.816868
139.79,1.048083
139.80,0.781888
139.81,0.893078
139.82,0.603072
139.83,0.590064
139.84,0.527002
139.85,0.432088
139.86,0.618412
139.87,0.786797
139.88,0.540976
139.89,0.661638
139.90,0.621884
139.91,0.454037
139.93,0.540484
139.94,0.486094
139.95,0.498239
139.96,0.593449
139.97,0.494845
139.98,0.532182
139.99,0.588842
140.00,0.390098
140.01,0.567519
140.02,0.485214
140.03,0.338251
140.04,0.354944
140.05,0.338131
140.06,0.294395
140.07,0.303432
140.09,0.284118
140.10,0.261301
140.11,0.239306
140.12,0.230446
140.13,0.173153
140.14,0.191910
140.15,0.195292
140.16,0.189014
140.17,0.192750
140.18,0.167123
140.19,0.203316
140.20,0.215108
140.21,0.235486
140.22,0.304194
140.23,0.440263
140.25,1.382243
140.26,1.719557
140.27,1.702939
140.28,1.488969
140.29,1.438615
140.30,1.024325
140.31,0.808143
140.32,0.796635
140.33,0.874414
140.34,0.697120
140.35,0.613348
140.36,0.605619
140.37,0.656833
140.38,0.744984
140.39,0.725564
140.41,0.610057
140.42,0.524292
140.43,0.472109
140.44,0.422272
140.45,0.437504
140.46,0.409400
140.47,0.404728
140.48,0.405855
140.49,0.394941
140.50,0.320593
140.51,0.330761
140.52,0.384227
140.53,0.404335
140.54,0.347855
140.55,0.327003
140.57,0.305186
140.58,0.285013
140.59,0.253402
140.60,0.210785
140.61,0.205432
140.62,0.203902
140.63,0.212916
140.64,0.215006
140.65,0.189646
140.66,0.194919
140.67,0.209931
140.68,0.209839
140.69,0.186132
140.70,0.163631
140.71,0.154778
140.73,0.196579
140.74,0.196560
140.75,0.222188
140.76,0.228527
140.77,0.241558
140.78,0.200565
140.79,0.207589
140.80,0.206790
140.81,0.184200
140.82,0.180041
140.83,0.190783
140.84,0.173846
140.85,0.178340
140.86,0.191626
140.87,0.154109
140.89,0.183623
140.90,0.208665
140.91,0.192187
140.92,0.161516
140.93,0.166361
140.94,0.180076
140.95,0.168425
140.96,0.153530
140.97,0.183947
140.98,0.192955
140.99,0.209390
141.00,0.164955
141.01,0.167017
141.02,0.180835
141.03,0.177994
141.05,0.170281
141.06,0.198315
141.07,0.182716
141.08,0.182264
141.09,0.156256
141.10,0.146981
141.11,0.137868
141.12,0.166658
141.13,0.180441
141.14,0.159043
141.15,0.166781
141.16,0.165057
141.17,0.156135
141.18,0.156411
141.19,0.158687
141.21,0.199264
141.22,0.176643
141.23,0.167947
141.24,0.163037
141.25,0.190214
141.26,0.194142
141.27,0.178518
141.28,0.199801
141.29,0.190220
141.30,0.204888
141.31,0.222866
141.32,0.233362
141.33,0.235739
141.34,0.235443
141.35,0.221023
141.37,0.217284
141.38,0.212660
141.39,0.225204
141.40,0.207152
141.41,0.248909
141.42,0.231719
141.43,0.233762
141.44,0.256362
141.45,0.248013
141.46,0.230674
141.47,0.246352
141.48,0.260864
141.49,0.237882
141.50,0.252503
141.51,0.229658
141.53,0.203033
141.54,0.192922
141.55,0.202859
141.56,0.200850
141.57,0.207795
141.58,0.201192
141.59,0.219193
141.60,0.212944
141.61,0.208216
141.62,0.202565
141.63,0.214098
141.64,0.199067
141.65,0.199317
141.66,0.188037
141.67,0.212173
141.69,0.223834
141.70,0.230857
141.71,0.222504
141.72,0.355951
141.73,1.036262
141.74,1.225390
141.75,0.941329
141.76,0.738030
141.77,0.689671
141.78,0.854536
141.79,0.762541
141.80,0.600880
141.81,0.754511
141.82,0.889284
141.83,0.818449
141.85,0.627388
141.86,0.793574
141.87,0.836170
141.88,1.123958
141.89,1.298962
141.90,1.003807
141.91,1.514901
141.92,0.972730
141.93,1.303649
141.94,1.181415
141.95,1.454517
141.96,1.563796
141.97,1.351407
141.98,1.328991
141.99,1.199046
142.01,0.861354
142.02,0.996751
142.03,1.058749
142.04,1.133933
142.05,1.342024
142.06,0.966423
142.07,1.167361
142.08,1.015955
142.09,1.055154
142.10,0.916648
142.11,0.989592
142.12,0.948130
142.13,1.141469
142.14,0.898489
142.15,1.091335
142.17,0.834379
142.18,0.848427
142.19,0.893694
142.20,0.728577
142.21,1.186846
142.22,1.659774
142.23,1.831834
142.24,1.684925
142.25,1.883707
142.26,1.441822
142.27,1.148784
142.28,1.271312
142.29,1.055993
142.30,1.064568
142.31,1.015419
142.33,0.987391
142.34,1.019506
142.35,1.022192
142.36,0.977303
142.37,0.943382
142.38,0.738384
142.39,0.790281
142.40,0.776568
142.41,0.726100
142.42,0.564916
142.43,0.542182
142.44,0.651099
142.45,0.586308
142.46,0.516944
142.47,0.541706
142.49,0.434400
142.50,0.481951
142.51,0.314396
142.52,0.275727
142.53,0.324270
142.54,0.302199
142.55,0.274138
142.56,0.295384
142.57,0.272155
142.58,0.259158
142.59,0.260118
142.60,0.262729
142.61,0.259498
142.62,0.278178
142.63,0.244423
142.65,0.260836
142.66,0.220232
142.67,0.219817
142.68,0.235330
142.69,0.229859
142.70,0.280671
142.71,0.729568
142.72,0.918497
142.73,0.837528
142.74,0.793981
142.75,0.728773
142.76,0.803160
142.77,1.561406
142.78,1.214664
142.79,1.429406
142.81,1.333554
142.82,0.635329
142.83,1.137571
142.84,1.226463
142.85,1.284295
142.86,1.728690
142.87,1.542705
142.88,1.367837
142.89,1.774506
142.90,1.409775
142.91,1.303458
142.92,1.687289
142.93,1.188908
142.94,1.209414
142.95,1.027990
142.97,0.863503
142.98,1.053935
142.99,0.833487
143.00,0.896557
143.01,1.009331
143.02,0.796157
143.03,1.122053
143.04,0.945707
143.05,1.270951
143.06,0.974386
143.07,0.949556
143.08,1.043641
143.09,1.002144
143.10,0.950484
143.11,0.928166
143.13,0.653574
143.14,0.840527
143.15,0.614369
143.16,0.750688
143.17,0.829966
143.18,1.043930
143.19,1.009195
143.20,1.446255
143.21,1.724012
143.22,1.557307
143.23,1.104890
143.24,1.347218
143.25,0.919293
143.26,0.918459
143.27,0.880314
143.29,0.912414
143.30,0.676782
143.31,0.791932
143.32,0.985433
143.33,0.904446
143.34,0.903573
143.35,0.836245
143.36,0.796035
143.37,0.742376
143.38,0.965242
143.39,0.986398
143.40,1.183321
143.41,0.924954
143.42,0.798350
143.43,0.759831
143.45,0.779953
143.46,0.862275
143.47,0.976666
143.48,0.753478
143.49,1.031150
143.50,0.970393
143.51,1.164593
143.52,1.278185
143.53,1.346252
143.54,1.389647
143.55,1.221923
143.56,1.163924
143.57,1.093983
143.58,1.180116
143.59,1.018878
143.61,1.068454
143.62,0.793074
143.63,0.754374
143.64,0.754302
143.65,0.618077
143.66,0.508132
143.67,0.507324
143.68,0.525291
143.69,0.572869
143.70,0.518805
143.71,0.680856
143.72,0.822632
143.73,0.657475
143.74,0.650306
143.75,0.730752
143.77,0.546014
143.78,0.573572
143.79,0.641617
143.80,0.684144
143.81,0.526375
143.82,0.677208
143.83,0.581077
143.84,0.572206
143.85,0.564405
143.86,0.614535
143.87,0.472872
143.88,0.501846
143.89,0.767630
143.90,0.741686
143.91,0.590540
143.93,0.545870
143.94,0.596090
143.95,0.487656
143.96,0.496150
143.97,0.599237
143.98,0.717721
143.99,0.519033
144.00,0.612011
144.01,0.554646
144.02,0.495228
144.03,0.680095
144.04,0.644639
144.05,0.509164
144.06,0.530046
144.07,0.578142
144.09,0.556050
144.10,0.550180
144.11,0.585693
144.12,0.674108
144.13,0.566230
144.14,0.613638
144.15,0.530821
144.16,0.635942
144.17,0.708979
144.18,1.506917
144.19,1.953009
144.20,1.681490
144.21,1.604828
144.22,1.560897
144.23,1.048065
144.25,1.007938
144.26,0.979905
144.27,1.048608
144.28,0.838741
144.29,0.852381
144.30,0.779716
144.31,0.648466
144.32,0.653858
144.33,0.689465
144.34,0.699144
144.35,0.653209
144.36,0.560531
144.37,0.527996
144.38,0.445165
144.39,0.432486
144.41,0.413870
144.42,0.402514
144.43,0.400048
144.44,0.364564
144.45,0.347798
144.46,0.320066
144.47,0.277048
144.48,0.300383
144.49,0.302217
144.50,0.324596
144.51,0.308764
144.52,0.243537
144.53,0.227448
144.54,0.233580
144.55,0.224295
144.57,0.233481
144.58,0.271152
144.59,0.276640
144.60,0.258329
144.61,0.245812
144.62,0.307040
144.63,0.289689
144.64,0.235591
144.65,0.261376
144.66,0.219768
144.67,0.187091
144.68,0.187742
144.69,0.182737
144.70,0.194517
144.71,0.161255
144.73,0.183390
144.74,0.180009
144.75,0.142372
144.76,0.143869
144.77,0.151108
144.78,0.151793
144.79,0.159076
144.80,0.151555
144.81,0.173136
144.82,0.151532
144.83,0.144443
144.84,0.142793
144.85,0.141625
144.86,0.132577
144.87,0.134287
144.89,0.145236
144.90,0.163810
144.91,0.173228
144.92,0.138437
144.93,0.138989
144.94,0.152730
144.95,0.160183
144.96,0.177496
144.97,0.162360
144.98,0.150367
144.99,0.140215
145.00,0.139736
145.01,0.153874
145.02,0.158378
145.03,0.156709
145.05,0.158182
145.06,0.172361
145.07,0.164399
145.08,0.168372
145.09,0.175544
145.10,0.165750
145.11,0.153905
145.12,0.143608
145.13,0.149712
145.14,0.153624
145.15,0.155454
145.16,0.172309
145.17,0.160066
145.18,0.170295
145.19,0.168743
145.21,0.160004
145.22,0.155605
145.23,0.164208
145.24,0.163097
145.25,0.175626
145.26,0.200623
145.27,0.181670
145.28,0.165229
145.29,0.155625
145.30,0.145857
145.31,0.159735
145.32,0.178489
145.33,0.169500
145.34,0.173889
145.35,0.164472
145.37,0.167059
145.38,0.166456
145.39,0.156987
145.40,0.161364
145.41,0.156268
145.42,0.146726
145.43,0.134923
145.44,0.143187
145.45,0.124936
145.46,0.128306
145.47,0.119488
145.48,0.115722
145.49,0.139736
145.50,0.131319
145.51,0.115531
145.53,0.108610
145.54,0.105416
145.55,0.118959
145.56,0.114690
145.57,0.120160
145.58,0.117935
145.59,0.109888
145.60,0.098763
145.61,0.094914
145.62,0.131108
145.63,0.170818
145.64,0.309124
145.65,0.607566
145.66,1.219076
145.67,1.511629
145.69,1.136510
145.70,0.922142
145.71,1.078959
145.72,1.103076
145.73,0.740680
145.74,0.628503
145.75,0.878917
145.76,0.836675
145.77,0.948748
145.78,0.984399
145.79,0.838251
145.80,0.719541
145.81,0.724155
145.82,1.183421
145.83,1.094414
145.85,1.448904
145.86,1.622180
145.87,1.065100
145.88,0.952546
145.89,1.135560
145.90,1.574850
145.91,1.163697
145.92,0.911505
145.93,0.990513
145.94,1.396763
145.95,1.015747
145.96,0.838162
145.97,0.902390
145.98,1.342330
145.99,1.068877
146.01,0.798886
146.02,0.755796
146.03,1.098696
146.04,1.075871
146.05,0.952852
146.06,0.622846
146.07,0.846868
146.08,0.833758
146.09,0.733231
146.10,0.582772
146.11,0.605510
146.12,0.714382
146.13,0.827044
146.14,1.273591
146.15,1.724887
146.17,2.006734
146.18,1.561503
146.19,1.637592
146.20,1.439631
146.21,1.070565
146.22,0.928286
146.23,0.917691
146.24,0.952935
146.25,1.077967
146.26,0.968435
146.27,0.809297
146.28,0.731143
146.29,0.882196
146.30,0.928684
146.31,0.865908
146.33,0.878381
146.34,0.797520
146.35,0.850094
146.36,0.942115
146.37,0.980720
146.38,0.847956
146.39,0.773617
146.40,0.769544
146.41,0.737792
146.42,0.706195
146.43,0.707506
146.44,0.728159
146.45,0.744958
146.46,0.757620
146.47,0.746402
146.49,0.760991
146.50,0.693497
146.51,0.710317
146.52,0.689623
146.53,0.688667
146.54,0.709446
146.55,0.697932
146.56,0.678236
146.57,0.678858
146.58,0.656378
146.59,0.699134
146.60,0.677175
146.61,0.661353
146.62,0.695171
146.63,0.726140
146.65,0.792219
146.66,0.769527
146.67,0.722832
146.68,0.805183
146.69,0.862834
146.70,0.759556
146.71,0.629944
146.72,0.717531
146.73,0.704752
146.74,0.545330
146.75,0.459596
146.76,0.522332
146.77,0.611731
146.78,0.595776
146.79,0.480290
146.81,0.579082
146.82,0.655407
146.83,0.628812
146.84,0.539488
146.85,0.565697
146.86,0.678358
146.87,0.661828
146.88,0.531181
146.89,0.590716
146.90,0.704599
146.91,0.583525
146.92,0.495497
146.93,0.576001
146.94,0.608155
146.95,0.554667
146.97,0.527075
146.98,0.546975
146.99,0.564278
147.00,0.537117
147.01,0.506796
147.02,0.538127
147.03,0.596043
147.04,0.550204
147.05,0.519479
147.06,0.535719
147.07,0.521367
147.08,0.491063
147.09,0.542713
147.10,0.591765
147.11,0.639286
147.13,0.684257
147.14,1.185974
147.15,1.393058
147.16,1.107264
147.17,1.024586
147.18,1.185190
147.19,1.152410
147.20,1.398231
147.21,0.950134
147.22,0.613382
147.23,0.925825
147.24,1.229756
147.25,1.295474
147.26,1.344445
147.27,1.161635
147.29,1.511490
147.30,1.860098
147.31,1.757337
147.32,1.808788
147.33,1.218048
147.34,1.138989
147.35,1.077649
147.36,1.022046
147.37,1.049034
147.38,1.070134
147.39,1.530448
147.40,1.255758
147.41,1.389064
147.42,1.065303
147.43,1.278282
147.45,1.129717
147.46,1.657548
147.47,1.295535
147.48,1.553349
147.49,1.163081
147.50,1.076919
147.51,0.922878
147.52,0.893189
147.53,1.125344
147.54,1.037000
147.55,1.113408
147.56,0.886080
147.57,0.800084
147.58,0.583364
147.59,0.909983
147.61,0.846750
147.62,1.102048
147.63,0.921840
147.64,1.029607
147.65,0.807838
147.66,0.747027
147.67,0.697408
147.68,0.826686
147.69,0.983828
147.70,0.798128
147.71,0.860863
147.72,0.764369
147.73,0.654420
147.74,0.764431
147.75,0.603948
147.77,0.529971
147.78,0.750813
147.79,0.741458
147.80,0.658999
147.81,0.682713
147.82,0.572893
147.83,0.565087
147.84,0.544716
147.85,0.539826
147.86,0.476773
147.87,0.416915
147.88,0.489930
147.89,0.476573
147.90,0.456180
147.91,0.429929
147.93,0.369999
147.94,0.405498
147.95,0.405033
147.96,0.369745
147.97,0.374654
147.98,0.325212
147.99,0.326272
148.00,0.340213
148.01,0.317899
148.02,0.298030
148.03,0.265382
148.04,0.258606
148.05,0.280103
148.06,0.261763
148.07,0.253696
148.09,0.327201
148.10,0.389579
148.11,0.394725
148.12,1.442677
148.13,1.687128
148.14,1.566274
148.15,1.442666
148.16,1.234162
148.17,0.980291
148.18,0.957037
148.19,0.800965
148.20,0.667707
148.21,0.686055
148.22,0.780751
148.23,0.761971
148.25,0.687347
148.26,0.670455
148.27,0.584702
148.28,0.574719
148.29,0.546196
148.30,0.531469
148.31,0.573017
148.32,0.497290
148.33,0.510521
148.34,0.435794
148.35,0.371603
148.36,0.377902
148.37,0.399002
148.38,0.384019
148.39,0.345972
148.41,0.288631
148.42,0.367953
148.43,0.387995
148.44,0.406845
148.45,0.359954
148.46,0.303370
148.47,0.293319
148.48,0.341506
148.49,0.292380
148.50,0.302813
148.51,0.304587
148.52,0.312180
148.53,0.292740
148.54,0.254983
148.55,0.273999
148.57,0.290471
148.58,0.284628
148.59,0.289987
148.60,0.321065
148.61,0.643123
148.62,0.936973
148.63,0.803665
148.64,0.626115
148.65,0.708667
148.66,0.796584
148.67,0.814803
148.68,0.714875
148.69,0.624988
148.70,0.555591
148.71,0.536880
148.73,0.574903
148.74,0.804459
148.75,0.855676
148.76,0.905666
148.77,0.811031
148.78,1.155471
148.79,1.244087
148.80,0.756374
148.81,1.208887
148.82,0.921871
148.83,1.162349
148.84,0.996056
148.85,1.125395
148.86,1.041449
148.87,1.039193
148.89,0.961168
148.90,0.898629
148.91,0.913632
148.92,0.856269
148.93,0.916088
148.94,0.800975
148.95,0.898635
148.96,0.799243
148.97,0.911725
148.98,0.729025
148.99,0.846434
149.00,0.626401
149.01,0.787856
149.02,0.494363
149.03,0.623039
149.05,0.543457
149.06,0.559337
149.07,0.565235
149.08,0.541086
149.09,0.614852
149.10,0.522424
149.11,0.548186
149.12,0.497722
149.13,0.466553
149.14,0.460228
149.15,0.468335
149.16,0.402391
149.17,0.418309
149.18,0.355494
149.19,0.312022
149.21,0.309839
149.22,0.340711
149.23,0.373781
149.24,0.315690
149.25,0.301687
149.26,0.345316
149.27,0.404144
149.28,0.398709
149.29,0.357131
149.30,0.286128
149.31,0.285712
149.32,0.288120
149.33,0.270037
149.34,0.265768
149.35,0.259526
149.37,0.244949
149.38,0.240725
149.39,0.219667
149.40,0.200312
149.41,0.193248
149.42,0.185094
149.43,0.215382
149.44,0.208228
149.45,0.180489
149.46,0.176447
149.47,0.166389
149.48,0.182484
149.49,0.181335
149.50,0.171540
149.51,0.162478
149.53,0.160280
149.54,0.157745
149.55,0.162094
149.56,0.156175
149.57,0.172436
149.58,0.202458
149.59,0.449569
149.60,0.823230
149.61,0.842234
149.62,0.531424
149.63,0.473942
149.64,0.507536
149.65,0.710926
149.66,0.618580
149.67,0.527860
149.69,0.484596
149.70,0.479554
149.71,0.524400
149.72,0.698312
149.73,0.728962
149.74,0.742601
149.75,0.900219
149.76,1.314320
149.77,1.164453
149.78,0.981778
149.79,1.177525
149.80,0.790018
149.81,1.166095
149.82,0.870215
149.83,1.160208
149.85,0.921517
149.86,1.099240
149.87,0.863221
149.88,1.013252
149.89,0.843641
149.90,0.923387
149.91,0.864307
149.92,0.885823
149.93,0.817097
149.94,0.876887
149.95,0.816603
149.96,0.869589
149.97,0.794228
149.98,0.823824
149.99,0.769220
150.01,0.685771
150.02,0.631060
150.03,0.541513
150.04,0.507387
150.05,0.568566
150.06,0.506204
150.07,0.650499
150.08,1.416800
150.09,1.803220
150.10,1.910962
150.11,1.772081
150.12,1.672620
150.13,1.289311
150.14,1.278743
150.15,1.001661
150.17,0.900348
150.18,1.037204
150.19,1.204621
150.20,0.923133
150.21,0.773363
150.22,0.866137
150.23,1.028118
150.24,1.087536
150.25,1.011471
150.26,0.944164
150.27,0.936891
150.28,0.940593
150.29,1.050485
150.30,0.873138
150.31,0.819633
150.33,0.880514
150.34,0.857081
150.35,1.026611
150.36,0.931652
150.37,0.797924
150.38,0.755621
150.39,0.833406
150.40,0.815085
150.41,0.764196
150.42,0.715823
150.43,0.852426
150.44,0.781366
150.45,0.751242
150.46,0.669822
150.47,0.631726
150.49,0.797672
150.50,0.790167
150.51,0.808448
150.52,0.583502
150.53,0.616241
150.54,0.678601
150.55,0.920063
150.56,0.679753
150.57,0.755579
150.58,0.487343
150.59,0.835391
150.60,0.671433
150.61,0.820277
150.62,0.773442
150.63,0.732836
150.65,0.599869
150.66,0.729524
150.67,0.665844
150.68,0.715764
150.69,0.719509
150.70,0.648455
150.71,0.858086
150.72,0.642186
150.73,0.747806
150.74,0.712380
150.75,0.673759
150.76,0.739631
150.77,0.782531
150.78,0.615007
150.79,0.851934
150.81,0.717572
150.82,0.874597
150.83,0.722935
150.84,0.680801
150.85,0.602549
150.86,0.668278
150.87,0.526238
150.88,0.704015
150.89,0.757646
150.90,0.663603
150.91,0.714257
150.92,0.632552
150.93,0.825704
150.94,0.614787
150.95,0.693865
150.97,0.603693
150.98,0.668436
150.99,0.518071
151.00,0.619355
151.01,0.700387
151.02,0.523315
151.03,0.541024
151.04,0.473557
151.05,0.450305
151.06,0.552221
151.07,1.044565
151.08,1.439221
151.09,1.202483
151.10,1.233823
151.11,1.009857
151.13,1.179440
151.14,0.938686
151.15,1.386105
151.16,0.959350
151.17,1.069031
151.18,0.967582
151.19,0.709504
151.20,0.597446
151.21,0.514293
151.22,0.647291
151.23,0.725386
151.24,0.862961
151.25,0.840324
151.26,0.606743
151.27,0.623177
151.29,0.484077
151.30,0.550639
151.31,0.889433
151.32,1.087558
151.33,1.630422
151.34,1.298357
151.35,1.530034
151.36,1.303700
151.37,1.481410
151.38,1.191697
151.39,1.206967
151.40,0.929613
151.41,0.725426
151.42,0.543345
151.43,0.425546
151.45,0.860373
151.46,1.058102
151.47,0.923755
151.48,1.331396
151.49,0.932156
151.50,0.991918
151.51,0.732191
151.52,0.772549
151.53,0.685013
151.54,0.410368
151.55,0.444243
151.56,0.559427
151.57,0.672749
151.58,0.542183
151.59,0.832987
151.61,0.667087
151.62,0.762015
151.63,0.751298
151.64,0.757134
151.65,0.854090
151.66,0.669591
151.67,0.561658
151.68,0.653808
151.69,0.634986
151.70,0.571145
151.71,0.738859
151.72,0.473639
151.73,0.623943
151.74,0.674734
151.75,0.480501
151.77,0.627160
151.78,0.579117
151.79,0.530763
151.80,0.553149
151.81,0.732893
151.82,0.579483
151.83,0.501483
151.84,0.672127
151.85,0.772866
151.86,0.557398
151.87,0.591116
151.88,0.770152
151.89,0.474433
151.90,0.772203
151.91,0.664381
151.93,0.476564
151.94,0.744559
151.95,0.660177
151.96,0.539013
151.97,0.543832
151.98,0.448681
151.99,0.465591
152.00,0.457534
152.01,0.458658
152.02,0.447745
152.03,0.524076
152.04,1.017350
152.05,1.846591
152.06,2.057587
152.07,1.667763
152.09,1.476256
152.10,1.324363
152.11,1.170242
152.12,0.877585
152.13,0.833897
152.14,0.741603
152.15,0.678323
152.16,0.614341
152.17,0.618100
152.18,0.621207
152.19,0.680891
152.20,0.620652
152.21,0.513535
152.22,0.517724
152.23,0.471879
152.25,0.451686
152.26,0.394739
152.27,0.349372
152.28,0.354087
152.29,0.384072
152.30,0.364224
152.31,0.327137
152.32,0.320787
152.33,0.288507
152.34,0.303251
152.35,0.283572
152.36,0.257306
152.37,0.254553
152.38,0.266478
152.39,0.250006
152.41,0.225924
152.42,0.230242
152.43,0.211742
152.44,0.222112
152.45,0.198100
152.46,0.204330
152.47,0.198926
152.48,0.198920
152.49,0.178437
152.50,0.186957
152.51,0.210452
152.52,0.237651
152.53,0.272639
152.54,0.756709
152.55,1.119692
152.57,1.366687
152.58,1.142945
152.59,1.076866
152.60,1.016695
152.61,0.971669
152.62,0.673522
152.63,0.935304
152.64,0.929725
152.65,0.789940
152.66,0.990567
152.67,0.929700
152.68,1.138019
152.69,1.266345
152.70,1.141448
152.71,1.349246
152.73,1.017120
152.74,0.882204
152.75,1.271452
152.76,1.564502
152.77,1.386637
152.78,1.093652
152.79,1.078709
152.80,0.774251
152.81,1.019533
152.82,1.325900
152.83,0.926500
152.84,1.108858
152.85,1.043241
152.86,0.895812
152.87,1.373794
152.89,0.870284
152.90,0.895501
152.91,0.984382
152.92,0.969383
152.93,1.388395
152.94,1.235186
152.95,1.029126
152.96,0.811130
152.97,0.632915
152.98,0.808078
152.99,0.997300
153.00,0.690742
153.01,0.674007
153.02,0.803604
153.03,0.776819
153.05,0.836745
153.06,0.682717
153.07,0.590364
153.08,0.760628
153.09,0.606921
153.10,0.852300
153.11,0.723948
153.12,0.581658
153.13,0.767984
153.14,0.596227
153.15,0.711127
153.16,0.644637
153.17,0.670645
153.18,0.636929
153.19,0.695279
153.21,0.712793
153.22,0.619782
153.23,0.616752
153.24,0.802971
153.25,0.790328
153.26,0.640536
153.27,0.760431
153.28,0.665049
153.29,0.617013
153.30,0.618076
153.31,0.712605
153.32,0.635066
153.33,0.537420
153.34,0.624032
153.35,0.558669
153.37,0.515047
153.38,0.522186
153.39,0.642991
153.40,0.422281
153.41,0.444682
153.42,0.392181
153.43,0.467448
153.44,0.356908
153.45,0.381805
153.46,0.337543
153.47,0.334196
153.48,0.297763
153.49,0.324996
153.50,0.343274
153.51,0.362589
153.53,0.666712
153.54,1.116517
153.55,1.189659
153.56,1.068309
153.57,1.059114
153.58,0.951385
153.59,0.663786
153.60,0.886720
153.61,0.912067
153.62,0.992588
153.63,0.765452
153.64,0.868484
153.65,0.781958
153.66,0.923871
153.67,0.934656
153.69,0.993068
153.70,1.410686
153.71,1.903808
153.72,1.314474
153.73,1.626653
153.74,1.454070
153.75,0.771951
153.76,1.287889
153.77,1.567554
153.78,1.911501
153.79,1.519670
153.80,1.105794
153.81,0.921209
153.82,0.778800
153.83,1.491396
153.85,1.374045
153.86,1.017202
153.87,1.123137
153.88,0.554393
153.89,0.667980
153.90,1.046546
153.91,1.134793
153.92,0.905856
153.93,0.849214
153.94,0.382865
153.95,0.435058
153.96,0.628182
153.97,0.691108
153.98,0.584126
153.99,0.713553
154.01,0.792476
154.02,1.608176
154.03,2.100222
154.04,1.966996
154.05,1.549468
154.06,1.042000
154.07,1.308409
154.08,1.381276
154.09,1.297695
154.10,1.180734
154.11,0.991580
154.12,1.105227
154.13,1.036818
154.14,0.914572
154.15,1.075383
154.17,1.138664
154.18,1.218396
154.19,1.117376
154.20,1.154442
154.21,0.891616
154.22,0.836610
154.23,0.848201
154.24,0.808296
154.25,0.941370
154.26,0.762159
154.27,0.776134
154.28,0.952866
154.29,0.821355
154.30,0.834402
154.31,0.804018
154.33,0.840334
154.34,0.827583
154.35,0.786677
154.36,0.833017
154.37,0.805781
154.38,0.847334
154.39,0.878230
154.40,0.814524
154.41,0.732913
154.42,0.857481
154.43,0.718690
154.44,0.738930
154.45,0.750204
154.46,0.708041
154.47,0.751186
154.49,0.739064
154.50,0.697734
154.51,0.690844
154.52,0.810079
154.53,0.756515
154.54,0.700426
154.55,0.808087
154.56,0.760154
154.57,0.793458
154.58,0.853134
154.59,0.741435
154.60,0.715563
154.61,0.872009
154.62,0.762213
154.63,0.786828
154.65,0.785890
154.66,0.769512
154.67,0.746509
154.68,0.761284
154.69,0.841118
154.70,0.821898
154.71,0.759049
154.72,0.788350
154.73,0.689654
154.74,0.694292
154.75,0.797574
154.76,0.619548
154.77,0.667217
154.78,0.724146
154.79,0.734376
154.81,0.671630
154.82,0.692590
154.83,0.649504
154.84,0.656524
154.85,0.791124
154.86,0.635376
154.87,0.661060
154.88,0.727281
154.89,0.754874
154.90,0.577000
154.91,0.683427
154.92,0.694022
154.93,0.691420
154.94,0.682953
154.95,0.760555
154.97,0.690902
154.98,0.687044
154.99,0.751512
155.00,0.769133
155.01,1.393995
155.02,1.491506
155.03,1.050397
155.04,1.313143
155.05,1.038844
155.06,1.119392
155.07,0.881963
155.08,0.871059
155.09,0.765767
155.10,0.996521
155.11,0.934739
155.13,1.089802
155.14,0.979316
155.15,0.882518
155.16,0.967033
155.17,0.859138
155.18,1.067257
155.19,1.082167
155.20,1.204785
155.21,0.792505
155.22,1.028037
155.23,1.036863
155.24,0.934402
155.25,0.949100
155.26,0.858635
155.27,0.823974
155.29,1.017979
155.30,0.969556
155.31,1.121543
155.32,1.082753
155.33,1.154027
155.34,0.886943
155.35,1.303777
155.36,1.124495
155.37,1.247777
155.38,0.917265
155.39,0.983179
155.40,0.912377
155.41,0.801792
155.42,1.006951
155.43,0.900705
155.45,0.834663
155.46,0.977714
155.47,0.924222
155.48,0.862641
155.49,0.658883
155.50,0.799855
155.51,0.629552
155.52,0.605713
155.53,0.701401
155.54,0.602751
155.55,0.697876
155.56,0.501130
155.57,0.656033
155.58,0.609297
155.59,0.529546
155.61,0.753668
155.62,0.581851
155.63,0.514193
155.64,0.633771
155.65,0.780054
155.66,0.715197
155.67,0.779144
155.68,0.851635
155.69,0.833148
155.70,0.617165
155.71,0.680415
155.72,0.745136
155.73,0.877055
155.74,0.889231
155.75,0.964567
155.77,0.693909
155.78,0.588058
155.79,0.690289
155.80,0.660168
155.81,0.708933
155.82,0.779198
155.83,0.805809
155.84,0.621582
155.85,0.639607
155.86,0.606635
155.87,0.788871
155.88,0.684689
155.89,0.775475
155.90,0.615646
155.91,0.598226
155.93,0.599777
155.94,0.699528
155.95,0.672986
155.96,0.621956
155.97,0.744610
155.98,1.418092
155.99,1.924414
156.00,1.688158
156.01,1.349109
156.02,1.731818
156.03,1.514799
156.04,1.128060
156.05,1.077201
156.06,1.020118
156.07,0.830613
156.09,0.986987
156.10,0.985123
156.11,0.849453
156.12,1.030571
156.13,0.985126
156.14,0.999133
156.15,0.966647
156.16,0.888149
156.17,0.880186
156.18,0.899777
156.19,0.624384
156.20,0.772786
156.21,0.724393
156.22,0.779210
156.23,0.800200
156.25,0.772573
156.26,0.822651
156.27,0.562386
156.28,0.626410
156.29,0.674790
156.30,0.709828
156.31,0.692956
156.32,0.679368
156.33,0.678531
156.34,0.560668
156.35,0.583559
156.36,0.508237
156.37,0.556694
156.38,0.538537
156.39,0.528483
156.41,0.497487
156.42,0.518058
156.43,0.480967
156.44,0.526386
156.45,0.341466
156.46,0.425318
156.47,0.518061
156.48,0.961020
156.49,1.081565
156.50,1.076913
156.51,0.883690
156.52,0.865902
156.53,0.612510
156.54,0.958911
156.55,0.833253
156.57,0.927020
156.58,0.885007
156.59,0.585642
156.60,0.724555
156.61,0.943303
156.62,1.258789
156.63,1.074722
156.64,1.045217
156.65,0.966796
156.66,1.261256
156.67,0.932202
156.68,1.224995
156.69,0.968593
156.70,1.167696
156.71,1.167452
156.73,0.978172
156.74,1.241367
156.75,1.275776
156.76,1.444079
156.77,1.166405
156.78,1.262531
156.79,1.142982
156.80,1.358129
156.81,1.215836
156.82,1.359507
156.83,1.074198
156.84,1.183101
156.85,1.000300
156.86,0.908338
156.87,1.032406
156.89,0.811315
156.90,0.866896
156.91,0.660874
156.92,0.603575
156.93,0.513789
156.94,0.628319
156.95,0.644970
156.96,0.774330
156.97,0.732574
156.98,1.004408
156.99,0.852033
157.00,1.068820
157.01,0.874883
157.02,0.922150
157.03,1.162241
157.05,0.971147
157.06,0.902619
157.07,0.828728
157.08,0.763289
157.09,0.616534
157.10,0.735443
157.11,0.663210
157.12,0.753546
157.13,0.767582
157.14,0.895106
157.15,0.834656
157.16,0.894036
157.17,0.758019
157.18,0.815262
157.19,0.637413
157.21,0.761615
157.22,0.708689
157.23,0.830451
157.24,0.845255
157.25,0.865517
157.26,0.751673
157.27,0.681999
157.28,0.742875
157.29,0.684831
157.30,0.680578
157.31,0.757393
157.32,0.868149
157.33,0.748469
157.34,0.798509
157.35,0.869106
157.37,0.841342
157.38,0.786188
157.39,0.760530
157.40,0.714174
157.41,0.689829
157.42,0.685596
157.43,0.829705
157.44,0.791264
157.45,0.764276
157.46,1.214122
157.47,1.338426
157.48,1.011920
157.49,0.947612
157.50,0.873455
157.51,1.145463
157.53,0.860871
157.54,1.151492
157.55,0.911731
157.56,0.899599
157.57,0.705942
157.58,0.798076
157.59,1.007809
157.60,1.530446
157.61,1.724192
157.62,1.212097
157.63,1.714352
157.64,1.314941
157.65,1.147393
157.66,1.268540
157.67,1.196308
157.69,1.566169
157.70,1.408769
157.71,1.673998
157.72,1.401637
157.73,1.663712
157.74,1.427890
157.75,1.522056
157.76,1.546274
157.77,1.257986
157.78,1.557526
157.79,1.115328
157.80,1.507800
157.81,0.988691
157.82,1.269260
157.83,0.768532
157.85,1.013163
157.86,0.685060
157.87,0.822353
157.88,0.594886
157.89,0.541252
157.90,0.394962
157.91,0.332046
157.92,0.312888
157.93,0.308639
157.94,0.413313
157.95,1.538222
157.96,1.914374
157.97,1.804350
157.98,1.619811
157.99,1.756312
158.01,1.314782
158.02,1.452273
158.03,1.108964
158.04,1.030591
158.05,0.887929
158.06,0.905434
158.07,0.860749
158.08,0.805819
158.09,0.888888
158.10,1.011456
158.11,1.150658
158.12,0.909032
158.13,0.859959
158.14,1.012220
158.15,0.834363
158.17,0.831635
158.18,0.711149
158.19,0.824356
158.20,0.788628
158.21,0.685905
158.22,0.671872
158.23,0.857406
158.24,0.780527
158.25,0.800906
158.26,0.677604
158.27,0.610053
158.28,0.696679
158.29,0.503343
158.30,0.559788
158.31,0.506634
158.33,0.471456
158.34,0.587342
158.35,0.616606
158.36,0.504121
158.37,0.586505
158.38,0.538445
158.39,0.489566
158.40,0.511940
158.41,0.447625
158.42,0.411092
158.43,0.394086
158.44,0.578130
158.45,1.014925
158.46,1.255482
158.47,1.213790
158.49,1.524172
158.50,1.403240
158.51,1.537518
158.52,1.347843
158.53,1.350347
158.54,0.968773
158.55,0.975428
158.56,0.986734
158.57,0.910758
158.58,0.920777
158.59,1.017122
158.60,0.963298
158.61,1.360485
158.62,1.206494
158.63,1.541920
158.65,1.714296
158.66,1.156927
158.67,1.834242
158.68,1.232177
158.69,1.657409
158.70,1.221923
158.71,1.015000
158.72,0.877461
158.73,1.380953
158.74,1.019607
158.75,1.583497
158.76,1.182227
158.77,1.525957
158.78,1.168220
158.79,0.875413
158.81,0.700869
158.82,1.145848
158.83,0.888384
158.84,1.336327
158.85,1.121012
158.86,1.382788
158.87,1.120167
158.88,0.847760
158.89,0.553184
158.90,0.684591
158.91,0.748146
158.92,1.211052
158.93,1.051449
158.94,0.916638
158.95,0.916684
158.97,0.671593
158.98,0.609027
158.99,0.623485
159.00,0.783614
159.01,0.924946
159.02,0.881464
159.03,0.860515
159.04,1.008422
159.05,1.002992
159.06,0.981129
159.07,0.918671
159.08,1.021503
159.09,0.902807
159.10,0.811400
159.11,0.918451
159.13,0.826006
159.14,0.874649
159.15,0.960278
159.16,1.029393
159.17,0.872855
159.18,0.949713
159.19,0.938513
159.20,0.995714
159.21,0.897890
159.22,0.971934
159.23,0.942129
159.24,1.012074
159.25,0.855223
159.26,0.934298
159.27,0.816526
159.29,0.860669
159.30,0.893465
159.31,0.835610
159.32,0.977726
159.33,0.982964
159.34,0.970431
159.35,0.750779
159.36,0.817504
159.37,0.879501
159.38,0.761156
159.39,0.806458
159.40,0.858660
159.41,0.780075
159.42,0.708511
159.43,0.793165
159.45,0.975025
159.46,0.835553
159.47,0.764716
159.48,0.815378
159.49,0.770533
159.50,0.868499
159.51,0.862342
159.52,0.886798
159.53,0.733318
159.54,0.836146
159.55,0.872759
159.56,0.732574
159.57,0.816636
159.58,0.720706
159.59,0.752701
159.61,0.741657
159.62,0.745012
159.63,0.813247
159.64,0.693477
159.65,0.721354
159.66,0.671265
159.67,0.737665
159.68,0.682284
159.69,0.811688
159.70,0.868107
159.71,0.670649
159.72,0.682033
159.73,0.647741
159.74,0.680253
159.75,0.655371
159.77,0.585923
159.78,0.723849
159.79,0.620141
159.80,0.727823
159.81,0.697736
159.82,0.553258
159.83,0.624818
159.84,0.470301
159.85,0.648233
159.86,0.547833
159.87,0.556682
159.88,0.576200
159.89,0.553614
159.90,0.607941
159.91,0.578011
159.93,0.692789
159.94,0.616276
159.95,0.626976
159.96,0.602405
159.97,0.633904
159.98,0.672230
159.99,0.737487
160.00,0.648308
160.01,0.695440
160.02,0.687606
160.03,0.558728
160.04,0.574621
160.05,0.759989
160.06,0.694851
160.07,0.552260
160.09,0.692636
160.10,0.620954
160.11,0.599578
160.12,0.679008
160.13,0.746577
160.14,0.566294
160.15,0.554737
160.16,0.819451
160.17,0.703507
160.18,0.511803
160.19,0.588725
160.20,0.599584
160.21,0.484950
160.22,0.533360
160.23,0.699336
160.25,0.606097
160.26,0.490316
160.27,0.620574
160.28,0.560129
160.29,0.493396
160.30,0.586486
160.31,0.667784
160.32,0.506750
160.33,0.488392
160.34,0.760181
160.35,0.639480
160.36,0.549022
160.37,0.656879
160.38,0.597770
160.39,0.504822
160.41,0.505504
160.42,0.740795
160.43,0.734912
160.44,0.626438
160.45,0.729164
160.46,0.722592
160.47,0.610227
160.48,0.795059
160.49,0.715308
160.50,0.655832
160.51,0.649995
160.52,0.718714
160.53,0.679280
160.54,0.565901
160.55,0.708331
160.57,0.683592
160.58,0.495228
160.59,0.556719
160.60,0.743645
160.61,0.654771
160.62,0.597773
160.63,0.730251
160.64,0.688526
160.65,0.555502
160.66,0.655003
160.67,0.708759
160.68,0.551107
160.69,0.542419
160.70,0.660476
160.71,0.611816
160.73,0.537116
160.74,0.729639
160.75,0.721702
160.76,0.533960
160.77,0.549709
160.78,0.723841
160.79,0.703913
160.80,0.552537
160.81,0.684745
160.82,0.650547
160.83,0.512355
160.84,0.590197
160.85,0.662733
160.86,0.550142
160.87,0.495518
160.89,0.589513
160.90,0.550818
160.91,0.543430
160.92,0.587574
160.93,0.546721
160.94,0.558179
160.95,0.573562
160.96,0.518944
160.97,0.597289
160.98,0.656860
160.99,0.656959
161.00,0.661055
161.01,0.499352
161.02,0.522883
161.03,0.408551
161.05,0.520612
161.06,0.507517
161.07,0.477539
161.08,0.470931
161.09,0.396324
161.10,0.419000
161.11,0.371502
161.12,0.414248
161.13,0.414392
161.14,0.365751
161.15,0.371079
161.16,0.373372
161.17,0.355966
161.18,0.312043
161.19,0.363969
161.21,0.375172
161.22,0.323185
161.23,0.327658
161.24,0.344374
161.25,0.331512
161.26,0.299474
161.27,0.285883
161.28,0.270266
161.29,0.247216
161.30,0.257349
161.31,0.279311
161.32,0.247368
161.33,0.225106
161.34,0.235320
161.35,0.229512
161.37,0.217826
161.38,0.238912
161.39,0.260604
161.40,0.217384
161.41,0.193569
161.42,0.210378
161.43,0.198373
161.44,0.209125
161.45,0.201240
161.46,0.196046
161.47,0.186361
161.48,0.189482
161.49,0.217844
161.50,0.213882
161.51,0.220923
161.53,0.214309
161.54,0.179615
161.55,0.127443
161.56,0.136967
161.57,0.141449
161.58,0.142521
161.59,0.163974
161.60,0.162050
161.61,0.173903
161.62,0.160614
161.63,0.155322
161.64,0.142082
161.65,0.130821
161.66,0.141617
161.67,0.148013
161.69,0.130918
161.70,0.145900
161.71,0.146166
161.72,0.131432
161.73,0.128996
161.74,0.144254
161.75,0.132266
161.76,0.099817
161.77,0.102886
161.78,0.112470
161.79,0.113315
161.80,0.121596
161.81,0.109711
161.82,0.097605
161.83,0.107363
161.85,0.105874
161.86,0.109089
161.87,0.115544
161.88,0.111915
161.89,0.180337
161.90,0.251389
161.91,0.308085
161.92,0.337780
161.93,0.327255
161.94,0.356263
161.95,0.316628
161.96,0.274905
161.97,0.263634
161.98,0.281952
161.99,0.277312
162.01,0.236105
162.02,0.218957
162.03,0.222392
162.04,0.196802
162.05,0.212593
162.06,0.219458
162.07,0.207200
162.08,0.206691
162.09,0.209283
162.10,0.176515
162.11,0.180338
162.12,0.220272
162.13,0.201163
162.14,0.179499
162.15,0.200790
162.17,0.182411
162.18,0.162618
162.19,0.143008
162.20,0.160634
162.21,0.149060
162.22,0.127437
162.23,0.136674
162.24,0.144722
162.25,0.133968
162.26,0.126095
162.27,0.104602
162.28,0.115994
162.29,0.112192
162.30,0.099283
162.31,0.095455
162.33,0.103201
162.34,0.101771
162.35,0.078555
162.36,0.093763
162.37,0.086860
162.38,0.143941
162.39,0.165725
162.40,0.159780
162.41,0.198709
162.42,0.245655
162.43,0.232247
162.44,0.244980
162.45,0.254808
162.46,0.280007
162.47,0.298571
162.49,0.282732
162.50,0.294386
162.51,0.331477
162.52,0.278801
162.53,0.262644
162.54,0.280835
162.55,0.267797
162.56,0.231034
162.57,0.244801
162.58,0.256314
162.59,0.250262
162.60,0.211839
162.61,0.226136
162.62,0.232238
162.63,0.187778
162.65,0.236913
162.66,0.248565
162.67,0.238862
162.68,0.256389
162.69,0.299505
162.70,0.303619
162.71,0.278568
162.72,0.295578
162.73,0.267242
162.74,0.253870
162.75,0.270886
162.76,0.276693
162.77,0.266576
162.78,0.234434
162.79,0.239813
162.81,0.256022
162.82,0.218661
162.83,0.229564
162.84,0.234907
162.85,0.221259
162.86,0.324139
162.87,0.661016
162.88,1.314354
162.89,1.543413
162.90,1.498993
162.91,1.188041
162.92,1.173420
162.93,1.092281
162.94,1.316120
162.95,1.657736
162.97,1.438602
162.98,1.153539
162.99,1.233951
163.00,1.179062
163.01,1.290142
163.02,1.331000
163.03,1.673987
163.04,1.970492
163.05,1.297737
163.06,1.449476
163.07,1.122311
163.08,1.616858
163.09,1.273485
163.10,1.631964
163.11,1.011365
163.13,1.574949
163.14,1.280978
163.15,1.907317
163.16,1.316570
163.17,1.649544
163.18,1.290404
163.19,1.486247
163.20,1.376926
163.21,1.183232
163.22,1.595939
163.23,1.284735
163.24,1.609812
163.25,0.952455
163.26,1.295852
163.27,0.903754
163.29,1.147633
163.30,0.979069
163.31,1.184257
163.32,1.006783
163.33,0.979942
163.34,1.009946
163.35,0.906212
163.36,1.096342
163.37,1.037113
163.38,1.228521
163.39,1.010187
163.40,1.018646
163.41,0.949504
163.42,1.158037
163.43,0.967041
163.45,1.060699
163.46,0.947080
163.47,1.156416
163.48,0.923353
163.49,1.008889
163.50,0.890163
163.51,0.846276
163.52,0.917323
163.53,0.849980
163.54,0.952931
163.55,0.861907
163.56,0.720057
163.57,0.793355
163.58,0.824103
163.59,0.754976
163.61,0.923876
163.62,0.565519
163.63,0.626648
163.64,0.620381
163.65,0.689351
163.66,0.638271
163.67,0.607833
163.68,0.658225
163.69,0.511571
163.70,0.480098
163.71,0.513118
163.72,0.517335
163.73,0.448175
163.74,0.405935
163.75,0.386486
163.77,0.385269
163.78,0.391166
163.79,0.393723
163.80,0.378064
163.81,0.356628
163.82,0.431128
163.83,0.474464
163.84,0.491399
163.85,1.252853
163.86,1.719573
163.87,1.743251
163.88,1.463541
163.89,1.372956
163.90,1.309561
163.91,1.170315
163.93,0.960817
163.94,0.860872
163.95,0.658320
163.96,0.631886
163.97,0.704123
163.98,0.688840
163.99,0.712923
164.00,0.680647
164.01,0.649307
164.02,0.673538
164.03,0.530720
164.04,0.550755
164.05,0.554975
164.06,0.530545
164.07,0.462589
164.09,0.391498
164.10,0.419744
164.11,0.445353
164.12,0.461622
164.13,0.419194
164.14,0.449262
164.15,0.427009
164.16,0.438415
164.17,0.452089
164.18,0.457976
164.19,0.361803
164.20,0.377700
164.21,0.394629
164.22,0.372494
164.23,0.377546
164.25,0.347854
164.26,0.363952
164.27,0.378694
164.28,0.313883
164.29,0.297077
164.30,0.342722
164.31,0.337178
164.32,0.339538
164.33,0.344928
164.34,0.481910
164.35,0.943954
164.36,1.037480
164.37,0.770731
164.38,0.763598
164.39,0.966358
164.41,0.997935
164.42,0.997118
164.43,0.825156
164.44,0.622628
164.45,0.621204
164.46,0.656791
164.47,0.732618
164.48,0.808294
164.49,0.766320
164.50,1.123192
164.51,1.268798
164.52,0.952177
164.53,1.258669
164.54,1.180329
164.55,0.849949
164.57,1.094334
164.58,0.842740
164.59,1.058360
164.60,0.895134
164.61,1.055872
164.62,0.817321
164.63,0.988852
164.64,0.686692
164.65,0.977170
164.66,0.726203
164.67,0.967437
164.68,0.715005
164.69,0.938469
164.70,0.739866
164.71,0.924297
164.73,0.710807
164.74,0.842723
164.75,0.596602
164.76,0.773089
164.77,0.542374
164.78,0.649932
164.79,0.506175
164.80,0.583317
164.81,0.514553
164.82,0.498021
164.83,0.519052
164.84,0.508395
164.85,0.558267
164.86,0.499908
164.87,0.550682
164.89,0.519295
164.90,0.459169
164.91,0.463795
164.92,0.391608
164.93,0.322499
164.94,0.309828
164.95,0.286079
164.96,0.257690
164.97,0.284235
164.98,0.301620
164.99,0.270472
165.00,0.275437
165.01,0.284069
165.02,0.333771
165.03,0.329257
165.05,0.294941
165.06,0.280683
165.07,0.279695
165.08,0.297524
165.09,0.296104
165.10,0.278749
165.11,0.293630
165.12,0.277728
165.13,0.270957
165.14,0.243519
165.15,0.257353
165.16,0.275932
165.17,0.256239
165.18,0.240640
165.19,0.228465
165.21,0.238026
165.22,0.243982
165.23,0.230063
165.24,0.223472
165.25,0.192933
165.26,0.201193
165.27,0.218613
165.28,0.197940
165.29,0.199543
165.30,0.237319
165.31,0.288898
165.32,0.413184
165.33,1.128296
165.34,1.232604
165.35,1.252737
165.37,1.129211
165.38,0.945210
165.39,0.948159
165.40,1.272028
165.41,1.184291
165.42,0.990178
165.43,0.755462
165.44,1.004918
165.45,0.806094
165.46,1.091864
165.47,1.139792
165.48,1.225365
165.49,1.723066
165.50,1.048065
165.51,1.958261
165.53,1.242122
165.54,1.370734
165.55,0.853589
165.56,1.128722
165.57,0.905963
165.58,1.352055
165.59,0.955200
165.60,1.114595
165.61,0.985062
165.62,0.981489
165.63,0.811673
165.64,0.934016
165.65,0.952519
165.66,1.132117
165.67,1.388284
165.69,1.133458
165.70,1.386258
165.71,1.089823
165.72,1.144188
165.73,0.780044
165.74,1.367821
165.75,1.056225
165.76,1.209694
165.77,0.880722
165.78,0.874741
165.79,1.026287
165.80,0.880138
165.81,1.421885
165.82,1.766610
165.83,1.973668
165.85,1.675908
165.86,1.638941
165.87,1.658649
165.88,1.385089
165.89,1.265657
165.90,1.136549
165.91,1.019415
165.92,0.810396
165.93,0.886326
165.94,1.102946
165.95,1.170108
165.96,0.968840
165.97,0.898709
165.98,0.958573
165.99,0.802601
166.01,0.728563
166.02,0.763251
166.03,0.799165
166.04,0.707686
166.05,0.688564
166.06,0.835400
166.07,0.552920
166.08,0.559300
166.09,0.765549
166.10,0.692668
166.11,0.574994
166.12,0.675837
166.13,0.718492
166.14,0.591162
166.15,0.551390
166.17,0.713659
166.18,0.574902
166.19,0.592485
166.20,0.708852
166.21,0.678564
166.22,0.670997
166.23,0.661643
166.24,0.741218
166.25,0.534906
166.26,0.519628
166.27,0.570810
166.28,0.498693
166.29,0.637083
166.30,0.707171
166.31,0.636646
166.33,0.647281
166.34,0.650857
166.35,0.639580
166.36,0.559352
166.37,0.658446
166.38,0.565002
166.39,0.683051
166.40,0.540854
166.41,0.579053
166.42,0.507160
166.43,0.424410
166.44,0.424141
166.45,0.507838
166.46,0.426077
166.47,0.462760
166.49,0.453412
166.50,0.491109
166.51,0.613567
166.52,0.438222
166.53,0.595842
166.54,0.574886
166.55,0.539874
166.56,0.731269
166.57,0.590695
166.58,0.762932
166.59,0.720371
166.60,0.549253
166.61,0.604620
166.62,0.645867
166.63,0.747123
166.65,0.773959
166.66,0.650715
166.67,0.738708
166.68,0.669854
166.69,0.595681
166.70,0.502086
166.71,0.615234
166.72,0.692932
166.73,0.509654
166.74,0.590345
166.75,0.560472
166.76,0.487181
166.77,0.529853
166.78,0.431304
166.79,0.552530
166.81,1.026815
166.82,1.254735
166.83,1.158063
166.84,1.130177
166.85,1.185365
166.86,1.698173
166.87,0.904900
166.88,0.925790
166.89,0.833810
166.90,1.074943
166.91,0.995416
166.92,1.005347
166.93,1.131501
166.94,0.732563
166.95,0.702829
166.97,0.730847
166.98,0.535262
166.99,0.880241
167.00,0.831412
167.01,0.682787
167.02,0.749210
167.03,1.079251
167.04,1.142954
167.05,1.756005
167.06,1.594221
167.07,1.871742
167.08,1.619507
167.09,1.526279
167.10,1.517447
167.11,0.859146
167.13,1.061349
167.14,0.712162
167.15,0.508507
167.16,0.589166
167.17,0.577869
167.18,0.783693
167.19,0.803435
167.20,1.055509
167.21,1.102401
167.22,1.088534
167.23,1.151276
167.24,0.921553
167.25,0.832120
167.26,0.632574
167.27,0.720018
167.29,0.657938
167.30,0.621724
167.31,0.659431
167.32,0.758080
167.33,1.226340
167.34,1.009081
167.35,1.171277
167.36,1.128202
167.37,1.105130
167.38,1.071760
167.39,0.693399
167.40,0.853849
167.41,0.712895
167.42,0.568495
167.43,0.931329
167.45,0.758390
167.46,0.563717
167.47,0.784184
167.48,0.787357
167.49,0.532390
167.50,0.586026
167.51,0.546469
167.52,0.627477
167.53,0.568863
167.54,0.633155
167.55,0.655441
167.56,0.521566
167.57,0.756677
167.58,0.720826
167.59,0.461280
167.61,0.587584
167.62,0.672224
167.63,0.485895
167.64,0.481332
167.65,0.603679
167.66,0.443417
167.67,0.500894
167.68,0.467362
167.69,0.475628
167.70,0.504699
167.71,0.391201
167.72,0.372529
167.73,0.392136
167.74,0.508932
167.75,0.382390
167.77,0.447363
167.78,0.398535
167.79,1.472122
167.80,1.841388
167.81,1.618980
167.82,1.323559
167.83,1.400196
167.84,1.007490
167.85,0.915457
167.86,0.816224
167.87,0.690291
167.88,0.677876
167.89,0.713269
167.90,0.726694
167.91,0.801285
167.93,0.744299
167.94,0.682188
167.95,0.655717
167.96,0.610025
167.97,0.578714
167.98,0.529101
167.99,0.482373
168.00,0.380419
168.01,0.411429
168.02,0.417582
168.03,0.423355
168.04,0.458795
168.05,0.401632
168.06,0.355608
168.07,0.330696
168.09,0.302154
168.10,0.281735
168.11,0.274956
168.12,0.256718
168.13,0.257458
168.14,0.263429
168.15,0.249018
168.16,0.240156
168.17,0.216343
168.18,0.189921
168.19,0.219691
168.20,0.227555
168.21,0.208081
168.22,0.189973
168.23,0.203741
168.25,0.183548
168.26,0.184602
168.27,0.191888
168.28,0.376236
168.29,1.214103
168.30,1.292888
168.31,1.020876
168.32,0.903045
168.33,0.908037
168.34,0.788110
168.35,1.385579
168.36,1.355516
168.37,1.076246
168.38,0.973989
168.39,0.912533
168.41,0.935058
168.42,0.926802
168.43,0.988540
168.44,1.240080
168.45,1.954174
168.46,1.332354
168.47,1.709335
168.48,1.206260
168.49,1.199676
168.50,1.145973
168.51,1.206991
168.52,1.699685
168.53,1.180452
168.54,1.268266
168.55,1.120786
168.57,0.768074
168.58,1.250351
168.59,1.405591
168.60,1.303772
168.61,1.300662
168.62,0.890611
168.63,1.025737
168.64,1.254728
168.65,0.969680
168.66,1.459778
168.67,1.090771
168.68,0.914774
168.69,1.237201
168.70,0.996662
168.71,0.922200
168.73,1.179908
168.74,0.623761
168.75,1.055178
168.76,1.277630
168.77,0.941276
168.78,0.734458
168.79,0.913291
168.80,0.692232
168.81,0.859478
168.82,0.806126
168.83,0.635758
168.84,0.787900
168.85,0.662372
168.86,0.749884
168.87,0.701008
168.89,0.718347
168.90,0.729358
168.91,0.562643
168.92,0.737669
168.93,0.678928
168.94,0.675011
168.95,0.625026
168.96,0.635384
168.97,0.617034
168.98,0.519753
168.99,0.631835
169.00,0.694697
169.01,0.657929
169.02,0.524735
169.03,0.488621
169.05,0.522430
169.06,0.463673
169.07,0.458786
169.08,0.584487
169.09,0.417653
169.10,0.457463
169.11,0.381016
169.12,0.418994
169.13,0.389850
169.14,0.319294
169.15,0.284810
169.16,0.227689
169.17,0.280054
169.18,0.234901
169.19,0.266569
169.21,0.247479
169.22,0.232574
169.23,0.283176
169.24,0.306347
169.25,0.323965
169.26,0.396854
169.27,0.935863
169.28,1.093620
169.29,0.787509
169.30,0.848444
169.31,0.767656
169.32,0.766078
169.33,0.806293
169.34,0.882444
169.35,0.944212
169.37,0.889538
169.38,1.093133
169.39,1.208602
169.40,1.199074
169.41,1.279824
169.42,1.175170
169.43,1.102673
169.44,1.053978
169.45,1.446502
169.46,1.103801
169.47,1.592752
169.48,1.570238
169.49,1.391638
169.50,1.487731
169.51,0.928167
169.53,1.583603
169.54,1.321101
169.55,1.190181
169.56,1.075023
169.57,0.588102
169.58,0.947061
169.59,1.250098
169.60,0.913173
169.61,1.313331
169.62,0.857863
169.63,0.547309
169.64,0.838033
169.65,0.859441
169.66,1.174307
169.67,0.881947
169.69,0.606504
169.70,0.812699
169.71,0.845872
169.72,1.105663
169.73,0.732194
169.74,0.411452
169.75,1.367527
169.76,1.849910
169.77,1.971555
169.78,1.770982
169.79,1.747692
169.80,1.746134
169.81,1.214772
169.82,1.021014
169.83,1.106542
169.85,1.077634
169.86,1.156229
169.87,1.121040
169.88,1.126289
169.89,1.084540
169.90,0.942228
169.91,0.956800
169.92,0.915118
169.93,0.891185
169.94,0.884830
169.95,0.953470
169.96,0.830829
169.97,0.862276
169.98,0.988694
169.99,0.936629
170.01,0.916256
170.02,0.757198
170.03,0.701695
170.04,0.799219
170.05,0.814335
170.06,0.774382
170.07,0.756185
170.08,0.872580
170.09,0.815927
170.10,0.805393
170.11,0.740246
170.12,0.716287
170.13,0.740696
170.14,0.770261
170.15,0.874888
170.17,0.727852
170.18,0.744479
170.19,0.777734
170.20,0.809040
170.21,0.679707
170.22,0.738824
170.23,0.763750
170.24,0.651577
170.25,0.730243
170.26,0.655557
170.27,0.670071
170.28,0.730590
170.29,0.588252
170.30,0.565540
170.31,0.703310
170.33,0.829575
170.34,0.699890
170.35,0.669331
170.36,0.722241
170.37,0.615317
170.38,0.643901
170.39,0.627524
170.40,0.675518
170.41,0.628759
170.42,0.689423
170.43,0.594908
170.44,0.636925
170.45,0.727413
170.46,0.692263
170.47,0.651872
170.49,0.638470
170.50,0.684550
170.51,0.717372
170.52,0.653771
170.53,0.616306
170.54,0.649583
170.55,0.798895
170.56,0.789425
170.57,0.595185
170.58,0.568043
170.59,0.725793
170.60,0.679616
170.61,0.643014
170.62,0.729360
170.63,0.635502
170.65,0.624632
170.66,0.606420
170.67,0.722848
170.68,0.579071
170.69,0.629532
170.70,0.804055
170.71,0.615103
170.72,0.637672
170.73,0.634023
170.74,1.200034
170.75,1.532580
170.76,1.253542
170.77,0.877783
170.78,1.033623
170.79,1.062062
170.81,1.113323
170.82,0.957445
170.83,0.797844
170.84,0.725993
170.85,0.973782
170.86,0.845006
170.87,1.161186
170.88,1.331022
170.89,0.955275
170.90,1.291263
170.91,1.180748
170.92,1.462466
170.93,1.434631
170.94,1.232727
170.95,1.573317
170.97,1.069803
170.98,1.440419
170.99,0.985830
171.00,1.580591
171.01,0.993153
171.02,1.477494
171.03,0.928697
171.04,1.448777
171.05,1.061720
171.06,1.328714
171.07,1.020954
171.08,1.324550
171.09,1.121574
171.10,1.332344
171.11,0.911529
171.13,1.287962
171.14,0.996865
171.15,0.997026
171.16,0.912265
171.17,0.820145
171.18,0.893640
171.19,0.762329
171.20,0.735202
171.21,0.907537
171.22,0.984736
171.23,0.890796
171.24,0.907185
171.25,0.863928
171.26,0.742627
171.27,0.707554
171.29,0.707523
171.30,0.815739
171.31,0.778537
171.32,0.652498
171.33,0.736437
171.34,0.726002
171.35,0.563697
171.36,0.723540
171.37,0.817436
171.38,0.719451
171.39,0.772143
171.40,0.703026
171.41,0.682253
171.42,0.614268
171.43,0.670549
171.45,0.607500
171.46,0.574375
171.47,0.512387
171.48,0.650297
171.49,0.483407
171.50,0.431053
171.51,0.397537
171.52,0.353525
171.53,0.404701
171.54,0.298989
171.55,0.286810
171.56,0.307954
171.57,0.205803
171.58,0.237189
171.59,0.271523
171.61,0.195479
171.62,0.243121
171.63,0.233066
171.64,0.178664
171.65,0.183193
171.66,0.162177
171.67,0.156558
171.68,0.199966
171.69,0.240089
171.70,0.360877
171.71,0.432401
171.72,1.472930
171.73,2.101199
171.74,1.565765
171.75,1.394306
171.77,1.426518
171.78,0.954440
171.79,0.759166
171.80,0.687931
171.81,0.644348
171.82,0.607987
171.83,0.542271
171.84,0.522114
171.85,0.573228
171.86,0.647001
171.87,0.690192
171.88,0.613434
171.89,0.553706
171.90,0.493730
171.91,0.465412
171.93,0.425977
171.94,0.376399
171.95,0.377934
171.96,0.339725
171.97,0.423015
171.98,0.391830
171.99,0.377312
172.00,0.392566
172.01,0.343155
172.02,0.357964
172.03,0.273204
172.04,0.257709
172.05,0.287068
172.06,0.259117
172.07,0.243385
172.09,0.237361
172.10,0.218985
172.11,0.258527
172.12,0.255815
172.13,0.205228
172.14,0.159317
172.15,0.181818
172.16,0.189581
172.17,0.210756
172.18,0.187075
172.19,0.202385
172.20,0.216030
172.21,0.456975
172.22,0.731390
172.23,0.786142
172.25,0.644695
172.26,0.608707
172.27,0.588857
172.28,0.740312
172.29,0.680815
172.30,0.676258
172.31,0.535680
172.32,0.585058
172.33,0.573867
172.34,0.706165
172.35,0.838481
172.36,0.716855
172.37,0.895571
172.38,1.121681
172.39,1.212015
172.41,0.870897
172.42,1.179217
172.43,0.934996
172.44,1.210299
172.45,1.020719
172.46,1.161843
172.47,1.099447
172.48,1.131064
172.49,1.028837
172.50,0.998417
172.51,1.018102
172.52,0.981017
172.53,0.981955
172.54,1.015567
172.55,0.922987
172.57,0.871983
172.58,0.885293
172.59,0.809543
172.60,0.843715
172.61,0.715635
172.62,0.762012
172.63,0.578440
172.64,0.658868
172.65,0.534313
172.66,0.565366
172.67,0.496110
172.68,0.453696
172.69,0.553023
172.70,0.509908
172.71,0.447350
172.73,0.469585
172.74,0.465656
172.75,0.439765
172.76,0.440169
172.77,0.403167
172.78,0.347494
172.79,0.340177
172.80,0.284665
172.81,0.275237
172.82,0.257485
172.83,0.253040
172.84,0.290614
172.85,0.265505
172.86,0.255513
172.87,0.260789
172.89,0.292184
172.90,0.255628
172.91,0.236861
172.92,0.240831
172.93,0.264440
172.94,0.247969
172.95,0.237434
172.96,0.234923
172.97,0.203200
172.98,0.209014
172.99,0.178007
173.00,0.194789
173.01,0.205053
173.02,0.177252
173.03,0.191018
173.05,0.189924
173.06,0.175196
173.07,0.190860
173.08,0.189895
173.09,0.180356
173.10,0.209802
173.11,0.235147
173.12,0.219682
173.13,0.190411
173.14,0.182874
173.15,0.193014
173.16,0.169758
173.17,0.220682
173.18,0.248727
173.19,0.578225
173.21,1.153268
173.22,1.223535
173.23,0.963927
173.24,0.987786
173.25,1.112884
173.26,0.824353
173.27,1.184979
173.28,1.148757
173.29,1.419290
173.30,1.075684
173.31,0.983179
173.32,0.871402
173.33,0.572646
173.34,0.561513
173.35,1.040096
173.37,1.446530
173.38,1.681728
173.39,1.894936
173.40,2.270568
173.41,1.272978
173.42,1.140982
173.43,0.785317
173.44,1.040430
173.45,1.138093
173.46,1.238456
173.47,0.941277
173.48,0.564758
173.49,0.548540
173.50,0.879279
173.51,0.838037
173.53,0.794990
173.54,0.830346
173.55,0.799142
173.56,1.039729
173.57,1.680397
173.58,1.487871
173.59,1.008561
173.60,0.977134
173.61,0.902101
173.62,0.995560
173.63,1.152067
173.64,0.769939
173.65,0.850923
173.66,0.859567
173.67,1.044917
173.69,1.748274
173.70,1.892502
173.71,1.900496
173.72,1.663154
173.73,1.614313
173.74,1.448740
173.75,1.335205
173.76,1.031435
173.77,1.191724
173.78,0.975828
173.79,0.947478
173.80,1.040414
173.81,1.142057
173.82,0.981548
173.83,0.787377
173.85,0.770576
173.86,0.869090
173.87,0.949225
173.88,0.849008
173.89,0.799251
173.90,0.824528
173.91,0.905029
173.92,0.759372
173.93,0.835469
173.94,0.878787
173.95,0.982976
173.96,0.864736
173.97,0.772300
173.98,0.721699
173.99,0.669882
174.01,0.650680
174.02,0.779877
174.03,0.666877
174.04,0.664398
174.05,0.610949
174.06,0.647706
174.07,0.711535
174.08,0.657725
174.09,0.579073
174.10,0.770147
174.11,0.731839
174.12,0.615778
174.13,0.630837
174.14,0.655746
174.15,0.911785
174.17,0.765161
174.18,0.706617
174.19,1.173106
174.20,1.332452
174.21,1.154627
174.22,1.237000
174.23,1.735112
174.24,1.145592
174.25,1.297869
174.26,1.072911
174.27,0.877596
174.28,0.945232
174.29,0.783756
174.30,0.615503
174.31,0.747350
174.33,0.870204
174.34,1.097766
174.35,1.212860
174.36,1.011751
174.37,1.134066
174.38,1.323087
174.39,1.043451
174.40,1.032314
174.41,1.001148
174.42,1.161397
174.43,1.017100
174.44,1.355024
174.45,0.951001
174.46,1.139929
174.47,1.046300
174.49,0.984148
174.50,0.950751
174.51,0.884289
174.52,0.960199
174.53,0.965288
174.54,1.027915
174.55,1.200288
174.56,0.824136
174.57,1.081843
174.58,0.970908
174.59,0.745075
174.60,0.753487
174.61,0.557358
174.62,0.671092
174.63,0.579601
174.65,0.758333
174.66,0.777198
174.67,1.005129
174.68,1.265706
174.69,1.467959
174.70,1.120893
174.71,1.024977
174.72,1.138818
174.73,1.356120
174.74,0.784235
174.75,0.900912
174.76,0.876648
174.77,0.878129
174.78,0.597860
174.79,0.703972
174.81,0.795131
174.82,1.163903
174.83,1.270158
174.84,1.318919
174.85,0.957404
174.86,1.157115
174.87,0.932085
174.88,0.967072
174.89,0.866737
174.90,0.632334
174.91,0.834895
174.92,0.689424
174.93,0.730603
174.94,0.562213
174.95,0.586144
174.97,0.508799
174.98,0.534164
174.99,0.558442
175.00,0.493181
175.01,0.445182
175.02,0.508618
175.03,0.568389
175.04,0.489012
175.05,0.478474
175.06,0.519545
175.07,0.576419
175.08,0.460937
175.09,0.459454
175.10,0.409442
175.11,0.443399
175.13,0.343646
175.14,0.289235
175.15,0.360331
175.16,0.340065
175.17,0.341103
175.18,0.376092
175.19,0.400607
175.20,0.351769
175.21,0.388709
175.22,0.409069
175.23,0.377670
175.24,0.496973
175.25,0.490883
175.26,0.593607
175.27,0.501664
175.29,0.576334
175.30,0.545267
175.31,0.652070
175.32,0.466890
175.33,0.509779
175.34,0.498218
175.35,0.568721
175.36,0.389313
175.37,0.406246
175.38,0.398277
175.39,0.408292
175.40,0.327594
175.41,0.275384
175.42,0.266405
175.43,0.306502
175.45,0.299971
175.46,0.230336
175.47,0.283767
175.48,0.324528
175.49,0.356500
175.50,0.218529
175.51,0.273899
175.52,0.243458
175.53,0.205322
175.54,0.188592
175.55,0.187693
175.56,0.227059
175.57,0.215531
175.58,0.166681
175.59,0.161865
175.61,0.204449
175.62,0.246140
175.63,0.287213
175.64,0.352832
175.65,0.447620
175.66,1.550529
175.67,2.135950
175.68,1.887265
175.69,1.451359
175.70,1.384393
175.71,1.092855
175.72,0.836574
175.73,0.649625
175.74,0.573246
175.75,0.559993
175.77,0.531124
175.78,0.511274
175.79,0.579348
175.80,0.626569
175.81,0.645850
175.82,0.629045
175.83,0.553861
175.84,0.413313
175.85,0.455084
175.86,0.513178
175.87,0.483532
175.88,0.442867
175.89,0.481851
175.90,0.498336
175.91,0.424638
175.93,0.386766
175.94,0.312054
175.95,0.297712
175.96,0.296967
175.97,0.299103
175.98,0.287869
175.99,0.289695
176.00,0.235887
176.01,0.214346
176.02,0.195630
176.03,0.198276
176.04,0.220580
176.05,0.197113
176.06,0.182573
176.07,0.177697
176.09,0.191579
176.10,0.223210
176.11,0.213296
176.12,0.211042
176.13,0.216117
176.14,0.231829
176.15,0.569446
176.16,0.819896
176.17,0.822268
176.18,0.707393
176.19,0.688579
176.20,0.751137
176.21,0.704653
176.22,0.916539
176.23,0.621392
176.25,0.658623
176.26,0.577874
176.27,0.642906
176.28,0.818168
176.29,0.852324
176.30,0.955832
176.31,0.864650
176.32,1.169076
176.33,1.320836
176.34,0.856538
176.35,1.279951
176.36,0.989409
176.37,1.146582
176.38,1.152859
176.39,1.140811
176.41,1.161982
176.42,1.062458
176.43,1.092155
176.44,0.906071
176.45,1.010022
176.46,0.885803
176.47,0.928725
176.48,0.919432
176.49,0.938176
176.50,0.809600
176.51,0.923665
176.52,0.791178
176.53,0.872212
176.54,0.637968
176.55,0.794164
176.57,0.577762
176.58,0.615748
176.59,0.551433
176.60,0.508325
176.61,0.521986
176.62,0.504062
176.63,0.523093
176.64,0.655080
176.65,0.596359
176.66,0.553977
176.67,0.505709
176.68,0.507946
176.69,0.466725
176.70,0.399351
176.71,0.344333
176.73,0.318420
176.74,0.238189
176.75,0.251653
176.76,0.189551
176.77,0.152060
176.78,0.132315
176.79,0.126406
176.80,0.117073
176.81,0.137473
176.82,0.130731
176.83,0.133059
176.84,0.113405
176.85,0.126481
176.86,0.134981
176.87,0.136892
176.89,0.118553
176.90,0.117448
176.91,0.126648
176.92,0.123369
176.93,0.107256
176.94,0.098358
176.95,0.129768
176.96,0.126989
176.97,0.125561
176.98,0.113598
176.99,0.114142
177.00,0.115276
177.01,0.115709
177.02,0.130667
177.03,0.129037
177.05,0.121942
177.06,0.141475
177.07,0.150205
177.08,0.142620
177.09,0.132763
177.10,0.130264
177.11,0.173576
177.12,0.210141
177.13,0.489843
177.14,1.147611
177.15,1.259877
177.16,1.171206
177.17,1.128901
177.18,1.080048
177.19,0.973746
177.21,1.231248
177.22,1.145111
177.23,0.764347
177.24,0.813850
177.25,1.131744
177.26,0.821361
177.27,0.576402
177.28,0.613850
177.29,1.174715
177.30,1.906645
177.31,1.880259
177.32,1.396149
177.33,1.819973
177.34,1.149441
177.35,1.768976
177.37,1.482224
177.38,1.795102
177.39,1.161578
177.40,1.786445
177.41,1.294491
177.42,1.448539
177.43,1.038323
177.44,1.476660
177.45,1.224680
177.46,1.258450
177.47,0.901502
177.48,1.355519
177.49,1.172503
177.50,1.156654
177.51,0.899986
177.53,1.171844
177.54,1.120810
177.55,0.922355
177.56,0.734257
177.57,0.863887
177.58,0.825068
177.59,0.848368
177.60,0.758825
177.61,1.031506
177.62,1.871097
177.63,1.999082
177.64,1.758400
177.65,1.368971
177.66,1.380116
177.67,1.288752
177.69,1.186744
177.70,1.095046
177.71,0.965170
177.72,0.995628
177.73,1.045123
177.74,0.905528
177.75,0.896173
177.76,0.819263
177.77,0.899911
177.78,0.880467
177.79,0.857567
177.80,0.702343
177.81,0.699077
177.82,0.743652
177.83,0.758541
177.85,0.785658
177.86,0.782909
177.87,0.730440
177.88,0.746703
177.89,0.771939
177.90,0.695086
177.91,0.618227
177.92,0.656144
177.93,0.716565
177.94,0.697592
177.95,0.723431
177.96,0.670863
177.97,0.636081
177.98,0.636079
177.99,0.604473
178.01,0.565842
178.02,0.559613
178.03,0.556773
178.04,0.606621
178.05,0.609777
178.06,0.648323
178.07,0.643295
178.08,0.619323
178.09,0.580414
178.10,0.585552
178.11,0.598786
178.12,0.632646
178.13,0.596642
178.14,0.598990
178.15,0.713746
178.17,0.719313
178.18,0.652046
178.19,0.519918
178.20,0.607887
178.21,0.605862
178.22,0.595562
178.23,0.533952
178.24,0.587351
178.25,0.642918
178.26,0.530975
178.27,0.478825
178.28,0.566225
178.29,0.634482
178.30,0.556673
178.31,0.506628
178.33,0.612164
178.34,0.645037
178.35,0.552813
178.36,0.494734
178.37,0.551878
178.38,0.587562
178.39,0.517972
178.40,0.461543
178.41,0.516322
178.42,0.522433
178.43,0.525168
178.44,0.454235
178.45,0.441143
178.46,0.438108
178.47,0.429179
178.49,0.372443
178.50,0.388958
178.51,0.393740
178.52,0.384733
178.53,0.393588
178.54,0.370760
178.55,0.430686
178.56,0.429666
178.57,0.447093
178.58,0.465092
178.59,0.426950
178.60,0.605247
178.61,0.984080
178.62,1.154076
178.63,1.181902
178.65,1.215940
178.66,1.130867
178.67,1.111715
178.68,1.468825
178.69,1.185556
178.70,1.218207
178.71,0.837130
178.72,0.784362
178.73,0.809707
178.74,0.835655
178.75,1.000538
178.76,1.038705
178.77,1.218057
178.78,0.989709
178.79,0.709191
178.81,0.689119
178.82,1.244085
178.83,1.409792
178.84,1.386698
178.85,1.810252
178.86,1.449019
178.87,1.227081
178.88,0.843893
178.89,0.823568
178.90,1.278490
178.91,1.599039
178.92,1.254896
178.93,1.365968
178.94,1.001384
178.95,0.594749
178.97,0.853716
178.98,1.038524
178.99,1.173407
179.00,1.483720
179.01,1.277374
179.02,0.974034
179.03,0.795108
179.04,0.537978
179.05,0.884966
179.06,1.077427
179.07,1.164411
179.08,1.038562
179.09,0.895974
179.10,0.598219
179.11,0.863844
179.13,1.010415
179.14,0.940386
179.15,1.119992
179.16,1.000671
179.17,0.717340
179.18,0.711199
179.19,0.563972
179.20,0.536765
179.21,0.722584
179.22,0.566638
179.23,0.787013
179.24,0.724249
179.25,0.587784
179.26,0.640630
179.27,0.562816
179.29,0.581391
179.30,0.569751
179.31,0.508157
179.32,0.619412
179.33,0.614577
179.34,0.565576
179.35,0.466080
179.36,0.525246
179.37,0.548570
179.38,0.434707
179.39,0.488495
179.40,0.355489
179.41,0.357601
179.42,0.332738
179.43,0.295751
179.45,0.345380
179.46,0.361362
179.47,0.308790
179.48,0.314965
179.49,0.276506
179.50,0.267186
179.51,0.249562
179.52,0.254206
179.53,0.257987
179.54,0.250163
179.55,0.251058
179.56,0.289532
179.57,0.353303
179.58,0.831113
179.59,1.648994
179.61,1.801464
179.62,1.439986
179.63,1.467239
179.64,1.224578
179.65,0.958386
179.66,0.895240
179.67,0.815605
179.68,0.725525
179.69,0.696748
179.70,0.612659
179.71,0.617447
179.72,0.581994
179.73,0.581638
179.74,0.498503
179.75,0.518515
179.77,0.614829
179.78,0.521554
179.79,0.510820
179.80,0.460268
179.81,0.487296
179.82,0.436513
179.83,0.391563
179.84,0.409340
179.85,0.400751
179.86,0.417513
179.87,0.376893
179.88,0.284272
179.89,0.339451
179.90,0.345380
179.91,0.399936
179.93,0.352805
179.94,0.259017
179.95,0.244534
179.96,0.276845
179.97,0.294321
179.98,0.268693
179.99,0.235415
180.00,0.226673
180.01,0.251873
180.02,0.214981
180.03,0.220920
180.04,0.226241
180.05,0.244874
180.06,0.244590
180.07,0.261437
180.09,0.688144
180.10,0.855923
180.11,0.741133
180.12,0.577435
180.13,0.708317
180.14,0.713488
180.15,0.846290
180.16,0.741136
180.17,0.563235
180.18,0.532571
180.19,0.505690
180.20,0.568092
180.21,0.756502
180.22,0.938200
180.23,1.059919
180.25,0.924302
180.26,1.111322
180.27,1.300907
180.28,0.909749
180.29,1.294802
180.30,1.129418
180.31,1.145118
180.32,1.202412
180.33,1.013354
180.34,1.136048
180.35,0.915968
180.36,1.005538
180.37,0.822399
180.38,0.977131
180.39,0.792464
180.41,1.008585
180.42,0.682330
180.43,0.971986
180.44,0.719463
180.45,0.911412
180.46,0.660969
180.47,0.836671
180.48,0.626843
180.49,0.739515
180.50,0.518934
180.51,0.654415
180.52,0.507717
180.53,0.552275
180.54,0.498034
180.55,0.518265
180.57,0.546907
180.58,0.528874
180.59,0.492190
180.60,0.440389
180.61,0.465514
180.62,0.452917
180.63,0.400888
180.64,0.446113
180.65,0.406035
180.66,0.376354
180.67,0.304464
180.68,0.296759
180.69,0.238052
180.70,0.253844
180.71,0.264151
180.73,0.248405
180.74,0.250073
180.75,0.238604
180.76,0.219196
180.77,0.214104
180.78,0.220856
180.79,0.215999
180.80,0.205573
180.81,0.206538
180.82,0.224128
180.83,0.228091
180.84,0.216730
180.85,0.193392
180.86,0.194913
180.87,0.186074
180.89,0.184291
180.90,0.192402
180.91,0.165673
180.92,0.163274
180.93,0.160535
180.94,0.167705
180.95,0.179816
180.96,0.187802
180.97,0.228555
180.98,0.247347
180.99,0.239401
181.00,0.259164
181.01,0.239544
181.02,0.231019
181.03,0.193813
181.05,0.186185
181.06,0.228195
181.07,0.587702
181.08,0.876407
181.09,0.777565
181.10,0.518329
181.11,0.556600
181.12,0.657192
181.13,0.684717
181.14,0.699680
181.15,0.635615
181.16,0.630416
181.17,0.474457
181.18,0.572761
181.19,0.769310
181.21,0.869246
181.22,0.925313
181.23,0.857781
181.24,1.336685
181.25,1.264556
181.26,0.861689
181.27,1.277948
181.28,1.011875
181.29,1.219310
181.30,1.129516
181.31,1.156902
181.32,1.103140
181.33,1.000340
181.34,1.043043
181.35,0.929564
181.37,0.949288
181.38,0.944620
181.39,0.988445
181.40,0.952736
181.41,0.960253
181.42,0.884300
181.43,0.959503
181.44,0.748256
181.45,0.857223
181.46,0.701338
181.47,0.719648
181.48,0.579279
181.49,0.614079
181.50,0.579274
181.51,0.594792
181.53,0.561136
181.54,0.514957
181.55,0.753942
181.56,1.525842
181.57,1.802310
181.58,1.671552
181.59,1.465521
181.60,1.488706
181.61,1.461841
181.62,1.244013
181.63,1.444231
181.64,1.530724
181.65,1.422377
181.66,1.005280
181.67,0.974912
181.69,0.950966
181.70,1.148681
181.71,1.076056
181.72,1.103949
181.73,1.053032
181.74,0.793770
181.75,0.950624
181.76,0.973216
181.77,0.891713
181.78,0.808706
181.79,0.581063
181.80,0.872730
181.81,0.797009
181.82,0.806392
181.83,0.697022
181.85,0.643689
181.86,0.874406
181.87,0.723921
181.88,0.936676
181.89,0.738125
181.90,0.626033
181.91,0.811553
181.92,0.712739
181.93,0.920645
181.94,0.834633
181.95,0.871687
181.96,0.794109
181.97,0.665421
181.98,0.742066
181.99,0.705862
182.01,0.718297
182.02,0.742992
182.03,0.769831
182.04,0.762112
182.05,0.656838
182.06,0.652203
182.07,0.723442
182.08,0.721438
182.09,0.867466
182.10,0.647478
182.11,0.684858
182.12,0.630074
182.13,0.642945
182.14,0.527100
182.15,0.597370
182.17,0.577341
182.18,0.645029
182.19,0.516316
182.20,0.588450
182.21,0.692689
182.22,0.611403
182.23,0.581393
182.24,0.619911
182.25,0.663203
182.26,0.690547
182.27,0.610935
182.28,0.771538
182.29,0.704934
182.30,0.727206
182.31,0.650365
182.33,0.744825
182.34,0.537613
182.35,0.728414
182.36,0.825960
182.37,0.597521
182.38,0.780718
182.39,0.708948
182.40,0.623353
182.41,0.775033
182.42,0.543448
182.43,0.856089
182.44,0.848246
182.45,0.526880
182.46,0.770599
182.47,0.635887
182.49,0.504194
182.50,0.642685
182.51,0.672586
182.52,0.495659
182.53,0.815121
182.54,0.800656
182.55,1.029857
182.56,1.106477
182.57,0.725761
182.58,0.939723
182.59,1.066732
182.60,0.775356
182.61,1.317852
182.62,0.806228
182.63,0.846883
182.65,1.019527
182.66,0.886524
182.67,1.095132
182.68,0.912975
182.69,0.912807
182.70,1.343817
182.71,1.412474
182.72,0.932237
182.73,1.475601
182.74,1.163151
182.75,1.123548
182.76,1.257117
182.77,1.150975
182.78,1.855824
182.79,1.259081
182.81,1.799991
182.82,1.546889
182.83,1.204981
182.84,1.461465
182.85,0.933929
182.86,1.040468
182.87,0.767646
182.88,0.783727
182.89,0.729370
182.90,0.960464
182.91,1.249111
182.92,1.029771
182.93,1.514265
182.94,1.302987
182.95,1.574018
182.97,1.179518
182.98,0.775425
182.99,0.950502
183.00,0.626571
183.01,0.504516
183.02,0.555833
183.03,0.796342
183.04,0.738433
183.05,1.179491
183.06,1.082378
183.07,0.840724
183.08,1.002321
183.09,1.147315
183.10,0.585084
183.11,0.709044
183.13,0.702931
183.14,0.424118
183.15,0.588217
183.16,0.594481
183.17,0.469085
183.18,0.466941
183.19,0.755492
183.20,0.438381
183.21,0.546608
183.22,0.596847
183.23,0.492966
183.24,0.622965
183.25,0.446738
183.26,0.638366
183.27,0.518106
183.29,0.483969
183.30,0.579996
183.31,0.596388
183.32,0.641069
183.33,0.602796
183.34,0.471428
183.35,0.526016
183.36,0.630316
183.37,0.482976
183.38,0.516026
183.39,0.429424
183.40,0.405225
183.41,0.567675
183.42,0.299229
183.43,0.415657
183.45,0.377184
183.46,0.292972
183.47,0.348909
183.48,0.307584
183.49,0.307073
183.50,0.277476
183.51,0.354209
183.52,1.041574
183.53,1.676670
183.54,1.835650
183.55,1.415249
183.56,1.405155
183.57,1.280034
183.58,1.024306
183.59,0.781290
183.61,0.665025
183.62,0.653838
183.63,0.566014
183.64,0.651007
183.65,0.679858
183.66,0.600709
183.67,0.703373
183.68,0.444570
183.69,0.415707
183.70,0.546660
183.71,0.538140
183.72,0.559887
183.73,0.467018
183.74,0.489204
183.75,0.458265
183.77,0.426836
183.78,0.320975
183.79,0.295083
183.80,0.287160
183.81,0.238321
183.82,0.261598
183.83,0.285602
183.84,0.277498
183.85,0.287727
183.86,0.224071
183.87,0.229874
183.88,0.238372
183.89,0.214614
183.90,0.213481
183.91,0.187109
183.93,0.158507
183.94,0.167627
183.95,0.162826
183.96,0.169109
183.97,0.190606
183.98,0.193679
183.99,0.192998
184.00,0.213230
184.01,0.326421
184.02,0.968125
184.03,1.122487
184.04,0.993885
184.05,1.104586
184.06,1.128055
184.07,1.391628
184.09,1.367998
184.10,0.987290
184.11,0.945957
184.12,0.869226
184.13,0.746945
184.14,0.879528
184.15,0.800183
184.16,0.904631
184.17,0.779711
184.18,1.115272
184.19,1.277320
184.20,1.789286
184.21,1.508355
184.22,1.478761
184.23,1.919600
184.25,1.026594
184.26,1.277822
184.27,1.539182
184.28,1.415381
184.29,1.329297
184.30,0.997228
184.31,0.890681
184.32,1.243690
184.33,1.488445
184.34,1.475002
184.35,1.278563
184.36,0.635602
184.37,1.027357
184.38,1.311335
184.39,1.222358
184.41,1.292535
184.42,0.841563
184.43,0.629073
184.44,1.127424
184.45,0.814347
184.46,1.011155
184.47,0.819192
184.48,0.691308
184.49,1.057516
184.50,1.333102
184.51,1.031477
184.52,0.838124
184.53,0.664637
184.54,0.923178
184.55,0.936921
184.57,0.794443
184.58,1.075140
184.59,0.687253
184.60,0.657990
184.61,0.647948
184.62,0.587108
184.63,0.525777
184.64,0.485571
184.65,0.595721
184.66,0.554601
184.67,0.391447
184.68,0.374434
184.69,0.339848
184.70,0.376429
184.71,0.363517
184.73,0.395443
184.74,0.299633
184.75,0.268739
184.76,0.251790
184.77,0.271775
184.78,0.264261
184.79,0.249501
184.80,0.246727
184.81,0.184541
184.82,0.172304
184.83,0.166349
184.84,0.189670
184.85,0.187301
184.86,0.164283
184.87,0.177056
184.89,0.152338
184.90,0.172781
184.91,0.180224
184.92,0.180004
184.93,0.181672
184.94,0.177812
184.95,0.192551
184.96,0.169444
184.97,0.157332
184.98,0.186423
184.99,0.230493
185.00,0.718671
185.01,0.980867
185.02,1.020070
185.03,1.012621
185.05,0.972054
185.06,1.310307
185.07,0.965047
185.08,0.659518
185.09,0.730631
185.10,1.014862
185.11,0.814258
185.12,0.993505
185.13,1.188696
185.14,1.632264
185.15,0.986126
185.16,1.192722
185.17,1.141043
185.18,1.390390
185.19,1.012731
185.21,0.930383
185.22,1.246900
185.23,1.221186
185.24,1.766312
185.25,1.503633
185.26,1.226823
185.27,1.594436
185.28,1.233769
185.29,1.155886
185.30,1.565472
185.31,0.866007
185.32,1.341710
185.33,1.197683
185.34,1.022161
185.35,0.983756
185.37,0.765109
185.38,0.760047
185.39,0.887438
185.40,0.833593
185.41,1.438694
185.42,0.948205
185.43,0.680673
185.44,0.980280
185.45,0.609502
185.46,0.996823
185.47,0.707343
185.48,0.674651
185.49,1.586985
185.50,1.984548
185.51,1.897868
185.53,1.786383
185.54,1.978154
185.55,1.245885
185.56,1.206190
185.57,1.359221
185.58,1.266654
185.59,1.065660
185.60,0.917963
185.61,0.787889
185.62,0.857151
185.63,0.856507
185.64,0.822995
185.65,0.851830
185.66,0.831198
185.67,0.775557
185.69,0.804417
185.70,0.855954
185.71,0.708719
185.72,0.790719
185.73,0.826059
185.74,0.838400
185.75,0.812286
185.76,0.735446
185.77,0.698458
185.78,0.749158
185.79,0.742305
185.80,0.763049
185.81,0.684930
185.82,0.628097
185.83,0.664313
185.85,0.692482
185.86,0.661322
185.87,0.674448
185.88,0.687960
185.89,0.649204
185.90,0.684978
185.91,0.785594
185.92,0.653544
185.93,0.622231
185.94,0.592961
185.95,0.620436
185.96,0.707096
185.97,0.655280
185.98,0.666619
185.99,0.714912
186.01,0.764444
186.02,0.667021
186.03,0.603252
186.04,0.643862
186.05,0.575710
186.06,0.622768
186.07,0.612702
186.08,0.603301
186.09,0.558433
186.10,0.709312
186.11,0.644076
186.12,0.573618
186.13,0.561551
186.14,0.546913
186.15,0.578700
186.17,0.546099
186.18,0.541618
186.19,0.525492
186.20,0.626237
186.21,0.546202
186.22,0.560438
186.23,0.570775
186.24,0.624771
186.25,0.565717
186.26,0.554505
186.27,0.635613
186.28,0.672652
186.29,0.662286
186.30,0.566868
186.31,0.639189
186.33,0.601172
186.34,0.650155
186.35,0.568649
186.36,0.733660
186.37,0.708006
186.38,0.507108
186.39,0.582484
186.40,0.549519
186.41,0.572132
186.42,0.513424
186.43,0.593980
186.44,0.598831
186.45,0.480651
186.46,0.590258
186.47,0.753441
186.49,1.166555
186.50,1.151923
186.51,0.875638
186.52,0.945168
186.53,1.211615
186.54,1.202739
186.55,0.741538
186.56,0.996935
186.57,1.148789
186.58,1.005667
186.59,0.988608
186.60,0.912432
186.61,1.032147
186.62,0.582765
186.63,0.892219
186.65,1.585726
186.66,1.790846
186.67,1.497210
186.68,1.659026
186.69,1.117043
186.70,1.416042
186.71,1.472314
186.72,1.287535
186.73,1.463990
186.74,1.295588
186.75,1.198156
186.76,0.801644
186.77,0.741814
186.78,0.593349
186.79,0.533145
186.81,0.744591
186.82,0.791248
186.83,1.143403
186.84,0.942312
186.85,1.089220
186.86,0.927486
186.87,1.103875
186.88,0.861764
186.89,0.876280
186.90,0.759500
186.91,0.901027
186.92,1.108501
186.93,1.185560
186.94,1.165977
186.95,1.030842
186.97,0.943474
186.98,0.753022
186.99,0.396434
187.00,0.444136
187.01,0.648740
187.02,0.645437
187.03,0.683187
187.04,0.740425
187.05,0.669992
187.06,0.605661
187.07,0.831385
187.08,0.751369
187.09,0.515111
187.10,0.535757
187.11,0.641856
187.13,0.617674
187.14,0.690536
187.15,0.736071
187.16,0.752899
187.17,0.569385
187.18,0.486997
187.19,0.671215
187.20,0.688029
187.21,0.704784
187.22,0.728479
187.23,0.748796
187.24,0.594189
187.25,0.476057
187.26,0.724080
187.27,0.737180
187.29,0.722002
187.30,0.821164
187.31,0.733090
187.32,0.463855
187.33,0.501958
187.34,0.822689
187.35,0.659179
187.36,0.758750
187.37,0.656313
187.38,0.573200
187.39,0.324306
187.40,0.378633
187.41,0.533958
187.42,0.614672
187.43,0.669435
187.45,0.743346
187.46,1.325147
187.47,1.754566
187.48,1.849005
187.49,1.667484
187.50,1.613397
187.51,1.243652
187.52,1.217694
187.53,1.188631
187.54,0.898471
187.55,0.576699
187.56,0.688924
187.57,0.735090
187.58,0.597224
187.59,0.704097
187.61,0.684876
187.62,0.497430
187.63,0.490310
187.64,0.528903
187.65,0.504274
187.66,0.464766
187.67,0.528814
187.68,0.519527
187.69,0.334336
187.70,0.348584
187.71,0.389645
187.72,0.357948
187.73,0.351942
187.74,0.435173
187.75,0.370805
187.77,0.266278
187.78,0.268084
187.79,0.337698
187.80,0.296984
187.81,0.257213
187.82,0.258099
187.83,0.235955
187.84,0.212279
187.85,0.220816
187.86,0.218609
187.87,0.219910
187.88,0.197540
187.89,0.207512
187.90,0.203237
187.91,0.169764
187.93,0.191541
187.94,0.231212
187.95,0.302902
187.96,1.042980
187.97,1.243334
187.98,0.998474
187.99,1.180760
188.00,1.050602
188.01,1.271944
188.02,0.899474
188.03,0.778299
188.04,0.643001
188.05,0.974089
188.06,1.249190
188.07,0.960587
188.09,0.940207
188.10,0.755608
188.11,1.166668
188.12,1.219957
188.13,0.893022
188.14,1.037421
188.15,1.391872
188.16,1.218679
188.17,1.569190
188.18,1.252501
188.19,1.266675
188.20,0.759365
188.21,0.695136
188.22,0.488972
188.23,0.549292
188.25,0.586131
188.26,0.729331
188.27,1.085478
188.28,1.189250
188.29,1.285346
188.30,1.352407
188.31,0.923465
188.32,1.147122
188.33,0.773870
188.34,1.270074
188.35,1.266918
188.36,1.497537
188.37,1.172116
188.38,1.187000
188.39,0.976996
188.41,0.815463
188.42,0.363758
188.43,0.496366
188.44,0.642332
188.45,0.600286
188.46,0.649135
188.47,0.646079
188.48,0.820000
188.49,0.831394
188.50,1.022098
188.51,0.719253
188.52,0.868068
188.53,0.462468
188.54,0.448801
188.55,0.542828
188.57,0.653640
188.58,0.907598
188.59,0.901230
188.60,1.040619
188.61,0.640987
188.62,0.545555
188.63,0.593011
188.64,0.616979
188.65,1.083430
188.66,0.845765
188.67,0.887563
188.68,0.557279
188.69,0.514883
188.70,0.549324
188.71,0.605915
188.73,0.997179
188.74,0.848829
188.75,0.842742
188.76,0.528571
188.77,0.504156
188.78,0.489032
188.79,0.630062
188.80,0.972004
188.81,1.008349
188.82,0.770866
188.83,0.504241
188.84,0.498696
188.85,0.497166
188.86,0.637520
188.87,0.931881
188.89,0.866980
188.90,0.761421
188.91,0.401417
188.92,0.413303
188.93,0.460773
188.94,0.880406
188.95,1.160644
188.96,0.949865
188.97,0.693787
188.98,0.660384
188.99,0.604842
189.00,0.840023
189.01,0.672946
189.02,0.841740
189.03,0.652679
189.05,0.507902
189.06,0.491480
189.07,0.738284
189.08,0.857395
189.09,0.813848
189.10,0.958295
189.11,1.099170
189.12,1.409310
189.13,1.066388
189.14,1.189274
189.15,1.118482
189.16,1.003948
189.17,1.213029
189.18,1.022030
189.19,1.317201
189.21,0.971882
189.22,1.122297
189.23,0.789273
189.24,0.898255
189.25,0.726066
189.26,0.821082
189.27,0.706274
189.28,0.959707
189.29,0.727989
189.30,0.963137
189.31,0.646705
189.32,0.814606
189.33,0.553449
189.34,0.653317
189.35,0.479460
189.37,0.526270
189.38,0.420804
189.39,0.553830
189.40,0.456874
189.41,0.604270
189.42,0.566471
189.43,1.581203
189.44,2.011936
189.45,1.890735
189.46,1.706176
189.47,1.313058
189.48,1.407550
189.49,1.312533
189.50,1.200155
189.51,1.057531
189.53,1.057534
189.54,1.000039
189.55,0.998315
189.56,1.151968
189.57,1.120692
189.58,1.135972
189.59,0.914998
189.60,0.926824
189.61,0.883239
189.62,0.854857
189.63,0.832285
189.64,0.879132
189.65,0.874186
189.66,0.834291
189.67,0.847672
189.69,0.838658
189.70,0.856590
189.71,0.859178
189.72,0.866530
189.73,0.922330
189.74,0.775841
189.75,0.647364
189.76,0.917232
189.77,0.821350
189.78,0.685484
189.79,0.675010
189.80,0.810661
189.81,0.586852
189.82,0.835598
189.83,0.704985
189.85,0.681953
189.86,0.684819
189.87,0.448366
189.88,0.630446
189.89,0.687834
189.90,0.407272
189.91,0.508113
189.92,0.620725
189.93,1.186219
189.94,1.085599
189.95,0.976922
189.96,0.963100
189.97,1.102857
189.98,1.103987
189.99,1.188025
190.01,0.830885
190.02,0.741639
190.03,0.742820
190.04,0.840009
190.05,0.970883
190.06,1.123658
190.07,0.859168
190.08,1.079150
190.09,1.050623
190.10,1.041731
190.11,0.826361
190.12,0.974077
190.13,1.122706
190.14,1.197928
190.15,1.639537
190.17,1.067549
190.18,1.300888
190.19,0.906049
190.20,0.970796
190.21,0.805861
190.22,0.903819
190.23,0.977207
190.24,1.182427
190.25,1.000802
190.26,1.044043
190.27,0.858410
190.28,0.871788
190.29,0.844555
190.30,0.762632
190.31,0.809578
190.33,0.840711
190.34,0.855798
190.35,0.744296
190.36,0.814751
190.37,0.731460
190.38,0.679491
190.39,0.620193
190.40,0.686525
190.41,1.153559
190.42,1.539286
190.43,1.548962
190.44,1.605466
190.45,1.613016
190.46,1.427217
190.47,1.282471
190.49,1.099336
190.50,0.780947
190.51,0.788977
190.52,0.889680
190.53,0.897272
190.54,0.793094
190.55,0.964732
190.56,1.163795
190.57,0.996356
190.58,1.607343
190.59,1.351811
190.60,1.318650
190.61,1.472762
190.62,1.529559
190.63,1.350254
190.65,1.507694
190.66,1.213992
190.67,1.411410
190.68,0.959103
190.69,0.898265
190.70,0.789915
190.71,0.785598
190.72,0.648164
190.73,0.797097
190.74,0.723855
190.75,0.741795
190.76,0.871709
190.77,0.985259
190.78,0.944984
190.79,1.130160
190.81,1.279608
190.82,1.462174
190.83,1.204785
190.84,1.156634
190.85,1.151102
190.86,1.082741
190.87,0.861081
190.88,0.951697
190.89,0.860282
190.90,0.842436
190.91,0.661559
190.92,0.602220
190.93,0.426925
190.94,0.422103
190.95,0.423247
190.97,0.552931
190.98,0.658278
190.99,0.793112
191.00,0.740762
191.01,0.710944
191.02,0.887529
191.03,0.629364
191.04,0.765952
191.05,0.765536
191.06,0.838754
191.07,0.714026
191.08,0.753868
191.09,0.784847
191.10,0.638918
191.11,0.788575
191.13,0.886635
191.14,0.691003
191.15,0.772187
191.16,0.816890
191.17,0.784830
191.18,0.648972
191.19,0.662953
191.20,0.821457
191.21,0.714740
191.22,0.715827
191.23,0.787133
191.24,0.814886
191.25,0.648752
191.26,0.702982
191.27,0.801655
191.29,0.616958
191.30,0.701741
191.31,0.685472
191.32,0.710680
191.33,0.643000
191.34,0.683838
191.35,0.734815
191.36,0.634601
191.37,0.632030
191.38,0.744135
191.39,1.462606
191.40,2.026597
191.41,1.902411
191.42,1.454677
191.43,1.583472
191.45,1.206257
191.46,1.193635
191.47,1.060678
191.48,0.845888
191.49,0.860400
191.50,0.898427
191.51,0.904824
191.52,0.968451
191.53,0.809765
191.54,0.924613
191.55,0.796020
191.56,0.729900
191.57,0.779221
191.58,0.706693
191.59,0.596853
191.61,0.707422
191.62,0.637216
191.63,0.577460
191.64,0.725865
191.65,0.654663
191.66,0.562892
191.67,0.561969
191.68,0.517173
191.69,0.632395
191.70,0.653347
191.71,0.650687
191.72,0.674786
191.73,0.554880
191.74,0.545281
191.75,0.560745
191.77,0.614926
191.78,0.599370
191.79,0.662461
191.80,0.562724
191.81,0.627069
191.82,0.395258
191.83,0.582254
191.84,0.520048
191.85,0.489045
191.86,0.493815
191.87,0.660216
191.88,0.721926
191.89,1.193181
191.90,1.227719
191.91,0.966985
191.93,0.853447
191.94,0.818706
191.95,0.776775
191.96,0.871476
191.97,0.652964
191.98,0.653324
191.99,0.653378
192.00,0.814010
192.01,0.827022
192.02,0.918565
192.03,0.832247
192.04,1.188240
192.05,1.214252
192.06,0.952865
192.07,1.169036
192.09,1.173855
192.10,0.791233
192.11,1.100513
192.12,0.851197
192.13,1.092339
192.14,0.879240
192.15,1.017028
192.16,0.796173
192.17,0.976983
192.18,0.788048
192.19,1.062794
192.20,0.895368
192.21,0.899882
192.22,0.854577
192.23,1.031342
192.25,0.829971
192.26,1.000046
192.27,0.780006
192.28,0.935901
192.29,0.756746
192.30,0.785417
192.31,0.685234
192.32,0.626779
192.33,0.568756
192.34,0.569429
192.35,0.515231
192.36,0.601834
192.37,0.542585
192.38,0.642109
192.39,0.488014
192.41,0.531256
192.42,0.512308
192.43,0.551780
192.44,0.485349
192.45,0.394859
192.46,0.396766
192.47,0.368231
192.48,0.351580
192.49,0.300513
192.50,0.273658
192.51,0.295453
192.52,0.267456
192.53,0.261873
192.54,0.255722
192.55,0.262604
192.57,0.231446
192.58,0.241491
192.59,0.253619
192.60,0.263807
192.61,0.247533
192.62,0.281027
192.63,0.291717
192.64,0.281011
192.65,0.296353
192.66,0.252279
192.67,0.240715
192.68,0.225902
192.69,0.258972
192.70,0.249774
192.71,0.186242
192.73,0.233436
192.74,0.259752
192.75,0.252242
192.76,0.242525
192.77,0.274741
192.78,0.276097
192.79,0.256577
192.80,0.264288
192.81,0.222687
192.82,0.215569
192.83,0.241834
192.84,0.245795
192.85,0.275708
192.86,0.395300
192.87,0.886355
192.89,1.009748
192.90,0.652911
192.91,0.547676
192.92,0.589722
192.93,0.568515
192.94,0.830732
192.95,0.692637
192.96,0.620693
192.97,0.563756
192.98,0.535047
192.99,0.589474
193.00,0.696957
193.01,0.819194
193.02,1.138491
193.03,1.125817
193.05,0.901311
193.06,1.343237
193.07,1.206854
193.08,1.150006
193.09,1.245969
193.10,0.968748
193.11,1.216303
193.12,0.895967
193.13,1.161783
193.14,0.833852
193.15,1.106961
193.16,0.793943
193.17,1.007156
193.18,0.757882
193.19,0.942347
193.21,0.705526
193.22,0.914786
193.23,0.714633
193.24,0.880940
193.25,0.650661
193.26,0.807692
193.27,0.624269
193.28,0.637194
193.29,0.537830
193.30,0.626671
193.31,0.484782
193.32,0.553075
193.33,0.449442
193.34,0.555980
193.35,1.036171
193.37,1.745957
193.38,2.054551
193.39,1.758752
193.40,1.644375
193.41,1.628238
193.42,1.419098
193.43,0.904883
193.44,1.198169
193.45,1.151888
193.46,1.209461
193.47,1.075625
193.48,1.057302
193.49,1.023785
193.50,0.990985
193.51,0.912168
193.53,0.859147
193.54,0.817309
193.55,0.817916
193.56,0.770157
193.57,0.814015
193.58,0.820950
193.59,0.870591
193.60,1.040238
193.61,0.877405
193.62,0.802924
193.63,0.826546
193.64,0.728247
193.65,0.693698
193.66,0.858623
193.67,0.760157
193.69,0.915576
193.70,0.726252
193.71,0.798758
193.72,0.696430
193.73,0.708845
193.74,0.834454
193.75,0.723862
193.76,0.784645
193.77,0.665725
193.78,0.699154
193.79,0.618606
193.80,0.577890
193.81,0.529567
193.82,0.662318
193.83,0.480469
193.85,0.554019
193.86,0.462596
193.87,0.651292
193.88,0.848605
193.89,0.778761
193.90,0.840873
193.91,0.775012
193.92,0.692562
193.93,0.738024
193.94,0.749234
193.95,0.704562
193.96,0.918668
193.97,0.882416
193.98,0.795093
193.99,0.826838
194.01,0.681384
194.02,0.763606
194.03,0.827390
194.04,0.837543
194.05,0.788415
194.06,0.828235
194.07,0.681746
194.08,0.702750
194.09,0.887852
194.10,0.817133
194.11,0.780724
194.12,0.877578
194.13,0.833325
194.14,0.715033
194.15,0.773595
194.17,0.777331
194.18,0.794183
194.19,0.742346
194.20,0.825773
194.21,0.693218
194.22,0.668919
194.23,0.817519
194.24,0.697767
194.25,0.673017
194.26,0.739415
194.27,0.780292
194.28,0.694895
194.29,0.716565
194.30,0.763205
194.31,0.664807
194.33,0.760829
194.34,0.878923
194.35,1.181749
194.36,1.353684
194.37,1.271508
194.38,1.299638
194.39,1.389750
194.40,1.425629
194.41,1.319071
194.42,1.394819
194.43,1.225730
194.44,0.957170
194.45,0.972692
194.46,1.018018
194.47,1.392163
194.49,1.590192
194.50,1.158364
194.51,1.405166
194.52,1.316739
194.53,1.594997
194.54,1.527829
194.55,1.444632
194.56,1.530720
194.57,1.104651
194.58,1.296609
194.59,1.467979
194.60,1.551061
194.61,1.713034
194.62,1.470467
194.63,1.101698
194.65,0.651547
194.66,1.003221
194.67,0.844149
194.68,1.397818
194.69,1.015803
194.70,1.088889
194.71,1.012148
194.72,0.887844
194.73,0.611589
194.74,0.818386
194.75,0.991746
194.76,1.097256
194.77,1.344192
194.78,0.926350
194.79,0.783196
194.81,0.453223
194.82,0.911070
194.83,1.036602
194.84,1.179645
194.85,0.915345
194.86,0.990934
194.87,0.582421
194.88,0.536450
194.89,0.658340
194.90,0.738377
194.91,0.902369
194.92,0.911151
194.93,0.812547
194.94,0.709434
194.95,0.606024
194.97,0.742076
194.98,0.620538
194.99,0.710381
195.00,0.684831
195.01,0.549783
195.02,0.722928
195.03,0.588638
195.04,0.789661
195.05,0.793364
195.06,0.615442
195.07,0.626130
195.08,0.539758
195.09,0.609895
195.10,0.602915
195.11,0.485445
195.13,0.514379
195.14,0.516021
195.15,0.489076
195.16,0.490684
195.17,0.443089
195.18,0.456136
195.19,0.469416
195.20,0.384004
195.21,0.399616
195.22,0.396994
195.23,0.392634
195.24,0.367471
195.25,0.367089
195.26,0.332630
195.27,0.349593
195.29,0.343674
195.30,0.385394
195.31,0.439813
195.32,0.577818
195.33,1.286080
195.34,1.549206
195.35,1.648773
195.36,1.295508
195.37,1.420060
195.38,1.010016
195.39,0.921756
195.40,0.792065
195.41,0.593523
195.42,0.644871
195.43,0.639183
195.45,0.647147
195.46,0.606522
195.47,0.623714
195.48,0.680624
195.49,0.627861
195.50,0.557349
195.51,0.428276
195.52,0.530133
195.53,0.589907
195.54,0.554426
195.55,0.560525
195.56,0.536711
195.57,0.428087
195.58,0.461691
195.59,0.486642
195.61,0.491399
195.62,0.427813
195.63,0.409095
195.64,0.442832
195.65,0.381579
195.66,0.418643
195.67,0.376570
195.68,0.358904
195.69,0.348649
195.70,0.331330
195.71,0.353555
195.72,0.351090
195.73,0.354878
195.74,0.349052
195.75,0.294235
195.77,0.343855
195.78,0.368928
195.79,0.415454
195.80,0.373258
195.81,0.359498
195.82,0.621174
195.83,0.967081
195.84,0.956197
195.85,0.705757
195.86,0.700162
195.87,0.771473
195.88,0.983109
195.89,0.843452
195.90,0.678668
195.91,0.609956
195.93,0.624684
195.94,0.635162
195.95,0.749667
195.96,0.869133
195.97,0.848826
195.98,1.061446
195.99,1.207296
196.00,1.165770
196.01,1.032141
196.02,1.249262
196.03,0.906811
196.04,1.211695
196.05,1.044312
196.06,1.220865
196.07,0.912479
196.09,1.197893
196.10,0.964325
196.11,1.162920
196.12,0.864125
196.13,1.000968
196.14,0.847496
196.15,0.994642
196.16,0.805832
196.17,0.870648
196.18,0.816811
196.19,0.848851
196.20,0.738164
196.21,0.864635
196.22,0.780306
196.23,0.696572
196.25,0.640771
196.26,0.596667
196.27,0.572363
196.28,0.522114
196.29,0.525628
196.30,0.545046
196.31,0.535785
196.32,0.566388
196.33,0.507942
196.34,0.507045
196.35,0.465484
196.36,0.498634
196.37,0.484722
196.38,0.430791
196.39,0.405040
196.41,0.346093
196.42,0.329287
196.43,0.320079
196.44,0.293745
196.45,0.266761
196.46,0.253825
196.47,0.254256
196.48,0.258084
196.49,0.258185
196.50,0.237085
196.51,0.234020
196.52,0.245318
196.53,0.236377
196.54,0.232475
196.55,0.237387
196.57,0.228248
196.58,0.217757
196.59,0.214304
196.60,0.220890
196.61,0.228006
196.62,0.223888
196.63,0.223059
196.64,0.260284
196.65,0.257959
196.66,0.242705
196.67,0.252007
196.68,0.260323
196.69,0.253280
196.70,0.258790
196.71,0.254421
196.73,0.253639
196.74,0.235411
196.75,0.240593
196.76,0.265836
196.77,0.246296
196.78,0.243948
196.79,0.269422
196.80,0.420835
196.81,1.039763
196.82,1.229623
196.83,0.842667
196.84,0.912220
196.85,1.001079
196.86,1.031680
196.87,0.966395
196.89,0.800605
196.90,0.828058
196.91,0.820020
196.92,0.825720
196.93,0.619468
196.94,0.803071
196.95,0.776765
196.96,0.856719
196.97,0.891357
196.98,0.902097
196.99,1.013687
197.00,1.322315
197.01,1.321156
197.02,1.942018
197.03,1.234742
197.05,1.752427
197.06,1.083828
197.07,0.866928
197.08,0.892506
197.09,1.251704
197.10,1.381089
197.11,1.642386
197.12,1.111255
197.13,1.090002
197.14,0.882716
197.15,0.611026
197.16,0.884946
197.17,1.121154
197.18,1.378928
197.19,1.038220
197.21,1.224937
197.22,0.540785
197.23,0.741822
197.24,0.903387
197.25,0.885524
197.26,1.133707
197.27,1.049929
197.28,0.774315
197.29,1.250794
197.30,1.846930
197.31,1.877154
197.32,1.458491
197.33,1.377969
197.34,1.285849
197.35,1.088103
197.37,1.223237
197.38,1.263726
197.39,1.270168
197.40,1.027619
197.41,1.066956
197.42,1.115739
197.43,1.122654
197.44,1.122852
197.45,1.036916
197.46,0.747054
197.47,0.953914
197.48,0.817447
197.49,0.974428
197.50,0.832418
197.51,0.892156
197.53,0.929303
197.54,0.839288
197.55,0.849009
197.56,0.820914
197.57,0.953821
197.58,0.873397
197.59,0.782926
197.60,0.794860
197.61,0.859302
197.62,0.694280
197.63,0.721510
197.64,0.641338
197.65,0.748105
197.66,0.691310
197.67,0.798426
197.69,0.768420
197.70,0.657989
197.71,0.769813
197.72,0.722388
197.73,0.675447
197.74,0.600020
197.75,0.760019
197.76,0.673840
197.77,0.645138
197.78,0.645733
197.79,0.667037
197.80,0.575950
197.81,0.639967
197.82,0.564946
197.83,0.471532
197.85,0.580919
197.86,0.742047
197.87,0.695698
197.88,0.716141
197.89,0.747864
197.90,0.799238
197.91,0.835277
197.92,0.811009
197.93,0.996625
197.94,0.857808
197.95,0.805593
197.96,0.870757
197.97,0.837776
197.98,0.724885
197.99,0.703165
198.01,0.675256
198.02,0.771069
198.03,0.670063
198.04,0.684308
198.05,0.724760
198.06,0.730838
198.07,0.671843
198.08,0.627157
198.09,0.739183
198.10,0.753197
198.11,0.794617
198.12,0.803551
198.13,0.806484
198.14,0.767140
198.15,0.724417
198.17,0.694061
198.18,0.790673
198.19,0.644091
198.20,0.659158
198.21,0.658767
198.22,0.819159
198.23,0.670243
198.24,0.708557
198.25,0.715484
198.26,0.871147
198.27,0.736482
198.28,1.212674
198.29,1.445611
198.30,1.209610
198.31,1.299352
198.33,1.235722
198.34,1.306426
198.35,1.164112
198.36,0.916512
198.37,0.802135
198.38,0.732119
198.39,0.450718
198.40,0.657261
198.41,0.734645
198.42,0.590186
198.43,0.592219
198.44,0.886944
198.45,1.111436
198.46,1.234979
198.47,1.416016
198.49,1.432819
198.50,1.727533
198.51,1.048670
198.52,0.912822
198.53,1.445950
198.54,1.400768
198.55,1.196906
198.56,1.265037
198.57,0.633591
198.58,0.989174
198.59,1.449835
198.60,1.339823
198.61,0.973838
198.62,0.675169
198.63,0.613003
198.65,1.060941
198.66,0.867487
198.67,1.148456
198.68,0.710663
198.69,0.374648
198.70,0.706385
198.71,0.718182
198.72,0.726554
198.73,0.748029
198.74,0.533639
198.75,0.559242
198.76,0.913880
198.77,1.063598
198.78,0.795826
198.79,0.605115
198.81,0.525652
198.82,0.827993
198.83,0.941483
198.84,0.921136
198.85,0.553597
198.86,0.320132
198.87,0.488387
198.88,0.597733
198.89,0.497544
198.90,0.550206
198.91,0.478115
198.92,0.615802
198.93,0.574312
198.94,0.388575
198.95,0.514021
198.97,0.466266
198.98,0.562936
198.99,0.459513
199.00,0.475172
199.01,0.417851
199.02,0.408952
199.03,0.406864
199.04,0.390471
199.05,0.397954
199.06,0.409950
199.07,0.380408
199.08,0.348391
199.09,0.357982
199.10,0.347717
199.11,0.292174
199.13,0.291514
199.14,0.291513
199.15,0.309148
199.16,0.328066
199.17,0.296901
199.18,0.284916
199.19,0.267562
199.20,0.260333
199.21,0.256016
199.22,0.281059
199.23,0.332432
199.24,0.369188
199.25,0.448901
199.26,1.356745
199.27,1.835364
199.29,1.556856
199.30,1.431825
199.31,1.436897
199.32,0.966335
199.33,0.868722
199.34,0.744385
199.35,0.695492
199.36,0.498533
199.37,0.521692
199.38,0.532530
199.39,0.593205
199.40,0.699518
199.41,0.739106
199.42,0.656117
199.43,0.640098
199.45,0.576707
199.46,0.506205
199.47,0.469722
199.48,0.422439
199.49,0.402958
199.50,0.416235
199.51,0.398818
199.52,0.359457
199.53,0.368597
199.54,0.384914
199.55,0.329616
199.56,0.284453
199.57,0.304575
199.58,0.341879
199.59,0.303370
199.61,0.274225
199.62,0.287604
199.63,0.278691
199.64,0.271514
199.65,0.257854
199.66,0.243823
199.67,0.225879
199.68,0.234853
199.69,0.281526
199.70,0.267248
199.71,0.243930
199.72,0.218378
199.73,0.263056
199.74,0.353816
199.75,0.635747
199.77,1.100402
199.78,1.267603
199.79,1.030459
199.80,1.104840
199.81,1.171435
199.82,1.031030
199.83,1.039342
199.84,1.074755
199.85,1.070111
199.86,0.735128
199.87,0.803766
199.88,0.687585
199.89,1.007679
199.90,0.856465
199.91,1.102332
199.93,1.424294
199.94,1.839023
199.95,1.423417
199.96,1.434897
199.97,1.503704
199.98,0.866750
199.99,1.263776
200.00,1.529545
200.01,1.501986
200.02,1.369860
200.03,1.107591
200.04,0.764528
200.05,1.103150
200.06,1.168379
200.07,1.821927
200.09,1.225165
200.10,1.182813
200.11,1.161670
200.12,1.147298
200.13,1.268625
200.14,1.522817
200.15,0.850029
200.16,1.197219
200.17,1.132657
200.18,1.224917
200.19,1.040594
200.20,0.958228
200.21,0.687798
200.22,0.961690
200.23,0.847495
200.25,1.158396
200.26,1.055017
200.27,0.614585
200.28,1.045911
200.29,0.980109
200.30,0.936799
200.31,0.899789
200.32,0.793589
200.33,0.743511
200.34,0.648771
200.35,0.746660
200.36,0.737074
200.37,0.672329
200.38,0.565946
200.39,0.633807
200.41,0.475279
200.42,0.489884
200.43,0.452119
200.44,0.543796
200.45,0.440439
200.46,0.424430
200.47,0.351585
200.48,0.313103
200.49,0.327774
200.50,0.325993
200.51,0.337521
200.52,0.292299
200.53,0.256283
200.54,0.244232
200.55,0.228126
200.57,0.249206
200.58,0.254091
200.59,0.233174
200.60,0.226154
200.61,0.244803
200.62,0.240714
200.63,0.215864
200.64,0.217958
200.65,0.209439
200.66,0.188767
200.67,0.199622
200.68,0.214871
200.69,0.194858
200.70,0.208828
200.71,0.203028
200.73,0.183993
200.74,0.449877
200.75,1.080817
200.76,1.123373
200.77,0.973673
200.78,0.898510
200.79,0.876313
200.80,1.151478
200.81,1.039028
200.82,0.980956
200.83,0.522481
200.84,0.731226
200.85,0.807677
200.86,0.743058
200.87,0.728409
200.89,0.979087
200.90,0.948506
200.91,1.346856
200.92,1.096966
200.93,1.369552
200.94,1.547348
200.95,1.285233
200.96,1.378887
200.97,0.972372
200.98,0.934167
200.99,1.154034
201.00,1.129125
201.01,1.416644
201.02,0.892835
201.03,0.827996
201.05,1.100823
201.06,1.003466
201.07,1.684457
201.08,1.083874
201.09,0.791702
201.10,0.522804
201.11,0.747129
201.12,0.871397
201.13,1.210587
201.14,1.155509
201.15,0.615188
201.16,0.412415
201.17,0.578641
201.18,0.590028
201.19,0.773270
201.21,0.569540
201.22,0.491198
201.23,1.229046
201.24,1.947006
201.25,1.828074
201.26,1.739758
201.27,1.523819
201.28,1.534185
201.29,1.371303
201.30,1.165625
201.31,1.249342
201.32,1.030207
201.33,1.158084
201.34,1.151069
201.35,0.907035
201.37,1.016727
201.38,1.079977
201.39,0.976450
201.40,1.002548
201.41,1.078474
201.42,0.972690
201.43,0.973662
201.44,1.087252
201.45,0.953008
201.46,0.755885
201.47,0.814606
201.48,0.733367
201.49,0.809240
201.50,0.862497
201.51,0.865444
201.53,0.867796
201.54,0.872893
201.55,0.969305
201.56,0.911027
201.57,0.760691
201.58,0.779925
201.59,0.688854
201.60,0.716829
201.61,0.862292
201.62,0.743678
201.63,0.782878
201.64,0.714271
201.65,0.740032
201.66,0.530926
201.67,0.722642
201.69,0.697113
201.70,0.757181
201.71,0.899208
201.72,0.761322
201.73,0.785268
201.74,0.605630
201.75,0.649588
201.76,0.548019
201.77,0.640006
201.78,0.626895
201.79,0.642695
201.80,0.684890
201.81,0.750167
201.82,0.894022
201.83,0.611222
201.85,0.656190
201.86,0.599951
201.87,0.707337
201.88,0.767992
201.89,0.614974
201.90,0.624107
201.91,0.747836
201.92,0.794502
201.93,0.598575
201.94,0.761650
201.95,0.636859
201.96,0.611322
201.97,0.729785
201.98,0.593366
201.99,0.644463
202.01,0.652133
202.02,0.668110
202.03,0.567806
202.04,0.661935
202.05,0.610953
202.06,0.584891
202.07,0.672374
202.08,0.662337
202.09,0.623249
202.10,0.603376
202.11,0.670749
202.12,0.584950
202.13,0.647091
202.14,0.703756
202.15,0.558998
202.17,0.600765
202.18,0.727217
202.19,0.732676
202.20,0.585061
202.21,0.953250
202.22,1.227028
202.23,1.404169
202.24,1.132750
202.25,1.052325
202.26,1.312131
202.27,1.096588
202.28,1.215035
202.29,1.195956
202.30,1.179808
202.31,1.029382
202.33,0.573758
202.34,0.849171
202.35,0.779894
202.36,0.928985
202.37,1.093521
202.38,1.066089
202.39,1.058332
202.40,0.909816
202.41,0.944511
202.42,0.922114
202.43,1.185322
202.44,1.171838
202.45,1.492454
202.46,1.236155
202.47,1.670834
202.49,1.159162
202.50,1.069838
202.51,0.848550
202.52,0.934324
202.53,1.005018
202.54,1.069036
202.55,1.072998
202.56,1.255563
202.57,1.101947
202.58,0.921764
202.59,1.005412
202.60,0.636243
202.61,0.852852
202.62,0.688740
202.63,0.808783
202.65,0.928504
202.66,0.973996
202.67,0.875607
202.68,0.874248
202.69,0.516006
202.70,0.696651
202.71,0.737229
202.72,0.752016
202.73,0.859972
202.74,0.880517
202.75,0.872139
202.76,0.871534
202.77,0.642829
202.78,0.554877
202.79,0.508881
202.81,0.696410
202.82,0.568860
202.83,0.665238
202.84,0.556094
202.85,0.535347
202.86,0.473896
202.87,0.469475
202.88,0.529542
202.89,0.535792
202.90,0.478901
202.91,0.556122
202.92,0.562286
202.93,0.457089
202.94,0.521459
202.95,0.471255
202.97,0.399457
202.98,0.452474
202.99,0.368651
203.00,0.373390
203.01,0.295229
203.02,0.255514
203.03,0.302127
203.04,0.247004
203.05,0.261545
203.06,0.300449
203.07,0.228852
203.08,0.271805
203.09,0.226795
203.10,0.209638
203.11,0.215978
203.13,0.182338
203.14,0.202729
203.15,0.201010
203.16,0.222073
203.17,0.230175
203.18,0.222459
203.19,0.595061
203.20,1.507561
203.21,1.687345
203.22,1.692587
203.23,1.249698
203.24,1.221568
203.25,1.040661
203.26,0.861356
203.27,0.803465
203.29,0.668616
203.30,0.632145
203.31,0.702979
203.32,0.881622
203.33,0.980335
203.34,0.812947
203.35,0.792373
203.36,0.807094
203.37,0.796498
203.38,0.692613
203.39,0.589899
203.40,0.610255
203.41,0.509378
203.42,0.523738
203.43,0.555057
203.45,0.526409
203.46,0.429012
203.47,0.381406
203.48,0.379747
203.49,0.435144
203.50,0.404097
203.51,0.438268
203.52,0.462334
203.53,0.414658
203.54,0.414034
203.55,0.337597
203.56,0.328693
203.57,0.375159
203.58,0.342401
203.59,0.328631
203.61,0.282554
203.62,0.263450
203.63,0.316199
203.64,0.292334
203.65,0.310101
203.66,0.307142
203.67,0.285751
203.68,0.319456
203.69,0.748582
203.70,1.033117
203.71,0.825153
203.72,0.644637
203.73,0.742229
203.74,0.925607
203.75,0.814971
203.77,0.956205
203.78,0.679754
203.79,0.617733
203.80,0.445348
203.81,0.604590
203.82,0.688904
203.83,0.909710
203.84,1.049440
203.85,0.830961
203.86,1.267853
203.87,1.312717
203.88,0.895622
203.89,1.319596
203.90,1.060326
203.91,1.253836
203.93,1.133382
203.94,1.209755
203.95,1.149186
203.96,1.120878
203.97,1.041043
203.98,1.065499
203.99,0.978081
204.00,0.979091
204.01,0.978463
204.02,0.922799
204.03,0.980238
204.04,0.941391
204.05,0.927125
204.06,0.746007
204.07,0.959872
204.09,0.738039
204.10,0.835282
204.11,0.606803
204.12,0.664695
204.13,0.621326
204.14,0.631530
204.15,0.523020
204.16,0.561292
204.17,0.616345
204.18,0.601606
204.19,0.606662
204.20,0.584015
204.21,0.585791
204.22,0.531130
204.23,0.499791
204.25,0.477512
204.26,0.453290
204.27,0.389809
204.28,0.333768
204.29,0.324159
204.30,0.222132
204.31,0.199874
204.32,0.214670
204.33,0.222863
204.34,0.249429
204.35,0.224850
204.36,0.232011
204.37,0.265740
204.38,0.244716
204.39,0.218900
204.41,0.228720
204.42,0.244578
204.43,0.231091
204.44,0.215755
204.45,0.209893
204.46,0.195712
204.47,0.211530
204.48,0.199465
204.49,0.185871
204.50,0.180672
204.51,0.177837
204.52,0.175003
204.53,0.186705
204.54,0.193509
204.55,0.163040
204.57,0.151742
204.58,0.174410
204.59,0.182658
204.60,0.164070
204.61,0.182155
204.62,0.172372
204.63,0.176100
204.64,0.173309
204.65,0.183164
204.66,0.238619
204.67,0.584178
204.68,1.142524
204.69,1.201424
204.70,0.974167
204.71,0.811860
204.73,0.963302
204.74,1.032276
204.75,0.969151
204.76,0.595030
204.77,0.382386
204.78,0.857546
204.79,1.055475
204.80,1.402123
204.81,1.604620
204.82,1.032481
204.83,1.537197
204.84,1.814102
204.85,1.116796
204.86,1.412208
204.87,1.066312
204.89,1.291767
204.90,1.026806
204.91,1.003836
204.92,0.846718
204.93,0.938880
204.94,0.994398
204.95,1.155671
204.96,1.133626
204.97,1.389055
204.98,1.260781
204.99,1.121889
205.00,0.815550
205.01,0.874650
205.02,0.937537
205.03,1.012334
205.05,1.105577
205.06,1.083477
205.07,1.088490
205.08,1.034179
205.09,0.831860
205.10,0.651426
205.11,0.836839
205.12,0.910242
205.13,1.272751
205.14,1.023262
205.15,1.285820
205.16,1.763849
205.17,1.762429
205.18,1.546999
205.19,1.425250
205.21,1.614447
205.22,1.527883
205.23,1.315601
205.24,1.291122
205.25,0.980852
205.26,0.989070
205.27,0.941296
205.28,0.903605
205.29,0.877005
205.30,1.019288
205.31,0.852130
205.32,0.862528
205.33,0.753075
205.34,0.715184
205.35,0.881698
205.37,0.767173
205.38,0.765267
205.39,0.628336
205.40,0.561119
205.41,0.628723
205.42,0.533049
205.43,0.534335
205.44,0.450167
205.45,0.471375
205.46,0.490516
205.47,0.455080
205.48,0.389851
205.49,0.368290
205.50,0.291146
205.51,0.267967
205.53,0.295403
205.54,0.254709
205.55,0.250563
205.56,0.277169
205.57,0.243269
205.58,0.278676
205.59,0.277769
205.60,0.232784
205.61,0.239328
205.62,0.214063
205.63,0.253347
205.64,0.283138
205.65,0.461378
205.66,0.973150
205.67,1.118918
205.69,1.016905
205.70,0.817955
205.71,1.047513
205.72,1.357843
205.73,1.010012
205.74,0.903390
205.75,1.034155
205.76,0.737759
205.77,0.842504
205.78,1.011852
205.79,0.818307
205.80,0.967849
205.81,1.141630
205.82,1.091316
205.83,1.045168
205.85,0.998715
205.86,0.978490
205.87,0.931996
205.88,1.193257
205.89,0.965843
205.90,1.141262
205.91,1.181496
205.92,1.543388
205.93,1.155632
205.94,1.555802
205.95,1.031081
205.96,1.153883
205.97,0.971531
205.98,0.697996
205.99,0.967353
206.01,0.687188
206.02,0.772674
206.03,0.863957
206.04,1.048912
206.05,1.251801
206.06,1.094221
206.07,1.423935
206.08,0.923598
206.09,1.128562
206.10,0.903135
206.11,0.621814
206.12,0.914748
206.13,0.724142
206.14,0.993458
206.15,1.305917
206.17,1.509725
206.18,0.996271
206.19,1.119556
206.20,0.874645
206.21,1.235893
206.22,0.802567
206.23,1.142237
206.24,1.187130
206.25,0.953045
206.26,0.961256
206.27,0.837211
206.28,0.715220
206.29,0.647539
206.30,0.954509
206.31,1.058262
206.33,1.162634
206.34,1.425445
206.35,1.561612
206.36,1.253799
206.37,1.186487
206.38,1.091794
206.39,1.070140
206.40,1.038470
206.41,1.036891
206.42,0.927254
206.43,0.752546
206.44,0.904619
206.45,0.757712
206.46,0.856290
206.47,0.940330
206.49,0.948223
206.50,0.982959
206.51,0.826437
206.52,0.918987
206.53,1.136190
206.54,1.037539
206.55,1.068154
206.56,1.318589
206.57,1.019296
206.58,1.144103
206.59,0.981379
206.60,1.012267
206.61,0.874931
206.62,0.899194
206.63,0.950035
206.65,0.832935
206.66,0.808276
206.67,0.692206
206.68,0.663864
206.69,0.564956
206.70,0.693867
206.71,0.657524
206.72,0.663070
206.73,0.612427
206.74,0.687873
206.75,0.590641
206.76,0.493910
206.77,0.583334
206.78,0.577288
206.79,0.491567
206.81,0.532819
206.82,0.745880
206.83,0.555555
206.84,0.471953
206.85,0.601813
206.86,0.572552
206.87,0.487934
206.88,0.694517
206.89,0.769174
206.90,0.474662
206.91,0.504478
206.92,0.627214
206.93,0.555605
206.94,0.489541
206.95,0.711070
206.97,0.689664
206.98,0.540681
206.99,0.514967
207.00,0.719681
207.01,0.622909
207.02,0.477711
207.03,0.572779
207.04,0.606762
207.05,0.521490
207.06,0.528708
207.07,0.615265
207.08,0.558707
207.09,0.523923
207.10,0.522445
207.11,0.656753
207.13,1.190832
207.14,1.899806
207.15,1.878999
207.16,1.749535
207.17,1.572335
207.18,1.562522
207.19,1.348045
207.20,1.285247
207.21,1.165305
207.22,0.911703
207.23,0.838436
207.24,0.837361
207.25,0.862965
207.26,0.927299
207.27,0.976133
207.29,0.876922
207.30,0.739116
207.31,0.833711
207.32,0.759497
207.33,0.515449
207.34,0.506844
207.35,0.586434
207.36,0.548361
207.37,0.533149
207.38,0.546513
207.39,0.472597
207.40,0.492417
207.41,0.505819
207.42,0.550375
207.43,0.462605
207.45,0.426414
207.46,0.486597
207.47,0.442905
207.48,0.399330
207.49,0.374566
207.50,0.330744
207.51,0.292163
207.52,0.281648
207.53,0.239395
207.54,0.248106
207.55,0.254131
207.56,0.270097
207.57,0.277709
207.58,0.279800
207.59,0.332507
207.61,0.394761
207.62,0.431853
207.63,0.831537
207.64,0.902103
207.65,0.670081
207.66,0.645461
207.67,0.742716
207.68,0.811834
207.69,0.748820
207.70,0.773918
207.71,0.668369
207.72,0.602664
207.73,0.552838
207.74,0.586766
207.75,0.731010
207.77,0.991241
207.78,1.044739
207.79,0.963774
207.80,1.045470
207.81,1.286557
207.82,1.008635
207.83,1.191395
207.84,1.147087
207.85,1.014878
207.86,1.136183
207.87,0.964635
207.88,1.142260
207.89,0.968021
207.90,1.062772
207.91,0.823911
207.93,1.009308
207.94,0.784896
207.95,1.002647
207.96,0.717536
207.97,0.906855
207.98,0.696787
207.99,0.877329
208.00,0.671412
208.01,0.878905
208.02,0.655278
208.03,0.823211
208.04,0.500268
208.05,0.634477
208.06,0.458206
208.07,0.564412
208.09,0.486960
208.10,0.530594
208.11,0.582393
208.12,0.605247
208.13,0.554266
208.14,0.539410
208.15,0.577423
208.16,0.477010
208.17,0.445190
208.18,0.457796
208.19,0.383181
208.20,0.368772
208.21,0.306798
208.22,0.275007
208.23,0.253444
208.25,0.272195
208.26,0.268926
208.27,0.229249
208.28,0.213784
208.29,0.232171
208.30,0.242689
208.31,0.247169
208.32,0.223281
208.33,0.237171
208.34,0.219820
208.35,0.194300
208.36,0.269176
208.37,0.625729
208.38,0.568263
208.39,0.624307
208.41,0.639345
208.42,0.651314
208.43,0.587438
208.44,0.589113
208.45,0.577148
208.46,0.558033
208.47,0.553961
208.48,0.561260
208.49,0.533815
208.50,0.597575
208.51,0.568887
208.52,0.582388
208.53,0.573354
208.54,0.577272
208.55,0.574265
208.57,0.611501
208.58,0.564825
208.59,0.580253
208.60,0.600499
208.61,1.051336
208.62,1.243198
208.63,1.061337
208.64,1.047986
208.65,0.883843
208.66,0.926024
208.67,0.920211
208.68,1.032889
208.69,0.840920
208.70,0.580773
208.71,0.642665
208.73,0.719503
208.74,0.666760
208.75,0.947478
208.76,1.009158
208.77,1.070048
208.78,1.754341
208.79,1.368953
208.80,1.069032
208.81,1.403540
208.82,1.043012
208.83,1.202925
208.84,1.473026
208.85,1.280925
208.86,0.985538
208.87,1.374467
208.89,1.228731
208.90,0.928276
208.91,0.889437
208.92,1.038095
208.93,0.946553
208.94,1.076676
208.95,1.065654
208.96,0.651107
208.97,0.746861
208.98,0.826059
208.99,0.936346
209.00,0.707964
209.01,0.712813
209.02,0.623175
209.03,0.632320
209.05,0.605059
209.06,0.615096
209.07,0.538514
209.08,0.713713
209.09,0.751012
209.10,1.453370
209.11,1.992756
209.12,1.767693
209.13,1.518268
209.14,1.307161
209.15,1.066760
209.16,1.334602
209.17,1.154379
209.18,0.881640
209.19,0.915574
209.21,1.084136
209.22,1.167692
209.23,1.143612
209.24,1.217293
209.25,1.204948
209.26,1.128417
209.27,1.165465
209.28,0.956895
209.29,0.895824
209.30,0.846741
209.31,0.812715
209.32,0.795440
209.33,0.829128
209.34,0.753876
209.35,0.737348
209.37,0.705932
209.38,0.719255
209.39,0.687254
209.40,0.713551
209.41,0.658085
209.42,0.636955
209.43,0.611576
209.44,0.631904
209.45,0.602991
209.46,0.621429
209.47,0.632124
209.48,0.614808
209.49,0.647421
209.50,0.671167
209.51,0.644656
209.53,0.620449
209.54,0.636573
209.55,0.605265
209.56,0.653168
209.57,0.681851
209.58,0.633040
209.59,0.635493
209.60,0.666173
209.61,0.697076
209.62,0.735017
209.63,0.709331
209.64,0.560126
209.65,0.643863
209.66,0.768695
209.67,0.687789
209.69,0.558034
209.70,0.601972
209.71,0.741634
209.72,0.675479
209.73,0.576295
209.74,0.653435
209.75,0.704275
209.76,0.649321
209.77,0.554910
209.78,0.677026
209.79,0.742241
209.80,0.710973
209.81,0.570284
209.82,0.605969
209.83,0.763986
209.85,0.729643
209.86,0.658143
209.87,0.647183
209.88,0.718072
209.89,0.607741
209.90,0.517442
209.91,0.576382
209.92,0.613900
209.93,0.562154
209.94,0.548500
209.95,0.556072
209.96,0.603105
209.97,0.585384
209.98,0.592807
209.99,0.560293
210.01,0.579800
210.02,0.554866
210.03,0.569429
210.04,0.544208
210.05,0.553251
210.06,0.528961
210.07,0.530224
210.08,0.807593
210.09,1.273173
210.10,1.321832
210.11,0.907681
210.12,0.976609
210.13,0.980723
210.14,1.282821
210.15,1.502212
210.17,1.301431
210.18,1.243757
210.19,0.654550
210.20,0.840662
210.21,1.021850
210.22,1.118901
210.23,1.151002
210.24,1.066535
210.25,1.383706
210.26,0.939177
210.27,1.020366
210.28,0.880759
210.29,1.185277
210.30,1.146205
210.31,1.414236
210.33,1.348597
210.34,1.399183
210.35,0.943764
210.36,1.115929
210.37,0.926596
210.38,1.152507
210.39,1.413398
210.40,1.456118
210.41,1.452413
210.42,1.340892
210.43,0.945275
210.44,0.908868
210.45,1.084273
210.46,1.046084
210.47,1.564103
210.49,1.238028
210.50,1.323792
210.51,0.959662
210.52,0.832682
210.53,1.000552
210.54,0.951843
210.55,1.140779
210.56,1.018927
210.57,0.949248
210.58,0.682288
210.59,0.883389
210.60,0.823210
210.61,0.978357
210.62,0.839160
210.63,0.968086
210.65,0.927086
210.66,0.819491
210.67,0.749086
210.68,0.677195
210.69,0.638268
210.70,0.712292
210.71,0.656720
210.72,0.806991
210.73,0.677130
210.74,0.639431
210.75,0.679169
210.76,0.558360
210.77,0.563880
210.78,0.471057
210.79,0.557858
210.81,0.576889
210.82,0.529041
210.83,0.535951
210.84,0.527857
210.85,0.516927
210.86,0.492245
210.87,0.464198
210.88,0.474584
210.89,0.463027
210.90,0.434832
210.91,0.390737
210.92,0.380462
210.93,0.395598
210.94,0.434370
210.95,0.366828
210.97,0.358397
210.98,0.413206
210.99,0.385047
211.00,0.362108
211.01,0.399368
211.02,0.400146
211.03,0.358763
211.04,0.399894
211.05,0.517743
211.06,1.001344
211.07,1.642004
211.08,1.788942
211.09,1.324760
211.10,1.499898
211.11,1.311042
211.13,0.859241
211.14,0.854995
211.15,0.770582
211.16,0.670213
211.17,0.647775
211.18,0.626695
211.19,0.647928
211.20,0.642920
211.21,0.644451
211.22,0.613368
211.23,0.636610
211.24,0.587453
211.25,0.534839
211.26,0.516400
211.27,0.526081
211.29,0.521456
211.30,0.486909
211.31,0.358485
211.32,0.350692
211.33,0.380275
211.34,0.437628
211.35,0.443765
211.36,0.407440
211.37,0.464011
211.38,0.429488
211.39,0.364547
211.40,0.323399
211.41,0.366266
211.42,0.344890
211.43,0.336501
211.45,0.339946
211.46,0.334957
211.47,0.313990
211.48,0.299365
211.49,0.305962
211.50,0.295875
211.51,0.289443
211.52,0.271997
211.53,0.273286
211.54,0.289037
211.55,0.419661
211.56,0.859597
211.57,1.005130
211.58,0.710349
211.59,0.647440
211.61,0.692221
211.62,0.725030
211.63,0.794032
211.64,0.694127
211.65,0.636847
211.66,0.579569
211.67,0.522065
211.68,0.625699
211.69,0.680377
211.70,0.845951
211.71,1.051154
211.72,1.093675
211.73,0.985455
211.74,1.332691
211.75,1.075116
211.77,1.076733
211.78,1.251904
211.79,1.000002
211.80,1.211030
211.81,0.869635
211.82,1.154343
211.83,0.876295
211.84,1.076538
211.85,0.803853
211.86,0.989501
211.87,0.768376
211.88,0.985056
211.89,0.779364
211.90,0.873289
211.91,0.730732
211.93,0.899279
211.94,0.700738
211.95,0.752017
211.96,0.648885
211.97,0.667540
211.98,0.558703
211.99,0.578672
212.00,0.504907
212.01,0.504775
212.02,0.439348
212.03,0.583000
212.04,0.510309
212.05,0.606377
212.06,0.488355
212.07,0.584339
212.09,0.502855
212.10,0.579972
212.11,0.474046
212.12,0.514489
212.13,0.441899
212.14,0.427914
212.15,0.368621
212.16,0.335110
212.17,0.332870
212.18,0.281033
212.19,0.279064
212.20,0.284946
212.21,0.297780
212.22,0.300905
212.23,0.303408
212.25,0.299861
212.26,0.297820
212.27,0.309078
212.28,0.282347
212.29,0.234288
212.30,0.238845
212.31,0.264792
212.32,0.273717
212.33,0.285450
212.34,0.298007
212.35,0.298911
212.36,0.292012
212.37,0.297779
212.38,0.307082
212.39,0.324404
212.41,0.305226
212.42,0.255456
212.43,0.278203
212.44,0.268730
212.45,0.274875
212.46,0.294573
212.47,0.278616
212.48,0.300967
212.49,0.330701
212.50,0.311567
212.51,0.282808
212.52,0.349807
212.53,0.362329
212.54,0.758257
212.55,1.010779
212.57,0.793062
212.58,0.581415
212.59,0.736578
212.60,0.835449
212.61,0.843496
212.62,0.942208
212.63,0.732750
212.64,0.600174
212.65,0.567217
212.66,0.617511
212.67,0.779084
212.68,0.917377
212.69,1.017298
212.70,0.895644
212.71,1.156121
212.73,1.304906
212.74,0.947328
212.75,1.237297
212.76,1.169548
212.77,1.178903
212.78,1.227615
212.79,1.146548
212.80,1.205627
212.81,1.006558
212.82,1.079050
212.83,0.912786
212.84,0.977727
212.85,0.909324
212.86,1.028779
212.87,0.875970
212.89,0.999039
212.90,0.802890
212.91,0.946315
212.92,0.669838
212.93,0.821074
212.94,0.660466
212.95,0.720076
212.96,0.579248
212.97,0.663441
212.98,0.533448
212.99,0.599836
213.00,0.519573
213.01,0.616531
213.02,0.622028
213.03,1.505478
213.05,1.922629
213.06,1.882853
213.07,1.592808
213.08,1.558371
213.09,1.028628
213.10,1.302173
213.11,1.133121
213.12,1.340566
213.13,1.170494
213.14,1.113205
213.15,1.007357
213.16,0.948310
213.17,1.029057
213.18,0.986959
213.19,0.920035
213.21,0.824652
213.22,0.713933
213.23,0.865384
213.24,0.800031
213.25,0.901267
213.26,0.665328
213.27,0.728673
213.28,0.821613
213.29,0.703393
213.30,0.844661
213.31,0.679119
213.32,0.749401
213.33,0.916103
213.34,0.803695
213.35,0.806185
213.37,0.664850
213.38,0.766642
213.39,0.814898
213.40,0.724266
213.41,0.724988
213.42,0.696383
213.43,0.825236
213.44,0.807877
213.45,0.644704
213.46,0.663099
213.47,0.696166
213.48,0.699442
213.49,0.689533
213.50,0.613121
213.51,0.857375
213.53,0.636875
213.54,0.936942
213.55,0.798562
213.56,0.940785
213.57,0.817772
213.58,0.840664
213.59,0.751969
213.60,0.797179
213.61,0.762150
213.62,0.751936
213.63,0.883215
213.64,0.858050
213.65,0.754033
213.66,0.751848
213.67,0.665480
213.69,0.717531
213.70,0.731509
213.71,0.697878
213.72,0.652977
213.73,0.825804
213.74,0.694230
213.75,0.753064
213.76,0.694464
213.77,0.746160
213.78,0.800608
213.79,0.703463
213.80,0.666922
213.81,0.759182
213.82,0.655184
213.83,0.823803
213.85,0.808071
213.86,0.671428
213.87,0.746061
213.88,0.692320
213.89,0.827451
213.90,0.655321
213.91,0.727598
213.92,0.660489
213.93,0.674038
213.94,0.651728
213.95,0.640169
213.96,0.642166
213.97,0.491779
213.98,0.587238
213.99,0.550192
214.01,0.539408
214.02,0.730498
214.03,1.079879
214.04,1.293023
214.05,0.989535
214.06,0.980128
214.07,1.274760
214.08,1.735313
214.09,1.249977
214.10,1.133048
214.11,0.710104
214.12,1.062552
214.13,1.345494
214.14,1.470936
214.15,1.093101
214.17,1.005339
214.18,1.296613
214.19,1.291560
214.20,1.034985
214.21,1.252697
214.22,1.593334
214.23,1.289374
214.24,1.748869
214.25,1.285816
214.26,1.710463
214.27,1.687948
214.28,1.261447
214.29,1.677589
214.30,1.014233
214.31,0.873146
214.33,0.800801
214.34,0.830175
214.35,0.693423
214.36,0.781410
214.37,0.963738
214.38,1.121174
214.39,1.486950
214.40,1.405159
214.41,1.277715
214.42,1.417990
214.43,1.016148
214.44,1.003127
214.45,0.719284
214.46,0.610040
214.47,0.762368
214.49,0.887226
214.50,1.133884
214.51,0.958817
214.52,1.217084
214.53,1.263031
214.54,1.117726
214.55,1.189789
214.56,0.931359
214.57,0.835408
214.58,0.819508
214.59,0.692071
214.60,0.586113
214.61,0.755344
214.62,0.742656
214.63,0.685653
214.65,0.719209
214.66,0.674104
214.67,0.722276
214.68,0.799504
214.69,0.695719
214.70,0.721607
214.71,0.787834
214.72,0.865345
214.73,0.654263
214.74,0.726031
214.75,0.808655
214.76,0.729732
214.77,0.967951
214.78,0.754415
214.79,0.596587
214.81,0.944507
214.82,0.926358
214.83,0.543507
214.84,0.724023
214.85,0.708689
214.86,0.588603
214.87,0.616441
214.88,0.563781
214.89,0.633875
214.90,0.597798
214.91,0.658990
214.92,0.654971
214.93,0.549853
214.94,0.651181
214.95,0.560376
214.97,0.512551
214.98,0.543214
214.99,0.556324
215.00,1.308785
215.01,1.852006
215.02,1.686682
215.03,1.416381
215.04,1.382230
215.05,1.070016
215.06,0.902771
215.07,0.866515
215.08,0.680375
215.09,0.737163
215.10,0.710554
215.11,0.828304
215.13,0.705605
215.14,0.702029
215.15,0.705054
215.16,0.671215
215.17,0.629431
215.18,0.542126
215.19,0.493879
215.20,0.475172
215.21,0.501038
215.22,0.528220
215.23,0.463404
215.24,0.443776
215.25,0.444746
215.26,0.426073
215.27,0.402647
215.29,0.351591
215.30,0.367940
215.31,0.372477
215.32,0.371622
215.33,0.387372
215.34,0.337041
215.35,0.341438
215.36,0.335062
215.37,0.337480
215.38,0.321641
215.39,0.316156
215.40,0.304564
215.41,0.323440
215.42,0.276708
215.43,0.279949
215.45,0.271827
215.46,0.292033
215.47,0.295434
215.48,0.285902
215.49,0.427462
215.50,0.906937
215.51,1.026382
215.52,0.816292
215.53,0.856518
215.54,0.814069
215.55,0.724045
215.56,0.788402
215.57,1.072275
215.58,1.007310
215.59,0.885004
215.61,1.116506
215.62,1.048814
215.63,1.214402
215.64,1.172682
215.65,1.203925
215.66,0.951226
215.67,1.048168
215.68,1.414625
215.69,1.114453
215.70,1.513567
215.71,1.221967
215.72,1.256817
215.73,1.318825
215.74,1.036678
215.75,1.614257
215.77,1.318262
215.78,1.259834
215.79,1.198324
215.80,0.794640
215.81,1.185544
215.82,1.439779
215.83,1.066476
215.84,1.243804
215.85,1.021499
215.86,0.836303
215.87,0.930186
215.88,1.059321
215.89,1.170486
215.90,1.243360
215.91,0.772544
215.93,1.098006
215.94,0.974662
215.95,0.842060
215.96,0.966530
215.97,0.698716
215.98,0.799071
215.99,0.974403
216.00,0.955166
216.01,0.939961
216.02,1.035519
216.03,0.636320
216.04,0.880610
216.05,0.851602
216.06,0.915253
216.07,0.792122
216.09,0.597320
216.10,0.700734
216.11,0.760854
216.12,0.657920
216.13,0.775925
216.14,0.719560
216.15,0.613076
216.16,0.707493
216.17,0.638003
216.18,0.651572
216.19,0.615599
216.20,0.664681
216.21,0.547818
216.22,0.577093
216.23,0.722163
216.25,0.544876
216.26,0.565457
216.27,0.535012
216.28,0.633086
216.29,0.591155
216.30,0.607426
216.31,0.548681
216.32,0.563812
216.33,0.442733
216.34,0.530645
216.35,0.536279
216.36,0.474607
216.37,0.513466
216.38,0.364798
216.39,0.404164
216.41,0.336855
216.42,0.429461
216.43,0.400111
216.44,0.295929
216.45,0.339468
216.46,0.319808
216.47,0.547468
216.48,1.091188
216.49,1.455810
216.50,1.181396
216.51,0.900115
216.52,0.735707
216.53,0.697791
216.54,0.715117
216.55,1.103171
216.57,1.168418
216.58,0.929859
216.59,1.007677
216.60,0.887306
216.61,0.942808
216.62,1.105737
216.63,1.593459
216.64,1.185477
216.65,1.264385
216.66,1.291545
216.67,1.657531
216.68,1.615934
216.69,1.214931
216.70,1.423657
216.71,0.976800
216.73,1.288580
216.74,1.212517
216.75,0.974450
216.76,1.015538
216.77,0.724729
216.78,1.387275
216.79,1.232408
216.80,1.528211
216.81,0.820699
216.82,0.607230
216.83,0.644080
216.84,0.826413
216.85,0.843344
216.86,1.125481
216.87,0.646575
216.89,0.567846
216.90,0.373522
216.91,0.539123
216.92,0.527039
216.93,0.647528
216.94,0.464543
216.95,0.461777
216.96,0.833763
216.97,1.975760
216.98,2.188669
216.99,1.968693
217.00,1.676861
217.01,1.486160
217.02,1.579206
217.03,1.272075
217.05,0.997009
217.06,0.888197
217.07,0.965030
217.08,1.069761
217.09,1.149233
217.10,1.033367
217.11,0.988234
217.12,0.988121
217.13,0.853886
217.14,0.808461
217.15,0.811138
217.16,0.834510
217.17,0.904479
217.18,1.080236
217.19,1.044230
217.21,0.976209
217.22,0.822571
217.23,0.744092
217.24,0.812942
217.25,0.800786
217.26,0.752839
217.27,0.761721
217.28,0.673193
217.29,0.725789
217.30,0.776029
217.31,0.714233
217.32,0.777594
217.33,0.690011
217.34,0.680610
217.35,0.672185
217.37,0.594961
217.38,0.688463
217.39,0.762214
217.40,0.796059
217.41,0.673851
217.42,0.738027
217.43,0.685668
217.44,0.648539
217.45,0.785630
217.46,0.602787
217.47,0.604546
217.48,0.662268
217.49,0.678815
217.50,0.640908
217.51,0.697210
217.53,0.604471
217.54,0.552077
217.55,0.680787
217.56,0.559103
217.57,0.632039
217.58,0.617976
217.59,0.591720
217.60,0.547055
217.61,0.636630
217.62,0.665187
217.63,0.565421
217.64,0.601428
217.65,0.644692
217.66,0.637913
217.67,0.666485
217.69,0.632151
217.70,0.622041
217.71,0.660495
217.72,0.700748
217.73,0.654391
217.74,0.572369
217.75,0.649383
217.76,0.711791
217.77,0.678564
217.78,0.661504
217.79,0.708607
217.80,0.628583
217.81,0.613289
217.82,0.651822
217.83,0.619581
217.85,0.661533
217.86,0.800276
217.87,0.614203
217.88,0.706897
217.89,0.726443
217.90,0.640142
217.91,0.611150
217.92,0.639614
217.93,0.659837
217.94,0.673238
217.95,0.992124
217.96,1.195239
217.97,1.202783
217.98,1.022231
217.99,0.839228
218.01,0.841023
218.02,0.915820
218.03,0.931610
218.04,1.054818
218.05,0.804917
218.06,0.907726
218.07,0.759328
218.08,1.002092
218.09,1.213089
218.10,1.077553
218.11,1.202470
218.12,1.324189
218.13,1.776504
218.14,1.310663
218.15,1.773335
218.17,1.275938
218.18,1.573402
218.19,1.305535
218.20,1.295073
218.21,1.607684
218.22,1.189912
218.23,1.522494
218.24,1.130883
218.25,1.362073
218.26,1.128176
218.27,1.227337
218.28,1.125301
218.29,1.006035
218.30,0.948468
218.31,0.815750
218.33,0.811709
218.34,0.697623
218.35,0.799334
218.36,0.803815
218.37,0.816128
218.38,0.933087
218.39,0.962293
218.40,1.068741
218.41,1.066655
218.42,1.101227
218.43,1.045285
218.44,0.975204
218.45,0.967847
218.46,0.872375
218.47,0.769676
218.49,0.573462
218.50,0.583225
218.51,0.473060
218.52,0.409308
218.53,0.418965
218.54,0.455524
218.55,0.615841
218.56,0.663386
218.57,0.653958
218.58,0.781689
218.59,0.708146
218.60,0.712413
218.61,0.557415
218.62,0.547657
218.63,0.661919
218.65,0.661832
218.66,0.669398
218.67,0.673811
218.68,0.674943
218.69,0.703641
218.70,0.598288
218.71,0.798660
218.72,0.654274
218.73,0.820525
218.74,0.791504
218.75,0.688674
218.76,0.731067
218.77,0.687641
218.78,0.726115
218.79,0.666965
218.81,0.726489
218.82,0.959468
218.83,0.689805
218.84,0.713019
218.85,0.660737
218.86,0.840173
218.87,0.726943
218.88,0.635282
218.89,0.826975
218.90,0.705287
218.91,0.706876
218.92,0.674725
218.93,1.787028
218.94,1.964408
218.95,2.087810
218.97,1.642726
218.98,1.641369
218.99,1.315431
219.00,1.409154
219.01,1.194716
219.02,1.244093
219.03,1.064294
219.04,1.006306
219.05,1.074248
219.06,1.012603
219.07,0.762809
219.08,0.880705
219.09,0.974447
219.10,0.907939
219.11,0.808340
219.13,0.762361
219.14,0.762407
219.15,0.828023
219.16,0.751456
219.17,0.651601
219.18,0.702972
219.19,0.681674
219.20,0.714685
219.21,0.709721
219.22,0.806818
219.23,0.625289
219.24,0.530865
219.25,0.510306
219.26,0.622299
219.27,0.618360
219.29,0.595699
219.30,0.583235
219.31,0.512785
219.32,0.526544
219.33,0.428697
219.34,0.542945
219.35,0.532414
219.36,0.529066
219.37,0.527890
219.38,0.461865
219.39,0.537651
219.40,0.370603
219.41,0.537164
219.42,0.689701
219.43,1.063598
219.45,1.233235
219.46,1.083698
219.47,0.993281
219.48,1.005914
219.49,0.889362
219.50,1.187319
219.51,1.089938
219.52,1.094064
219.53,0.910118
219.54,0.964033
219.55,0.952937
219.56,1.206042
219.57,1.025277
219.58,1.630973
219.59,1.472605
219.61,1.584231
219.62,1.473788
219.63,1.821879
219.64,1.372841
219.65,1.617585
219.66,1.180458
219.67,1.516160
219.68,1.395547
219.69,1.421363
219.70,1.282744
219.71,1.205387
219.72,1.180338
219.73,1.041716
219.74,1.192055
219.75,0.969628
219.77,1.041548
219.78,0.944311
219.79,0.918539
219.80,0.726368
219.81,0.743720
219.82,0.805772
219.83,0.939407
219.84,0.972444
219.85,0.825697
219.86,0.892942
219.87,0.994102
219.88,1.032651
219.89,1.094137
219.90,1.272803
219.91,1.304089
219.93,1.243346
219.94,1.222649
219.95,1.100292
219.96,0.995628
219.97,0.828749
219.98,0.611257
219.99,0.710767
220.00,0.598143
220.01,0.607578
220.02,0.704665
220.03,0.710916
220.04,0.765509
220.05,0.711183
220.06,0.685991
220.07,0.700738
220.09,0.686593
220.10,0.637491
220.11,0.672196
220.12,0.660659
220.13,0.654437
220.14,0.557430
220.15,0.638926
220.16,0.527688
220.17,0.638867
220.18,0.744252
220.19,0.717289
220.20,0.650487
220.21,0.589069
220.22,0.684056
220.23,0.680787
220.25,0.623483
220.26,0.650944
220.27,0.726049
220.28,0.643192
220.29,0.739770
220.30,0.731973
220.31,0.686171
220.32,0.544085
220.33,0.756485
220.34,0.634774
220.35,0.819339
220.36,0.836678
220.37,0.764484
220.38,0.847481
220.39,0.615032
220.41,0.856668
220.42,1.300858
220.43,1.318810
220.44,1.065406
220.45,1.097528
220.46,0.919138
220.47,1.034085
220.48,0.935952
220.49,1.058959
220.50,0.894906
220.51,0.958076
220.52,0.702679
220.53,0.768491
220.54,0.781653
220.55,0.881679
220.57,1.664699
220.58,1.517036
220.59,1.390553
220.60,1.686554
220.61,1.870535
220.62,1.595267
220.63,2.032834
220.64,1.427112
220.65,1.654723
220.66,1.318143
220.67,1.553812
220.68,1.290554
220.69,1.386096
220.70,1.162253
220.71,1.152304
220.73,0.839308
220.74,0.967522
220.75,0.824634
220.76,0.746932
220.77,0.621378
220.78,0.529540
220.79,0.448008
220.80,0.380007
220.81,0.343834
220.82,0.308858
220.83,0.338591
220.84,0.406554
220.85,0.505830
220.86,0.567937
220.87,0.601286
220.89,0.730662
220.90,1.198535
220.91,1.859755
220.92,1.823740
220.93,1.676446
220.94,1.650763
220.95,1.660715
220.96,1.203052
220.97,1.386227
220.98,1.158138
220.99,1.035970
221.00,1.126564
221.01,1.097953
221.02,0.976533
221.03,1.011820
221.05,1.107113
221.06,1.116336
221.07,1.037809
221.08,0.888650
221.09,1.109390
221.10,1.107655
221.11,1.113695
221.12,0.849550
221.13,0.909594
221.14,0.903553
221.15,1.007870
221.16,0.922196
221.17,0.974360
221.18,1.030023
221.19,0.919165
221.21,0.835456
221.22,0.781691
221.23,0.790066
221.24,0.836111
221.25,0.856241
221.26,0.704351
221.27,0.773582
221.28,0.632738
221.29,0.797377
221.30,0.751456
221.31,0.556293
221.32,0.700637
221.33,0.650949
221.34,0.537589
221.35,0.496859
221.37,0.494271
221.38,0.529982
221.39,0.479109
221.40,0.931662
221.41,1.164984
221.42,1.056503
221.43,1.225439
221.44,1.213466
221.45,1.272941
221.46,1.280614
221.47,1.469409
221.48,1.149754
221.49,0.997324
221.50,1.009645
221.51,1.241291
221.53,1.237747
221.54,1.574721
221.55,1.255196
221.56,1.309103
221.57,1.617137
221.58,1.240432
221.59,1.277398
221.60,1.222201
221.61,1.599656
221.62,1.200879
221.63,1.246700
221.64,0.975506
221.65,0.865340
221.66,0.953308
221.67,1.070956
221.69,1.118664
221.70,1.116975
221.71,1.130977
221.72,1.120805
221.73,0.962166
221.74,0.753332
221.75,0.939759
221.76,0.874562
221.77,1.047604
221.78,0.816953
221.79,0.953737
221.80,0.693368
221.81,0.973268
221.82,0.720033
221.83,0.806303
221.85,0.702744
221.86,1.129334
221.87,0.830750
221.88,1.122365
221.89,0.958407
221.90,0.980672
221.91,0.675500
221.92,0.695328
221.93,0.715420
221.94,0.767856
221.95,0.688724
221.96,0.659033
221.97,0.722574
221.98,0.634968
221.99,0.773283
222.01,0.807712
222.02,0.855954
222.03,0.775824
222.04,0.818742
222.05,0.669259
222.06,0.771629
222.07,0.865588
222.08,0.911742
222.09,0.988864
222.10,0.857190
222.11,0.751614
222.12,0.726999
222.13,0.820123
222.14,0.856073
222.15,0.878928
222.17,0.916169
222.18,0.821291
222.19,0.847175
222.20,0.774000
222.21,0.793159
222.22,0.802378
222.23,0.757124
222.24,0.736492
222.25,0.860145
222.26,0.885214
222.27,0.995996
222.28,0.952662
222.29,0.909946
222.30,0.911467
222.31,0.728342
222.33,0.826101
222.34,0.755064
222.35,0.802965
222.36,0.858506
222.37,0.948961
222.38,0.777660
222.39,0.750178
222.40,0.769791
222.41,0.769333
222.42,0.771897
222.43,0.918937
222.44,0.829223
222.45,0.984880
222.46,0.895254
222.47,0.864046
222.49,0.858161
222.50,0.755442
222.51,0.870377
222.52,0.784612
222.53,0.763763
222.54,0.824030
222.55,0.819978
222.56,0.719101
222.57,0.803891
222.58,0.761177
222.59,0.766671
222.60,0.694402
222.61,0.809772
222.62,0.799412
222.63,0.828451
222.65,0.840918
222.66,0.878319
222.67,0.732739
222.68,0.788272
222.69,0.755467
222.70,0.697441
222.71,0.803728
222.72,0.808386
222.73,0.815743
222.74,0.591338
222.75,0.821564
222.76,0.765199
222.77,0.713927
222.78,0.792583
222.79,0.751994
222.81,0.750018
222.82,0.753946
222.83,0.811517
222.84,0.818768
222.85,0.713794
222.86,0.742994
222.87,0.775386
222.88,0.726300
222.89,0.736495
222.90,0.758230
222.91,0.857929
222.92,0.732223
222.93,0.756801
222.94,0.697955
222.95,0.694201
222.97,0.756671
222.98,0.838605
222.99,0.745012
223.00,0.717614
223.01,0.837233
223.02,0.930227
223.03,0.751757
223.04,0.765392
223.05,0.662868
223.06,0.746584
223.07,0.676341
223.08,0.778260
223.09,0.750470
223.10,0.685322
223.11,0.832289
223.13,0.724058
223.14,0.693317
223.15,0.672897
223.16,0.821217
223.17,0.608390
223.18,0.658063
223.19,0.711529
223.20,0.769809
223.21,0.693627
223.22,0.801382
223.23,0.749973
223.24,0.670944
223.25,0.694785
223.26,0.657522
223.27,0.630751
223.29,0.642240
223.30,0.787342
223.31,0.649722
223.32,0.653472
223.33,0.733158
223.34,0.750826
223.35,0.524843
223.36,0.650273
223.37,0.713761
223.38,0.688115
223.39,0.698753
223.40,0.808135
223.41,0.712286
223.42,0.574193
223.43,0.658955
223.45,0.627667
223.46,0.610764
223.47,0.636479
223.48,0.731545
223.49,0.644903
223.50,0.655220
223.51,0.817946
223.52,0.809304
223.53,0.579315
223.54,0.685597
223.55,0.748870
223.56,0.688652
223.57,0.726396
223.58,0.767542
223.59,0.744960
223.61,0.577673
223.62,0.685724
223.63,0.643032
223.64,0.667008
223.65,0.618768
223.66,0.742308
223.67,0.662923
223.68,0.641863
223.69,0.756301
223.70,0.674087
223.71,0.575173
223.72,0.610863
223.73,0.704575
223.74,0.701533
223.75,0.704461
223.77,0.672977
223.78,0.677309
223.79,0.617227
223.80,0.642439
223.81,0.761719
223.82,0.689303
223.83,0.796372
223.84,0.679544
223.85,0.860535
223.86,0.808993
223.87,1.037049
223.88,0.929824
223.89,0.874953
223.90,0.835158
223.91,0.656991
223.93,0.859296
223.94,0.768177
223.95,0.730837
223.96,0.804569
223.97,0.687174
223.98,0.678019
223.99,0.675760
224.00,0.686948
224.01,0.671407
224.02,0.751927
224.03,0.599055
224.04,0.602293
224.05,0.514958
224.06,0.480439
224.07,0.518553
224.09,0.459081
224.10,0.455978
224.11,0.426044
224.12,0.372109
224.13,0.417577
224.14,0.379830
224.15,0.348626
224.16,0.379474
224.17,0.398332
224.18,0.381261
224.19,0.355233
224.20,0.361361
224.21,0.377126
224.22,0.357692
224.23,0.307516
224.25,0.338817
224.26,0.361367
224.27,0.350483
224.28,0.355756
224.29,0.348049
224.30,0.284576
224.31,0.263554
224.32,0.277771
224.33,0.265205
224.34,0.297361
224.35,0.363081
224.36,0.453892
224.37,0.475567
224.38,0.420586
224.39,0.378097
224.41,0.335511
224.42,0.362943
224.43,0.381521
224.44,0.349188
224.45,0.402766
224.46,0.372849
224.47,0.364612
224.48,0.410004
224.49,0.399559
224.50,0.387514
224.51,0.438570
224.52,0.431656
224.53,0.358363
224.54,0.398484
224.55,0.340025
224.57,0.356413
224.58,0.371347
224.59,0.351701
224.60,0.356191
224.61,0.338842
224.62,0.334320
224.63,0.294640
224.64,0.251586
224.65,0.295875
224.66,0.270596
224.67,0.246296
224.68,0.280724
224.69,0.314422
224.70,0.319435
224.71,0.287499
224.73,0.277353
224.74,0.261916
224.75,0.255993
224.76,0.228626
224.77,0.264629
224.78,0.246665
224.79,0.233613
224.80,0.236182
224.81,0.221362
224.82,0.233599
224.83,0.278031
224.84,0.349366
224.85,0.431244
224.86,0.536630
224.87,0.500184
224.89,0.430080
224.90,0.413505
224.91,0.355673
224.92,0.343157
224.93,0.360911
224.94,0.411206
224.95,0.398316
224.96,0.360153
224.97,0.367703
224.98,0.323685
224.99,0.343420
225.00,0.372045
225.01,0.368511
225.02,0.369237
225.03,0.352869
225.05,0.333600
225.06,0.311446
225.07,0.311081
225.08,0.328795
225.09,0.327295
225.10,0.330321
225.11,0.289810
225.12,0.295668
225.13,0.283012
225.14,0.326503
225.15,0.322681
225.16,0.292520
225.17,0.288121
225.18,0.252441
225.19,0.284652
225.21,0.273587
225.22,0.252028
225.23,0.269481
225.24,0.239816
225.25,0.234067
225.26,0.220225
225.27,0.227416
225.28,0.218608
225.29,0.232568
225.30,0.243113
225.31,0.221099
225.32,0.287615
225.33,0.373157
225.34,0.505407
225.35,0.599517
225.37,0.580147
225.38,0.632254
225.39,0.613379
225.40,0.550077
225.41,0.536686
225.42,0.510697
225.43,0.485839
225.44,0.490592
225.45,0.458614
225.46,0.470151
225.47,0.466403
225.48,0.439442
225.49,0.377697
225.50,0.367970
225.51,0.373046
225.53,0.401365
225.54,0.371154
225.55,0.318588
225.56,0.322455
225.57,0.323019
225.58,0.334958
225.59,0.312947
225.60,0.313364
225.61,0.295949
225.62,0.291725
225.63,0.316257
225.64,0.300647
225.65,0.292871
225.66,0.286918
225.67,0.294546
225.69,0.250600
225.70,0.221876
225.71,0.222327
225.72,0.215055
225.73,0.232771
225.74,0.227636
225.75,0.217925
225.76,0.198315
225.77,0.220914
225.78,0.204940
225.79,0.262886
225.80,0.361761
225.81,0.479537
225.82,1.029982
225.83,1.268689
225.85,1.116056
225.86,1.025291
225.87,1.129168
225.88,1.137846
225.89,1.273586
225.90,1.148627
225.91,0.952197
225.92,1.023751
225.93,0.887656
225.94,1.192218
225.95,1.089801
225.96,1.176023
225.97,1.369888
225.98,1.195293
225.99,1.187452
226.01,0.928374
226.02,1.081972
226.03,0.706005
226.04,1.207074
226.05,1.569499
226.06,2.170112
226.07,1.639170
226.08,1.746717
226.09,1.151565
226.10,1.033375
226.11,1.045161
226.12,1.243673
226.13,1.387462
226.14,1.723718
226.15,1.441775
226.17,1.292692
226.18,0.967356
226.19,0.667376
226.20,1.271971
226.21,1.297422
226.22,1.312653
226.23,1.433671
226.24,1.212714
226.25,0.647355
226.26,0.631548
226.27,0.770741
226.28,1.256825
226.29,1.136013
226.30,0.952138
226.31,0.937586
226.33,0.854392
226.34,0.808777
226.35,0.765367
226.36,0.850355
226.37,1.132454
226.38,1.235527
226.39,1.036136
226.40,0.819145
226.41,0.635805
226.42,0.897737
226.43,0.929006
226.44,0.945360
226.45,0.898979
226.46,0.793201
226.47,1.058720
226.49,1.008098
226.50,0.854277
226.51,0.840923
226.52,0.842045
226.53,0.884339
226.54,0.874083
226.55,0.899592
226.56,0.980713
226.57,0.937014
226.58,0.976216
226.59,0.852308
226.60,0.774966
226.61,0.766415
226.62,0.770103
226.63,0.728347
226.65,0.674900
226.66,0.717890
226.67,0.731135
226.68,0.663648
226.69,0.632131
226.70,0.586501
226.71,0.600079
226.72,0.680407
226.73,0.509109
226.74,0.596268
226.75,0.568961
226.76,0.451260
226.77,0.620022
226.78,0.648560
226.79,0.628365
226.81,1.684870
226.82,2.025943
226.83,1.683963
226.84,1.734987
226.85,1.648453
226.86,1.390514
226.87,1.207153
226.88,0.989432
226.89,1.051310
226.90,0.866889
226.91,0.796296
226.92,0.833339
226.93,0.786657
226.94,0.696158
226.95,0.688662
226.97,0.616934
226.98,0.571525
226.99,0.493641
227.00,0.605802
227.01,0.520280
227.02,0.572382
227.03,0.486956
227.04,0.414971
227.05,0.479066
227.06,0.510276
227.07,0.451474
227.08,0.379937
227.09,0.370196
227.10,0.480259
227.11,0.480883
227.13,0.426058
227.14,0.414428
227.15,0.420334
227.16,0.427325
227.17,0.401529
227.18,0.392787
227.19,0.335863
227.20,0.376906
227.21,0.380552
227.22,0.363038
227.23,0.313363
227.24,0.315693
227.25,0.423399
227.26,0.395191
227.27,0.370753
227.29,0.402027
227.30,0.552944
227.31,0.956657
227.32,1.048507
227.33,1.093364
227.34,1.322911
227.35,0.940247
227.36,1.176425
227.37,0.789907
227.38,0.989919
227.39,1.010704
227.40,0.825455
227.41,0.713420
227.42,0.785425
227.43,0.936411
227.45,0.781939
227.46,0.911233
227.47,1.117351
227.48,1.011065
227.49,1.043069
227.50,1.322405
227.51,1.080331
227.52,1.455588
227.53,1.232258
227.54,1.290439
227.55,1.083025
227.56,0.962667
227.57,0.988546
227.58,1.123329
227.59,1.287266
227.61,1.143837
227.62,1.361966
227.63,0.867156
227.64,0.888659
227.65,0.932027
227.66,0.996494
227.67,1.109094
227.68,1.081488
227.69,0.889744
227.70,0.826349
227.71,0.670953
227.72,0.529755
227.73,0.651508
227.74,0.622415
227.75,0.810828
227.77,0.795713
227.78,0.624960
227.79,0.651121
227.80,0.607017
227.81,0.619550
227.82,0.761993
227.83,0.719854
227.84,0.796040
227.85,0.722589
227.86,0.443428
227.87,0.432978
227.88,0.548443
227.89,0.588860
227.90,0.658077
227.91,0.675274
227.93,0.567425
227.94,0.541604
227.95,0.569704
227.96,0.506263
227.97,0.466757
227.98,0.434217
227.99,0.402979
228.00,0.451899
228.01,0.428466
228.02,0.450915
228.03,0.444015
228.04,0.399847
228.05,0.386197
228.06,0.301669
228.07,0.324589
228.09,0.318666
228.10,0.304886
228.11,0.335715
228.12,0.302133
228.13,0.297479
228.14,0.309261
228.15,0.266785
228.16,0.280938
228.17,0.295458
228.18,0.306415
228.19,0.282290
228.20,0.265202
228.21,0.263772
228.22,0.275014
228.23,0.266258
228.25,0.287552
228.26,0.328363
228.27,0.380115
228.28,0.656323
228.29,1.053278
228.30,1.059454
228.31,0.848799
228.32,0.852492
228.33,0.941805
228.34,0.908503
228.35,0.626799
228.36,0.736847
228.37,0.642747
228.38,0.681335
228.39,1.006445
228.41,1.275106
228.42,1.103078
228.43,1.159470
228.44,1.589822
228.45,1.714033
228.46,1.555692
228.47,1.662154
228.48,1.846999
228.49,1.147976
228.50,1.208287
228.51,0.769028
228.52,0.753273
228.53,0.887545
228.54,1.381112
228.55,1.193644
228.57,1.561816
228.58,1.337577
228.59,0.995673
228.60,0.669926
228.61,0.607504
228.62,0.679987
228.63,1.249244
228.64,1.039364
228.65,1.128684
228.66,0.957283
228.67,0.609936
228.68,0.481421
228.69,0.577377
228.70,0.573934
228.71,0.768795
228.73,0.709014
228.74,0.670291
228.75,0.550874
228.76,0.538746
228.77,1.398824
228.78,2.090914
228.79,2.012975
228.80,1.995760
228.81,1.828375
228.82,1.586154
228.83,1.213006
228.84,1.355314
228.85,1.394310
228.86,1.343122
228.87,1.170063
228.89,1.227983
228.90,1.051784
228.91,1.081996
228.92,1.093923
228.93,1.031667
228.94,1.094378
228.95,0.923073
228.96,0.829144
228.97,1.011963
228.98,0.769370
228.99,0.846946
229.00,0.758732
229.01,0.702963
229.02,0.789810
229.03,0.835744
229.05,0.813128
229.06,0.655702
229.07,0.684217
229.08,0.824773
229.09,0.832155
229.10,0.665605
229.11,0.615738
229.12,0.632044
229.13,0.678217
229.14,0.837004
229.15,0.728349
229.16,0.531338
229.17,0.511543
229.18,0.579080
229.19,0.645417
229.21,0.677046
229.22,0.562979
229.23,0.499998
229.24,0.538333
229.25,0.602066
229.26,0.649804
229.27,0.611714
229.28,0.484118
229.29,0.420380
229.30,0.539954
229.31,0.518677
229.32,0.590730
229.33,0.547237
229.34,0.521766
229.35,0.645363
229.37,0.604837
229.38,0.664943
229.39,0.618393
229.40,0.561554
229.41,0.696528
229.42,0.664320
229.43,0.715658
229.44,0.651571
229.45,0.710931
229.46,0.638155
229.47,0.625297
229.48,0.503035
229.49,0.699978
229.50,0.775283
229.51,0.717371
229.53,0.685103
229.54,0.695797
229.55,0.931223
229.56,0.589862
229.57,0.641403
229.58,0.680950
229.59,0.604511
229.60,0.620669
229.61,0.475254
229.62,0.556678
229.63,0.513840
229.64,0.472982
229.65,0.410092
229.66,0.369814
229.67,0.417564
229.69,0.455914
229.70,0.375997
229.71,0.371555
229.72,0.377929
229.73,0.359854
229.74,0.430639
229.75,0.516259
229.76,0.757376
229.77,1.028618
229.78,1.053345
229.79,1.233539
229.80,1.013128
229.81,1.006341
229.82,0.964470
229.83,1.040111
229.85,0.798490
229.86,0.848722
229.87,0.782380
229.88,0.962070
229.89,0.992657
229.90,1.407366
229.91,1.336212
229.92,1.518325
229.93,1.133534
229.94,1.636947
229.95,1.253277
229.96,0.881649
229.97,1.000715
229.98,1.314577
229.99,1.809592
230.01,1.247247
230.02,1.287128
230.03,0.855299
230.04,1.094447
230.05,0.980370
230.06,1.297275
230.07,0.996871
230.08,0.723544
230.09,0.736027
230.10,0.849548
230.11,1.183989
230.12,1.032413
230.13,0.886406
230.14,0.645106
230.15,0.826644
230.17,1.089167
230.18,0.879585
230.19,0.781774
230.20,0.736042
230.21,0.554193
230.22,0.767682
230.23,1.093791
230.24,0.912098
230.25,0.675955
230.26,0.787951
230.27,0.762095
230.28,0.962395
230.29,0.983184
230.30,0.710398
230.31,0.432403
230.33,0.707195
230.34,0.840082
230.35,0.657030
230.36,0.581441
230.37,0.497276
230.38,0.556761
230.39,0.551517
230.40,0.615814
230.41,0.541240
230.42,0.603003
230.43,0.504585
230.44,0.506720
230.45,0.466536
230.46,0.507279
230.47,0.538727
230.49,0.523238
230.50,0.592656
230.51,0.519771
230.52,0.511030
230.53,0.522495
230.54,0.583161
230.55,0.516898
230.56,0.447782
230.57,0.460910
230.58,0.534033
230.59,0.504214
230.60,0.460047
230.61,0.470122
230.62,0.414346
230.63,0.440239
230.65,0.437168
230.66,0.422821
230.67,0.399744
230.68,0.368327
230.69,0.367027
230.70,0.417738
230.71,0.437550
230.72,0.513498
230.73,0.803138
230.74,1.755568
230.75,2.218198
230.76,1.625197
230.77,1.481340
230.78,1.545386
230.79,1.129127
230.81,1.226870
230.82,1.256447
230.83,1.235014
230.84,0.975947
230.85,0.938509
230.86,0.983516
230.87,1.009235
230.88,0.952547
230.89,0.795655
230.90,0.717289
230.91,0.700203
230.92,0.690034
230.93,0.613012
230.94,0.597469
230.95,0.643887
230.97,0.594654
230.98,0.470252
230.99,0.511837
231.00,0.540184
231.01,0.461671
231.02,0.453965
231.03,0.434689
231.04,0.393382
231.05,0.438036
231.06,0.451693
231.07,0.374061
231.08,0.351857
231.09,0.356051
231.10,0.366916
231.11,0.310624
231.13,0.297368
231.14,0.318315
231.15,0.345217
231.16,0.344258
231.17,0.347535
231.18,0.324918
231.19,0.338648
231.20,0.371558
231.21,0.388752
231.22,0.404980
231.23,0.814681
231.24,1.046401
231.25,1.002343
231.26,0.950751
231.27,1.123170
231.29,1.354237
231.30,0.868561
231.31,0.951854
231.32,0.938104
231.33,0.985539
231.34,0.848987
231.35,0.875345
231.36,0.798056
231.37,1.031317
231.38,1.143148
231.39,1.162918
231.40,1.974824
231.41,2.000815
231.42,1.475391
231.43,1.509227
231.45,1.198583
231.46,0.831588
231.47,1.267556
231.48,1.548866
231.49,1.795311
231.50,1.111665
231.51,0.946853
231.52,0.958112
231.53,1.148685
231.54,1.431165
231.55,1.511943
231.56,0.934913
231.57,0.825165
231.58,1.337835
231.59,1.420036
231.61,1.238348
231.62,1.147369
231.63,0.809974
231.64,0.916395
231.65,1.193263
231.66,1.267350
231.67,0.860511
231.68,0.647963
231.69,0.655308
231.70,0.941271
231.71,1.052448
231.72,1.021128
231.73,0.694338
231.74,0.851717
231.75,0.975695
231.77,0.900512
231.78,0.748520
231.79,0.699050
231.80,0.637602
231.81,0.654007
231.82,0.812220
231.83,0.840575
231.84,0.845259
231.85,0.740502
231.86,0.672941
231.87,0.652321
231.88,0.616677
231.89,0.653314
231.90,0.627183
231.91,0.591769
231.93,0.548950
231.94,0.515929
231.95,0.560614
231.96,0.532949
231.97,0.581290
231.98,0.463309
231.99,0.495008
232.00,0.416063
232.01,0.406231
232.02,0.407777
232.03,0.392061
232.04,0.367662
232.05,0.381249
232.06,0.338769
232.07,0.303256
232.09,0.334625
232.10,0.340466
232.11,0.319969
232.12,0.280531
232.13,0.287492
232.14,0.280401
232.15,0.288003
232.16,0.255376
232.17,0.234788
232.18,0.275576
232.19,0.305787
232.20,0.353414
232.21,0.676021
232.22,0.880454
232.23,0.857092
232.25,0.999370
232.26,1.215932
232.27,0.960032
232.28,1.007085
232.29,0.865909
232.30,0.779228
232.31,0.672113
232.32,0.890427
232.33,0.844119
232.34,0.868148
232.35,0.800011
232.36,1.078913
232.37,1.018268
232.38,1.343017
232.39,1.369337
232.41,1.066233
232.42,1.441998
232.43,1.093994
232.44,1.288353
232.45,0.948942
232.46,1.180352
232.47,1.189394
232.48,1.016065
232.49,1.063140
232.50,1.102479
232.51,0.903782
232.52,1.112531
232.53,0.905674
232.54,0.868919
232.55,1.012763
232.57,0.906724
232.58,1.132538
232.59,0.730821
232.60,0.730016
232.61,0.903482
232.62,0.768412
232.63,0.802325
232.64,0.794390
232.65,0.502295
232.66,0.669759
232.67,0.784914
232.68,0.714493
232.69,0.818992
232.70,1.474156
232.71,1.908650
232.73,2.109323
232.74,1.770223
232.75,1.860346
232.76,1.528799
232.77,1.567691
232.78,1.522153
232.79,1.358479
232.80,1.205330
232.81,1.050643
232.82,1.111646
232.83,1.115819
232.84,1.124088
232.85,1.008819
232.86,1.044754
232.87,0.892945
232.89,0.845183
232.90,0.792785
232.91,0.909061
232.92,0.870913
232.93,0.793592
232.94,0.796717
232.95,0.795539
232.96,0.847875
232.97,0.745866
232.98,0.801500
232.99,0.789589
233.00,0.844123
233.01,0.779758
233.02,0.775793
233.03,0.746072
233.05,0.639032
233.06,0.646207
233.07,0.577379
233.08,0.573650
233.09,0.557654
233.10,0.519667
233.11,0.577415
233.12,0.628497
233.13,0.657965
233.14,0.677482
233.15,0.642054
233.16,0.620570
233.17,0.659661
233.18,0.672348
233.19,0.666020
233.21,0.699529
233.22,0.714599
233.23,0.649570
233.24,0.609964
233.25,0.592584
233.26,0.520437
233.27,0.507471
233.28,0.492455
233.29,0.448828
233.30,0.529883
233.31,0.545928
233.32,0.640544
233.33,0.619860
233.34,0.577046
233.35,0.531443
233.37,0.575184
233.38,0.641883
233.39,0.595335
233.40,0.544642
233.41,0.601801
233.42,0.598401
233.43,0.497627
233.44,0.480237
233.45,0.437115
233.46,0.442015
233.47,0.470612
233.48,0.373985
233.49,0.390814
233.50,0.392748
233.51,0.519098
233.53,0.427605
233.54,0.330850
233.55,0.322491
233.56,0.352338
233.57,0.432765
233.58,0.410447
233.59,0.386563
233.60,0.383942
233.61,0.447743
233.62,0.425400
233.63,0.421283
233.64,0.413990
233.65,0.359710
233.66,0.371636
233.67,0.373072
233.69,0.542585
233.70,1.018661
233.71,1.306402
233.72,1.502082
233.73,1.253234
233.74,1.532295
233.75,1.318636
233.76,1.614314
233.77,1.516892
233.78,1.475258
233.79,1.262724
233.80,1.080711
233.81,1.191544
233.82,1.128660
233.83,1.228362
233.85,1.258769
233.86,1.214723
233.87,1.176560
233.88,1.224401
233.89,1.676725
233.90,1.365291
233.91,1.643698
233.92,1.517846
233.93,1.492303
233.94,1.252360
233.95,0.791540
233.96,1.076849
233.97,1.059829
233.98,1.202335
233.99,1.231325
234.01,1.380505
234.02,1.192840
234.03,1.241665
234.04,0.819804
234.05,0.850063
234.06,0.647994
234.07,0.976616
234.08,1.060921
234.09,1.175197
234.10,0.952876
234.11,0.970549
234.12,0.699513
234.13,0.744699
234.14,0.641387
234.15,0.935822
234.17,0.806097
234.18,1.006222
234.19,0.934839
234.20,0.946905
234.21,0.643750
234.22,0.661060
234.23,0.530216
234.24,0.748491
234.25,0.679790
234.26,0.865173
234.27,0.744213
234.28,0.695683
234.29,0.584077
234.30,0.552335
234.31,0.600870
234.33,0.617674
234.34,0.622049
234.35,0.604670
234.36,0.564954
234.37,0.553996
234.38,0.589136
234.39,0.598974
234.40,0.611786
234.41,0.609540
234.42,0.628310
234.43,0.601982
234.44,0.523487
234.45,0.549085
234.46,0.526613
234.47,0.572085
234.49,0.655401
234.50,0.512968
234.51,0.681796
234.52,0.693755
234.53,0.483335
234.54,0.566993
234.55,0.604948
234.56,0.486537
234.57,0.485354
234.58,0.444153
234.59,0.466136
234.60,0.390939
234.61,0.390218
234.62,0.405137
234.63,0.408628
234.65,0.417319
234.66,0.522006
234.67,1.088730
234.68,1.817169
234.69,1.992185
234.70,1.550980
234.71,1.772068
234.72,1.479053
234.73,1.047085
234.74,1.127582
234.75,0.903593
234.76,0.869359
234.77,0.965528
234.78,0.843833
234.79,0.733597
234.81,0.825819
234.82,0.733749
234.83,0.794794
234.84,0.721303
234.85,0.498432
234.86,0.545542
234.87,0.521491
234.88,0.516578
234.89,0.520793
234.90,0.511439
234.91,0.546706
234.92,0.582418
234.93,0.620907
234.94,0.513192
234.95,0.512500
234.97,0.557508
234.98,0.545012
234.99,0.554623
235.00,0.522712
235.01,0.497810
235.02,0.440311
235.03,0.400005
235.04,0.335916
235.05,0.337662
235.06,0.392481
235.07,0.411592
235.08,0.370716
235.09,0.363248
235.10,0.382403
235.11,0.406345
235.13,0.358730
235.14,0.372434
235.15,0.388206
235.16,0.541620
235.17,0.866084
235.18,1.373756
235.19,1.610536
235.20,1.552426
235.21,1.508841
235.22,1.252966
235.23,1.490672
235.24,1.437053
235.25,1.453600
235.26,1.343172
235.27,1.034027
235.29,0.831047
235.30,0.605233
235.31,0.658475
235.32,0.760402
235.33,0.821428
235.34,0.690047
235.35,0.640151
235.36,0.765114
235.37,0.932990
235.38,1.088830
235.39,2.084832
235.40,2.221745
235.41,1.695585
235.42,1.804389
235.43,1.277453
235.45,0.933454
235.46,0.761880
235.47,0.850772
235.48,1.440714
235.49,1.620975
235.50,1.594147
235.51,1.822161
235.52,1.446307
235.53,1.130177
235.54,0.898077
235.55,0.649218
235.56,1.014510
235.57,1.222857
235.58,1.440227
235.59,1.617883
235.61,1.190954
235.62,1.023263
235.63,0.873202
235.64,0.700336
235.65,0.817190
235.66,0.929832
235.67,1.560681
235.68,1.579370
235.69,1.141650
235.70,1.110484
235.71,0.925684
235.72,0.735831
235.73,0.817639
235.74,0.922787
235.75,0.979298
235.77,0.823466
235.78,0.680449
235.79,0.684026
235.80,0.830959
235.81,0.564081
235.82,0.730085
235.83,0.659870
235.84,0.502180
235.85,0.602866
235.86,0.497528
235.87,0.495365
235.88,0.528765
235.89,0.470358
235.90,0.522123
235.91,0.487811
235.93,0.399047
235.94,0.462057
235.95,0.442914
235.96,0.363484
235.97,0.367877
235.98,0.350922
235.99,0.317525
236.00,0.346149
236.01,0.345806
236.02,0.429832
236.03,0.464602
236.04,0.407151
236.05,0.436090
236.06,0.393589
236.07,0.406231
236.09,0.408943
236.10,0.433550
236.11,0.420180
236.12,0.434375
236.13,0.454753
236.14,0.441170
236.15,0.703884
236.16,0.949223
236.17,0.852666
236.18,0.816805
236.19,0.869716
236.20,0.951759
236.21,0.984940
236.22,0.861906
236.23,0.966764
236.25,0.864961
236.26,0.960603
236.27,0.815788
236.28,1.155485
236.29,1.570546
236.30,1.105861
236.31,1.130058
236.32,1.211071
236.33,1.232800
236.34,1.302777
236.35,0.986038
236.36,0.970598
236.37,0.899020
236.38,1.098694
236.39,1.225029
236.41,1.409433
236.42,1.303021
236.43,1.519782
236.44,0.933573
236.45,0.963361
236.46,0.718824
236.47,0.739373
236.48,1.039107
236.49,1.028728
236.50,1.345582
236.51,1.476818
236.52,1.012958
236.53,0.995341
236.54,0.603747
236.55,0.547447
236.57,0.523889
236.58,0.576593
236.59,0.829272
236.60,0.886976
236.61,0.856034
236.62,0.866095
236.63,0.964861
236.64,1.656063
236.65,1.984200
236.66,1.870165
236.67,1.590971
236.68,1.859264
236.69,1.409042
236.70,1.263096
236.71,1.245238
236.73,1.148511
236.74,1.262609
236.75,1.155614
236.76,1.030841
236.77,1.009098
236.78,0.967771
236.79,0.983704
236.80,0.922454
236.81,0.967146
236.82,0.846961
236.83,0.945576
236.84,1.044778
236.85,0.980407
236.86,0.854945
236.87,0.813316
236.89,0.740546
236.90,0.798963
236.91,0.719807
236.92,0.739101
236.93,0.546356
236.94,0.596475
236.95,0.606847
236.96,0.557641
236.97,0.587975
236.98,0.440195
236.99,0.477666
237.00,0.434738
237.01,0.370752
237.02,0.388625
237.03,0.413343
237.05,0.432551
237.06,0.394531
237.07,0.334998
237.08,0.355356
237.09,0.335681
237.10,0.328787
237.11,0.369871
237.12,0.387727
237.13,0.636514
237.14,0.954520
237.15,1.168260
237.16,1.022133
237.17,0.960190
237.18,0.990378
237.19,0.929733
237.21,0.898307
237.22,1.182105
237.23,1.188686
237.24,1.003731
237.25,0.863227
237.26,0.625235
237.27,0.684346
237.28,0.722310
237.29,0.800785
237.30,0.837483
237.31,0.699200
237.32,0.918758
237.33,0.895112
237.34,1.135570
237.35,1.438577
237.37,1.353688
237.38,1.717712
237.39,1.459104
237.40,1.007665
237.41,0.840889
237.42,0.566768
237.43,0.818092
237.44,1.364842
237.45,1.253721
237.46,1.959715
237.47,1.835278
237.48,1.156697
237.49,1.068390
237.50,0.631471
237.51,0.651113
237.53,0.872552
237.54,0.909619
237.55,1.441692
237.56,1.178060
237.57,1.172985
237.58,0.935299
237.59,0.609522
237.60,0.409325
237.61,0.531043
237.62,0.944904
237.63,1.295222
237.64,1.534954
237.65,1.409434
237.66,0.928284
237.67,1.049020
237.69,1.081027
237.70,1.072447
237.71,1.074710
237.72,1.091422
237.73,1.114679
237.74,1.504823
237.75,1.412942
237.76,1.055862
237.77,0.882994
237.78,0.940702
237.79,1.394579
237.80,1.734901
237.81,1.503125
237.82,1.741404
237.83,1.307808
237.85,1.696001
237.86,1.487398
237.87,1.538589
237.88,1.497970
237.89,1.731672
237.90,1.330627
237.91,1.493095
237.92,1.286980
237.93,1.465538
237.94,1.183649
237.95,1.281505
237.96,1.288159
237.97,1.362019
237.98,1.072704
237.99,1.181209
238.01,1.129588
238.02,1.140068
238.03,1.013405
238.04,1.022899
238.05,1.079393
238.06,1.074551
238.07,0.947415
238.08,1.032154
238.09,1.047462
238.10,1.027006
238.11,0.988901
238.12,1.052278
238.13,0.973402
238.14,1.059924
238.15,0.876377
238.17,1.095895
238.18,1.013084
238.19,0.857175
238.20,0.829782
238.21,0.839685
238.22,0.749840
238.23,0.696163
238.24,0.752315
238.25,0.771734
238.26,0.801640
238.27,0.580501
238.28,0.714966
238.29,0.734083
238.30,0.712317
238.31,0.520756
238.33,0.735299
238.34,0.807169
238.35,0.760065
238.36,0.564089
238.37,0.712638
238.38,0.719546
238.39,0.776802
238.40,0.621923
238.41,0.644360
238.42,0.674650
238.43,0.635973
238.44,0.555607
238.45,0.554741
238.46,0.659522
238.47,0.676267
238.49,0.580224
238.50,0.632126
238.51,0.724605
238.52,0.640092
238.53,0.576324
238.54,0.522405
238.55,0.665565
238.56,0.595618
238.57,0.526070
238.58,0.623471
238.59,0.787059
238.60,1.631164
238.61,2.030683
238.62,2.132656
238.63,1.419445
238.65,1.475180
238.66,1.304065
238.67,1.123132
238.68,0.967620
238.69,1.112687
238.70,0.983041
238.71,0.832965
238.72,0.798010
238.73,0.820141
238.74,0.851186
238.75,0.841066
238.76,0.723079
238.77,0.717586
238.78,0.693621
238.79,0.653036
238.81,0.713636
238.82,0.699401
238.83,0.652218
238.84,0.612633
238.85,0.588668
238.86,0.534980
238.87,0.484337
238.88,0.469693
238.89,0.501659
238.90,0.513743
238.91,0.480317
238.92,0.568598
238.93,0.600146
238.94,0.530122
238.95,0.489651
238.97,0.387536
238.98,0.324660
238.99,0.326429
239.00,0.347944
239.01,0.408646
239.02,0.422797
239.03,0.414104
239.04,0.363092
239.05,0.305458
239.06,0.334444
239.07,0.406424
239.08,0.443633
239.09,0.516202
239.10,1.014236
239.11,1.151841
239.13,0.972420
239.14,1.555650
239.15,1.564665
239.16,1.053670
239.17,1.260498
239.18,1.065074
239.19,1.143835
239.20,1.042433
239.21,1.026252
239.22,1.099312
239.23,1.190246
239.24,1.366559
239.25,1.219790
239.26,0.946217
239.27,0.729456
239.29,1.074871
239.30,1.389388
239.31,1.264276
239.32,1.356601
239.33,1.121461
239.34,1.377359
239.35,1.260141
239.36,1.157880
239.37,1.256088
239.38,1.307796
239.39,1.191016
239.40,1.154441
239.41,1.059047
239.42,1.313099
239.43,1.130794
239.45,1.247936
239.46,1.304444
239.47,1.314745
239.48,1.254431
239.49,1.243285
239.50,1.166054
239.51,0.994478
239.52,1.031267
239.53,0.983871
239.54,1.163002
239.55,1.001074
239.56,1.053452
239.57,1.113559
239.58,1.052872
239.59,1.025571
239.61,1.206402
239.62,0.938273
239.63,0.949032
239.64,0.863897
239.65,1.127774
239.66,1.083946
239.67,0.858054
239.68,0.822447
239.69,0.775606
239.70,0.844280
239.71,0.904595
239.72,0.667226
239.73,0.595376
239.74,0.685268
239.75,0.677853
239.77,0.602948
239.78,0.488290
239.79,0.494310
239.80,0.629135
239.81,0.625789
239.82,0.473077
239.83,0.540820
239.84,0.555302
239.85,0.471713
239.86,0.404276
239.87,0.393630
239.88,0.408789
239.89,0.443162
239.90,0.309956
239.91,0.374183
239.93,0.377136
239.94,0.345315
239.95,0.303820
239.96,0.327590
239.97,0.295437
239.98,0.308429
239.99,0.250550
240.00,0.268471
240.01,0.285038
240.02,0.289218
240.03,0.255665
240.04,0.280195
240.05,0.282209
240.06,0.338868
240.07,0.334129
240.09,0.720067
240.10,1.184593
240.11,1.098519
240.12,0.940532
240.13,1.319248
240.14,0.969849
240.15,1.004596
240.16,0.994477
240.17,1.046037
240.18,0.977180
240.19,0.855334
240.20,0.920737
240.21,0.766482
240.22,1.101761
240.23,1.349747
240.25,1.348344
240.26,1.388547
240.27,1.794728
240.28,1.121436
240.29,1.555224
240.30,1.189018
240.31,0.994871
240.32,0.992679
240.33,1.251647
240.34,1.327716
240.35,1.049832
240.36,0.829780
240.37,1.022221
240.38,0.897661
240.39,0.681811
240.41,0.661318
240.42,0.852290
240.43,0.973089
240.44,0.806315
240.45,0.602446
240.46,0.767071
240.47,0.771314
240.48,0.560281
240.49,0.585633
240.50,0.536244
240.51,0.544027
240.52,0.503426
240.53,0.514454
240.54,0.672221
240.55,0.787812
240.57,0.669699
240.58,1.711430
240.59,2.243199
240.60,1.692751
240.61,1.666459
240.62,2.019666
240.63,1.641496
240.64,1.546893
240.65,1.564437
240.66,1.420363
240.67,1.358723
240.68,1.035223
240.69,1.081655
240.70,1.035217
240.71,1.169192
240.73,1.118142
240.74,1.021959
240.75,0.966160
240.76,1.006628
240.77,0.990431
240.78,1.107102
240.79,1.023213
240.80,0.911764
240.81,0.884769
240.82,0.900081
240.83,0.971378
240.84,0.912965
240.85,0.884176
240.86,0.871262
240.87,0.871009
240.89,0.845211
240.90,0.832105
240.91,0.813570
240.92,0.808814
240.93,0.824150
240.94,0.800948
240.95,0.728396
240.96,0.711934
240.97,0.712903
240.98,0.677501
240.99,0.749503
241.00,0.720499
241.01,0.733029
241.02,0.654046
241.03,0.695672
241.05,0.714407
241.06,0.697875
241.07,0.703203
241.08,0.772202
241.09,0.802405
241.10,0.750008
241.11,0.680322
241.12,0.713449
241.13,0.754574
241.14,0.756308
241.15,0.793241
241.16,0.737275
241.17,0.762080
241.18,0.794983
241.19,0.865147
241.21,0.883007
241.22,0.950899
241.23,0.894331
241.24,0.840427
241.25,0.864266
241.26,0.668528
241.27,0.701545
241.28,0.779558
241.29,0.840953
241.30,0.867426
241.31,0.861169
241.32,0.799219
241.33,0.753666
241.34,0.624434
241.35,0.632486
241.37,0.695522
241.38,0.703669
241.39,0.723294
241.40,0.719405
241.41,0.694258
241.42,0.700912
241.43,0.628749
241.44,0.655841
241.45,0.603060
241.46,0.628206
241.47,0.700074
241.48,0.643409
241.49,0.579451
241.50,0.602955
241.51,0.610704
241.53,0.576851
241.54,0.555727
241.55,0.597854
241.56,0.771736
241.57,1.352042
241.58,1.553144
241.59,1.473982
241.60,1.140108
241.61,1.135964
241.62,0.930214
241.63,0.805006
241.64,0.992329
241.65,1.130644
241.66,1.356238
241.67,1.134856
241.69,1.425332
241.70,1.121632
241.71,1.066000
241.72,1.225752
241.73,1.569132
241.74,1.538592
241.75,1.418121
241.76,1.653062
241.77,1.221778
241.78,1.568268
241.79,1.224985
241.80,1.138289
241.81,1.144009
241.82,1.071047
241.83,1.077218
241.85,1.038394
241.86,1.266713
241.87,0.951646
241.88,1.221772
241.89,0.801742
241.90,1.113762
241.91,1.018402
241.92,1.463080
241.93,1.307626
241.94,1.535091
241.95,1.182829
241.96,1.145154
241.97,1.069081
241.98,0.915546
241.99,1.069267
242.01,0.872275
242.02,1.122485
242.03,0.823063
242.04,0.630103
242.05,0.659477
242.06,0.798349
242.07,0.848908
242.08,0.843730
242.09,0.705390
242.10,0.816043
242.11,0.752881
242.12,0.643276
242.13,0.639993
242.14,0.611335
242.15,0.653547
242.17,0.662947
242.18,0.585698
242.19,0.577317
242.20,0.564915
242.21,0.578432
242.22,0.561173
242.23,0.550640
242.24,0.624330
242.25,0.548802
242.26,0.664971
242.27,0.654557
242.28,0.605667
242.29,0.587096
242.30,0.536647
242.31,0.672448
242.33,0.551440
242.34,0.555582
242.35,0.620944
242.36,0.588195
242.37,0.677176
242.38,0.645630
242.39,0.614758
242.40,0.640285
242.41,0.691784
242.42,0.714451
242.43,0.668721
242.44,0.652259
242.45,0.707577
242.46,0.670731
242.47,0.734203
242.49,0.555184
242.50,0.606603
242.51,0.702247
242.52,0.602477
242.53,0.719136
242.54,1.296882
242.55,2.001217
242.56,2.090134
242.57,1.586740
242.58,1.539879
242.59,1.253866
242.60,1.226754
242.61,1.220207
242.62,1.031011
242.63,0.886255
242.65,0.943619
242.66,0.864996
242.67,0.754666
242.68,0.833815
242.69,0.945590
242.70,0.933381
242.71,0.785814
242.72,0.693585
242.73,0.656438
242.74,0.667580
242.75,0.628263
242.76,0.630574
242.77,0.620643
242.78,0.600440
242.79,0.597919
242.81,0.531363
242.82,0.503795
242.83,0.468397
242.84,0.422552
242.85,0.434636
242.86,0.492831
242.87,0.468691
242.88,0.453546
242.89,0.421929
242.90,0.418276
242.91,0.417442
242.92,0.384339
242.93,0.388324
242.94,0.405473
242.95,0.399739
242.97,0.419498
242.98,0.372267
242.99,0.382686
243.00,0.390152
243.01,0.392364
243.02,0.395232
243.03,0.547583
243.04,0.891585
243.05,1.295212
243.06,1.145018
243.07,1.246366
243.08,1.135816
243.09,1.038107
243.10,1.125094
243.11,1.359212
243.13,0.930749
243.14,1.289237
243.15,1.594116
243.16,2.041025
243.17,1.623432
243.18,1.429339
243.19,1.722425
243.20,1.763413
243.21,1.745200
243.22,1.121940
243.23,1.248173
243.24,0.736968
243.25,0.653500
243.26,1.150547
243.27,1.647338
243.29,1.365902
243.30,1.889047
243.31,1.184500
243.32,0.798172
243.33,0.874812
243.34,1.012161
243.35,1.408080
243.36,1.388274
243.37,1.271840
243.38,1.227240
243.39,1.259428
243.40,0.716102
243.41,0.916443
243.42,1.093816
243.43,1.283162
243.45,1.651414
243.46,1.536093
243.47,0.851187
243.48,0.746910
243.49,0.717450
243.50,1.073048
243.51,1.290880
243.52,1.090015
243.53,1.201398
243.54,1.076355
243.55,0.760658
243.56,0.643317
243.57,1.012617
243.58,1.009065
243.59,1.379520
243.61,1.075367
243.62,0.906415
243.63,0.699879
243.64,0.801026
243.65,0.862831
243.66,0.691229
243.67,0.640900
243.68,0.665526
243.69,0.680559
243.70,0.675776
243.71,0.697809
243.72,0.720635
243.73,0.712959
243.74,0.575651
243.75,0.507928
243.77,0.516878
243.78,0.548208
243.79,0.526725
243.80,0.505199
243.81,0.506171
243.82,0.460523
243.83,0.438477
243.84,0.391045
243.85,0.388431
243.86,0.358130
243.87,0.313301
243.88,0.302471
243.89,0.299937
243.90,0.271646
243.91,0.295834
243.93,0.317521
243.94,0.308509
243.95,0.277986
243.96,0.274384
243.97,0.274236
243.98,0.260095
243.99,0.333700
244.00,0.357490
244.01,0.432313
244.02,0.701751
244.03,0.952630
244.04,0.967054
244.05,0.887793
244.06,0.871317
244.07,0.901251
244.09,1.056915
244.10,1.051206
244.11,0.871461
244.12,0.819689
244.13,0.959783
244.14,1.344157
244.15,1.138929
244.16,1.156198
244.17,1.682945
244.18,1.505260
244.19,1.029706
244.20,0.865246
244.21,0.929149
244.22,0.503783
244.23,0.789930
244.25,1.433242
244.26,1.857601
244.27,1.392544
244.28,1.825643
244.29,1.027023
244.30,0.682786
244.31,0.727266
244.32,1.107799
244.33,1.492320
244.34,1.761877
244.35,1.041566
244.36,1.124512
244.37,0.678083
244.38,0.296587
244.39,1.019105
244.41,1.105326
244.42,1.113281
244.43,1.295864
244.44,1.047147
244.45,0.541618
244.46,0.464885
244.47,0.578989
244.48,1.076358
244.49,1.309851
244.50,1.377270
244.51,1.971532
244.52,1.929290
244.53,1.778465
244.54,1.747945
244.55,1.761719
244.57,1.710516
244.58,1.601569
244.59,1.350813
244.60,1.336191
244.61,1.463834
244.62,1.254813
244.63,1.259630
244.64,1.275005
244.65,1.343611
244.66,1.329192
244.67,1.297982
244.68,1.163818
244.69,1.308019
244.70,1.170021
244.71,1.128170
244.73,1.038633
244.74,0.890958
244.75,1.171312
244.76,1.246052
244.77,1.301298
244.78,1.164728
244.79,0.930054
244.80,0.860579
244.81,0.986574
244.82,1.068689
244.83,0.953437
244.84,0.803388
244.85,0.859159
244.86,0.994486
244.87,0.914673
244.89,0.866716
244.90,0.791275
244.91,0.692435
244.92,0.719124
244.93,0.741377
244.94,0.625300
244.95,0.616538
244.96,0.603165
244.97,0.676211
244.98,0.730259
244.99,0.600018
245.00,0.587772
245.01,0.720069
245.02,0.898004
245.03,1.006914
245.05,1.117169
245.06,0.969128
245.07,0.977813
245.08,0.888308
245.09,1.369918
245.10,1.276362
245.11,1.085481
245.12,1.062343
245.13,1.024721
245.14,0.908794
245.15,1.076926
245.16,0.895993
245.17,1.179402
245.18,0.926149
245.19,0.808018
245.21,1.140790
245.22,0.989671
245.23,0.887349
245.24,0.818681
245.25,0.960903
245.26,0.949294
245.27,0.897924
245.28,0.769172
245.29,1.132884
245.30,1.187141
245.31,0.940353
245.32,0.868416
245.33,0.817109
245.34,0.782375
245.35,0.968314
245.37,0.765125
245.38,1.035481
245.39,1.074180
245.40,0.797626
245.41,1.091898
245.42,0.798042
245.43,0.752575
245.44,0.813636
245.45,0.765863
245.46,1.110715
245.47,1.098105
245.48,0.845747
245.49,1.306934
245.50,1.261628
245.51,1.045810
245.53,0.928626
245.54,1.159350
245.55,1.290551
245.56,1.624802
245.57,1.193804
245.58,1.245895
245.59,1.010021
245.60,0.953650
245.61,0.925515
245.62,1.352217
245.63,1.126819
245.64,1.013788
245.65,1.179697
245.66,1.532063
245.67,1.313787
245.69,1.261671
245.70,1.332942
245.71,1.086739
245.72,1.587057
245.73,1.475935
245.74,1.564927
245.75,1.535385
245.76,1.225654
245.77,1.092026
245.78,0.750474
245.79,0.765618
245.80,0.586663
245.81,0.643469
245.82,0.921227
245.83,0.844360
245.85,1.375339
245.86,1.331182
245.87,1.460907
245.88,1.573074
245.89,1.030323
245.90,1.327188
245.91,0.916282
245.92,0.758719
245.93,0.618032
245.94,0.475032
245.95,0.529435
245.96,0.885390
245.97,1.124550
245.98,0.921398
245.99,1.354187
246.01,1.047413
246.02,1.061062
246.03,1.160078
246.04,0.768292
246.05,0.694696
246.06,0.728192
246.07,0.700126
246.08,0.628757
246.09,0.898784
246.10,0.737224
246.11,0.679564
246.12,0.814505
246.13,0.877787
246.14,0.907269
246.15,0.929546
246.17,0.930563
246.18,0.832062
246.19,0.953471
246.20,0.835144
246.21,0.943433
246.22,0.829812
246.23,0.916515
246.24,0.921242
246.25,0.864636
246.26,0.770021
246.27,0.709679
246.28,0.761210
246.29,0.641935
246.30,0.719843
246.31,0.636944
246.33,0.707147
246.34,0.610851
246.35,0.665833
246.36,0.724147
246.37,0.657321
246.38,0.618602
246.39,0.643625
246.40,0.699198
246.41,0.540718
246.42,0.697022
246.43,0.555975
246.44,0.608527
246.45,0.656135
246.46,0.682010
246.47,1.559062
246.49,1.869323
246.50,2.043570
246.51,1.619226
246.52,1.575097
246.53,1.539228
246.54,1.185759
246.55,1.188309
246.56,1.025521
246.57,0.935722
246.58,1.016314
246.59,1.029425
246.60,0.873268
246.61,0.900258
246.62,0.847910
246.63,0.684556
246.65,0.713469
246.66,0.669514
246.67,0.544941
246.68,0.613064
246.69,0.639696
246.70,0.612759
246.71,0.600318
246.72,0.616273
246.73,0.624514
246.74,0.574381
246.75,0.459636
246.76,0.421279
246.77,0.392665
246.78,0.477200
246.79,0.440209
246.81,0.402036
246.82,0.420753
246.83,0.434753
246.84,0.411039
246.85,0.378795
246.86,0.397554
246.87,0.458191
246.88,0.456694
246.89,0.404776
246.90,0.412751
246.91,0.388418
246.92,0.378916
246.93,0.419090
246.94,0.473490
246.95,0.497527
246.97,0.701188
246.98,0.962059
246.99,1.194435
247.00,0.964511
247.01,1.161059
247.02,1.132322
247.03,1.595557
247.04,1.261921
247.05,1.007783
247.06,1.191654
247.07,0.988134
247.08,1.107022
247.09,1.342235
247.10,1.517346
247.11,1.144596
247.13,1.687062
247.14,1.639915
247.15,1.214409
247.16,1.678496
247.17,1.699785
247.18,1.346544
247.19,1.715855
247.20,1.538886
247.21,1.722560
247.22,1.363978
247.23,1.370302
247.24,1.142441
247.25,0.864664
247.26,0.709093
247.27,0.491550
247.29,0.666393
247.30,0.927522
247.31,0.911194
247.32,1.206168
247.33,1.052729
247.34,1.270552
247.35,1.123488
247.36,1.191358
247.37,1.492635
247.38,0.923701
247.39,0.841083
247.40,0.513317
247.41,0.368177
247.42,0.406141
247.43,0.656700
247.45,0.824045
247.46,0.930400
247.47,1.279863
247.48,1.126190
247.49,1.301215
247.50,0.963961
247.51,0.576844
247.52,0.669059
247.53,0.405759
247.54,0.432693
247.55,0.506036
247.56,0.737558
247.57,0.893297
247.58,0.748256
247.59,0.618140
247.61,0.620596
247.62,0.567992
247.63,0.693032
247.64,0.613421
247.65,0.680053
247.66,0.670796
247.67,0.660318
247.68,0.797435
247.69,0.553219
247.70,0.697249
247.71,0.597725
247.72,0.466829
247.73,0.584441
247.74,0.540448
247.75,0.417247
247.77,0.430824
247.78,0.460384
247.79,0.331353
247.80,0.380810
247.81,0.353926
247.82,0.320293
247.83,0.279833
247.84,0.312968
247.85,0.294769
247.86,0.258331
247.87,0.277523
247.88,0.222443
247.89,0.254885
247.90,0.253658
247.91,0.309583
247.93,0.312560
247.94,0.352554
247.95,0.467131
247.96,0.845489
247.97,1.245537
247.98,1.169681
247.99,1.216113
248.00,0.852406
248.01,0.908774
248.02,0.779950
248.03,0.991121
248.04,0.884409
248.05,1.166982
248.06,1.063325
248.07,1.042839
248.09,1.152264
248.10,1.026972
248.11,0.535508
248.12,0.436551
248.13,0.412816
248.14,0.550717
248.15,0.383163
248.16,0.643677
248.17,0.830727
248.18,1.372294
248.19,1.586465
248.20,1.592600
248.21,2.133404
248.22,1.370437
248.23,1.635575
248.25,1.321783
248.26,1.425568
248.27,1.062925
248.28,0.610193
248.29,0.478533
248.30,0.509800
248.31,0.711501
248.32,0.708312
248.33,1.089849
248.34,1.366346
248.35,1.069954
248.36,1.484956
248.37,1.208424
248.38,1.352674
248.39,1.129023
248.41,0.835592
248.42,0.720806
248.43,0.687565
248.44,1.235207
248.45,1.892398
248.46,2.018248
248.47,1.609415
248.48,1.375833
248.49,1.538253
248.50,1.138181
248.51,0.955692
248.52,1.149418
248.53,1.133735
248.54,1.250164
248.55,1.115773
248.57,1.030524
248.58,1.050283
248.59,1.177649
248.60,1.065927
248.61,0.975407
248.62,0.991499
248.63,0.916321
248.64,0.944326
248.65,0.949772
248.66,0.807309
248.67,0.838138
248.68,0.881125
248.69,0.751018
248.70,0.805903
248.71,0.827296
248.73,0.768277
248.74,0.711663
248.75,0.784793
248.76,0.754505
248.77,0.687408
248.78,0.717967
248.79,0.713489
248.80,0.627286
248.81,0.650159
248.82,0.604586
248.83,0.572144
248.84,0.639552
248.85,0.639286
248.86,0.657034
248.87,0.608397
248.89,0.627850
248.90,0.609562
248.91,0.681911
248.92,0.706807
248.93,0.685263
248.94,0.668803
248.95,0.634752
248.96,0.631740
248.97,0.604743
248.98,0.664609
248.99,0.598643
249.00,0.734033
249.01,0.700861
249.02,0.695056
249.03,0.593703
249.05,0.612642
249.06,0.617318
249.07,0.595141
249.08,0.601130
249.09,0.595502
249.10,0.586002
249.11,0.576619
249.12,0.612313
249.13,0.500891
249.14,0.501757
249.15,0.558704
249.16,0.498413
249.17,0.514000
249.18,0.491839
249.19,0.548025
249.21,0.512509
249.22,0.514166
249.23,0.537197
249.24,0.514504
249.25,0.572449
249.26,0.501240
249.27,0.501584
249.28,0.499163
249.29,0.458316
249.30,0.470874
249.31,0.473542
249.32,0.570738
249.33,0.408163
249.34,0.494111
249.35,0.455341
249.37,0.472428
249.38,0.496128
249.39,0.557983
249.40,0.651039
249.41,0.695262
249.42,0.779614
249.43,1.138001
249.44,1.327702
249.45,1.438534
249.46,1.415503
249.47,1.256774
249.48,0.926499
249.49,1.153493
249.50,1.000909
249.51,1.000365
249.53,1.199727
249.54,1.250236
249.55,1.327575
249.56,1.813707
249.57,1.573275
249.58,1.249045
249.59,1.086948
249.60,1.172997
249.61,1.076037
249.62,0.760145
249.63,0.744360
249.64,0.787830
249.65,0.933265
249.66,0.992620
249.67,1.299088
249.69,1.038609
249.70,1.425326
249.71,1.412345
249.72,1.521651
249.73,1.688748
249.74,1.593954
249.75,1.773818
249.76,1.425711
249.77,1.476617
249.78,1.193021
249.79,1.255653
249.80,1.058883
249.81,1.456738
249.82,1.040309
249.83,1.078051
249.85,0.910977
249.86,0.661244
249.87,0.654288
249.88,0.538211
249.89,0.567286
249.90,0.688051
249.91,0.728285
249.92,0.803952
249.93,1.003275
249.94,0.888616
249.95,1.022850
249.96,1.009440
249.97,1.168229
249.98,1.148094
249.99,1.260620
250.01,1.167559
250.02,0.992629
250.03,0.879954
250.04,0.712066
250.05,0.758218
250.06,0.668420
250.07,0.702827
250.08,0.734242
250.09,0.733372
250.10,0.950990
250.11,0.773534
250.12,0.846897
250.13,0.661656
250.14,0.581425
250.15,0.663443
250.17,0.713048
250.18,0.986520
250.19,0.889218
250.20,0.713958
250.21,0.688398
250.22,0.671051
250.23,0.704561
250.24,0.762737
250.25,0.661383
250.26,0.745134
250.27,0.593353
250.28,0.683972
250.29,0.600163
250.30,0.587567
250.31,0.691789
250.33,0.528473
250.34,0.637073
250.35,0.519260
250.36,0.501729
250.37,0.543182
250.38,0.617038
250.39,0.637824
250.40,0.695856
250.41,1.397820
250.42,1.824941
250.43,1.599440
250.44,1.524715
250.45,1.616138
250.46,1.316714
250.47,1.282437
250.49,1.261934
250.50,0.931919
250.51,0.777560
250.52,0.778777
250.53,0.863098
250.54,0.745252
250.55,0.905865
250.56,0.825182
250.57,0.615670
250.58,0.687342
250.59,0.629402
250.60,0.584660
250.61,0.532695
250.62,0.495755
250.63,0.573715
250.65,0.521214
250.66,0.529292
250.67,0.502263
250.68,0.396094
250.69,0.413743
250.70,0.380715
250.71,0.362891
250.72,0.316663
250.73,0.328399
250.74,0.403836
250.75,0.355637
250.76,0.308555
250.77,0.353578
250.78,0.336166
250.79,0.295657
250.81,0.328567
250.82,0.372506
250.83,0.342702
250.84,0.315313
250.85,0.388879
250.86,0.435459
250.87,0.418289
250.88,0.409398
250.89,0.419196
250.90,0.622344
250.91,1.041818
250.92,1.121727
250.93,1.007511
250.94,0.998680
250.95,1.037607
250.97,1.426299
250.98,1.312703
250.99,1.380760
251.00,0.966076
251.01,1.154339
251.02,1.167811
251.03,0.729263
251.04,0.708654
251.05,1.071989
251.06,1.205549
251.07,1.569405
251.08,1.715719
251.09,1.383625
251.10,1.868712
251.11,1.722585
251.13,1.788137
251.14,1.698325
251.15,1.525433
251.16,1.656492
251.17,1.076507
251.18,1.203997
251.19,0.783226
251.20,0.675062
251.21,0.612768
251.22,0.638416
251.23,0.614575
251.24,0.621863
251.25,0.709216
251.26,0.730642
251.27,0.833306
251.29,0.835753
251.30,0.817318
251.31,0.842814
251.32,1.013848
251.33,0.998614
251.34,1.206760
251.35,0.964074
251.36,1.286861
251.37,1.052388
251.38,1.044027
251.39,0.995799
251.40,0.929768
251.41,1.018337
251.42,0.623816
251.43,0.601665
251.45,0.709270
251.46,0.597926
251.47,0.558183
251.48,0.568702
251.49,0.646548
251.50,0.712756
251.51,0.642903
251.52,0.575690
251.53,0.726049
251.54,0.820534
251.55,0.854301
251.56,0.800422
251.57,0.821051
251.58,0.823022
251.59,0.608928
251.61,0.653329
251.62,0.672522
251.63,0.657025
251.64,0.647570
251.65,0.719021
251.66,0.650092
251.67,0.592121
251.68,0.569784
251.69,0.505585
251.70,0.505552
251.71,0.485937
251.72,0.598201
251.73,0.571209
251.74,0.497582
251.75,0.499955
251.77,0.458689
251.78,0.431230
251.79,0.451443
251.80,0.432055
251.81,0.456337
251.82,0.461445
251.83,0.427314
251.84,0.452185
251.85,0.502670
251.86,0.496614
251.87,0.569486
251.88,0.759763
251.89,1.107512
251.90,1.409245
251.91,1.493328
251.93,1.175555
251.94,1.207236
251.95,1.655057
251.96,1.249100
251.97,1.324918
251.98,1.159881
251.99,1.288498
252.00,1.095043
252.01,0.966019
252.02,0.855091
252.03,0.877920
252.04,1.175757
252.05,1.270424
252.06,1.504838
252.07,1.402991
252.09,1.940848
252.10,1.360361
252.11,1.630223
252.12,1.222990
252.13,1.154932
252.14,1.402645
252.15,1.320470
252.16,1.329240
252.17,1.329389
252.18,1.015719
252.19,0.887060
252.20,0.928128
252.21,0.769423
252.22,0.742321
252.23,0.742703
252.25,0.826563
252.26,0.804207
252.27,0.810696
252.28,0.788514
252.29,0.835802
252.30,0.544355
252.31,0.955511
252.32,1.032380
252.33,0.767855
252.34,1.128945
252.35,1.225354
252.36,1.028333
252.37,1.602168
252.38,1.740626
252.39,2.181412
252.41,1.648313
252.42,1.591835
252.43,1.561160
252.44,1.230441
252.45,1.246370
252.46,1.343139
252.47,1.038602
252.48,1.061993
252.49,1.172050
252.50,1.292250
252.51,1.289880
252.52,1.092193
252.53,1.309956
252.54,0.941085
252.55,1.091802
252.57,0.952414
252.58,1.029960
252.59,1.042907
252.60,0.978658
252.61,0.862024
252.62,0.933695
252.63,0.742029
252.64,0.720808
252.65,0.582931
252.66,0.599225
252.67,0.594044
252.68,0.636179
252.69,0.824452
252.70,0.821340
252.71,0.906591
252.73,0.634447
252.74,0.551230
252.75,0.586133
252.76,0.532201
252.77,0.513927
252.78,0.523381
252.79,0.505653
252.80,0.435858
252.81,0.423443
252.82,0.457807
252.83,0.439510
252.84,0.428238
252.85,0.449151
252.86,0.568694
252.87,0.853222
252.89,1.278570
252.90,1.328804
252.91,0.975950
252.92,1.146411
252.93,1.309142
252.94,1.378979
252.95,0.964959
252.96,0.965157
252.97,1.172802
252.98,1.180396
252.99,1.136625
253.00,1.248365
253.01,0.970881
253.02,0.974804
253.03,1.093833
253.05,0.970460
253.06,1.322392
253.07,1.002491
253.08,0.817313
253.09,0.875706
253.10,1.118286
253.11,1.077717
253.12,1.027145
253.13,1.026932
253.14,0.979085
253.15,1.129968
253.16,1.050646
253.17,1.255598
253.18,1.379119
253.19,1.518211
253.21,1.290727
253.22,1.695423
253.23,1.131340
253.24,1.622950
253.25,1.087189
253.26,1.200374
253.27,0.927075
253.28,1.120146
253.29,0.967715
253.30,1.017924
253.31,0.942753
253.32,1.028781
253.33,0.729267
253.34,0.581591
253.35,0.642757
253.37,1.106939
253.38,1.324038
253.39,1.683429
253.40,1.650419
253.41,1.352416
253.42,1.535174
253.43,1.532194
253.44,1.496107
253.45,1.181531
253.46,1.392603
253.47,1.184957
253.48,1.250906
253.49,1.486531
253.50,1.099985
253.51,0.936235
253.53,1.102275
253.54,1.074768
253.55,1.438360
253.56,1.012559
253.57,1.151730
253.58,1.064418
253.59,0.961740
253.60,1.027767
253.61,1.064992
253.62,1.125248
253.63,1.091936
253.64,1.189540
253.65,1.183790
253.66,1.145405
253.67,1.353010
253.69,1.492717
253.70,1.382118
253.71,1.376278
253.72,1.415876
253.73,1.329542
253.74,1.351727
253.75,1.511887
253.76,1.553416
253.77,1.212898
253.78,1.190384
253.79,1.114922
253.80,1.025820
253.81,0.904256
253.82,0.854294
253.83,0.909697
253.85,0.803755
253.86,0.829057
253.87,1.005015
253.88,0.793110
253.89,0.741309
253.90,0.875197
253.91,0.872962
253.92,0.914013
253.93,1.125683
253.94,1.248311
253.95,0.986817
253.96,1.152732
253.97,0.986967
253.98,0.906655
253.99,1.009095
254.01,1.009338
254.02,0.889603
254.03,0.939403
254.04,1.127522
254.05,1.064938
254.06,0.866333
254.07,0.819618
254.08,0.629402
254.09,0.668162
254.10,0.766367
254.11,0.683171
254.12,0.888876
254.13,0.786301
254.14,0.803156
254.15,0.708708
254.17,0.696584
254.18,0.793581
254.19,0.675582
254.20,0.735295
254.21,0.808863
254.22,0.735785
254.23,0.751209
254.24,0.630188
254.25,0.732323
254.26,0.729670
254.27,0.609356
254.28,0.724324
254.29,0.627768
254.30,0.589873
254.31,0.602691
254.33,0.582663
254.34,0.681880
254.35,1.839608
254.36,2.311881
254.37,1.638993
254.38,1.498750
254.39,1.537039
254.40,1.210367
254.41,1.114683
254.42,1.009381
254.43,0.926036
254.44,0.923624
254.45,0.793513
254.46,0.756869
254.47,0.734192
254.49,0.785488
254.50,0.824350
254.51,0.820706
254.52,0.788525
254.53,0.692788
254.54,0.707527
254.55,0.653287
254.56,0.508673
254.57,0.513107
254.58,0.519911
254.59,0.584569
254.60,0.504310
254.61,0.440050
254.62,0.507692
254.63,0.487830
254.65,0.434170
254.66,0.436922
254.67,0.497815
254.68,0.427911
254.69,0.376537
254.70,0.371912
254.71,0.356386
254.72,0.340734
254.73,0.352479
254.74,0.323077
254.75,0.312947
254.76,0.311968
254.77,0.329031
254.78,0.340468
254.79,0.333464
254.81,0.347128
254.82,0.335277
254.83,0.390089
254.84,0.852134
254.85,1.154686
254.86,1.109306
254.87,0.969776
254.88,1.172155
254.89,1.506418
254.90,1.378788
254.91,1.004435
254.92,1.003218
254.93,0.847939
254.94,1.046381
254.95,1.104110
254.97,1.048721
254.98,1.044737
254.99,1.159344
255.00,1.063188
255.01,1.491804
255.02,1.673320
255.03,1.612099
255.04,2.023935
255.05,1.750313
255.06,1.679131
255.07,1.737553
255.08,1.406770
255.09,1.644604
255.10,1.218956
255.11,1.390202
255.13,1.049202
255.14,1.096725
255.15,1.050158
255.16,0.912035
255.17,0.847144
255.18,0.794118
255.19,0.800114
255.20,0.975844
255.21,0.769637
255.22,0.837643
255.23,0.918713
255.24,0.866346
255.25,0.931861
255.26,0.937888
255.27,1.037300
255.29,0.979063
255.30,1.352144
255.31,1.121091
255.32,1.255705
255.33,1.242338
255.34,0.962255
255.35,1.149805
255.36,1.055356
255.37,0.824363
255.38,0.866821
255.39,0.707724
255.40,0.537911
255.41,0.503930
255.42,0.480121
255.43,0.496335
255.45,0.585727
255.46,0.652059
255.47,0.628305
255.48,0.610233
255.49,0.548182
255.50,0.646131
255.51,0.519560
255.52,0.544071
255.53,0.548099
255.54,0.473472
255.55,0.534169
255.56,0.546338
255.57,0.540789
255.58,0.420546
255.59,0.504654
255.61,0.466833
255.62,0.382182
255.63,0.389149
255.64,0.420423
255.65,0.399431
255.66,0.330417
255.67,0.404235
255.68,0.409604
255.69,0.392280
255.70,0.284802
255.71,0.325873
255.72,0.328136
255.73,0.297638
255.74,0.326996
255.75,0.334058
255.77,0.294389
255.78,0.242150
255.79,0.320436
255.80,0.374266
255.81,0.435691
255.82,0.724666
255.83,1.097626
255.84,1.110769
255.85,1.026029
255.86,0.814349
255.87,0.822550
255.88,1.245461
255.89,1.129212
255.90,1.152316
255.91,1.204850
255.93,1.282073
255.94,0.998381
255.95,0.907554
255.96,0.669739
255.97,0.841058
255.98,1.023475
255.99,1.193486
256.00,1.220071
256.01,1.071263
256.02,1.412335
256.03,1.134766
256.04,1.259189
256.05,1.104118
256.06,1.245199
256.07,1.135108
256.09,1.123349
256.10,0.985318
256.11,1.106037
256.12,1.109403
256.13,0.902580
256.14,0.931152
256.15,1.108717
256.16,1.050759
256.17,1.188297
256.18,1.251662
256.19,1.110620
256.20,0.991230
256.21,1.327082
256.22,1.046078
256.23,0.987593
256.25,1.009913
256.26,0.873091
256.27,0.970052
256.28,0.876585
256.29,0.861879
256.30,0.992105
256.31,1.492646
256.32,2.151508
256.33,1.690730
256.34,1.656748
256.35,1.847504
256.36,1.419107
256.37,1.687875
256.38,1.315809
256.39,1.208936
256.41,1.059407
256.42,0.996561
256.43,1.158798
256.44,1.397221
256.45,1.333778
256.46,1.039539
256.47,1.009235
256.48,0.802942
256.49,0.824193
256.50,0.759712
256.51,0.743804
256.52,0.791175
256.53,0.722099
256.54,0.666037
256.55,0.732443
256.57,0.657011
256.58,0.683108
256.59,0.646807
256.60,0.770671
256.61,0.674701
256.62,0.716434
256.63,0.724831
256.64,0.678286
256.65,0.685166
256.66,0.703868
256.67,0.593472
256.68,0.607256
256.69,0.593738
256.70,0.626104
256.71,0.544739
256.73,0.528654
256.74,0.594907
256.75,0.476232
256.76,0.572837
256.77,0.535985
256.78,0.645904
256.79,0.629917
256.80,1.226692
256.81,1.732474
256.82,1.892103
256.83,1.455498
256.84,1.689120
256.85,1.601225
256.86,1.069076
256.87,1.185159
256.89,1.349412
256.90,1.427732
256.91,1.079896
256.92,1.207903
256.93,1.268382
256.94,0.980352
256.95,1.120264
256.96,1.015544
256.97,1.115676
256.98,0.903951
256.99,0.954784
257.00,1.150457
257.01,1.020774
257.02,1.072995
257.03,0.958048
257.05,1.024529
257.06,0.946466
257.07,1.000952
257.08,0.941841
257.09,0.889076
257.10,1.086299
257.11,0.897268
257.12,0.922680
257.13,0.926952
257.14,0.981782
257.15,0.955678
257.16,0.873227
257.17,0.987596
257.18,0.981208
257.19,1.075934
257.21,0.841573
257.22,0.861236
257.23,0.837402
257.24,0.914952
257.25,0.843017
257.26,0.871981
257.27,1.056124
257.28,0.884615
257.29,1.102733
257.30,1.563032
257.31,1.805538
257.32,1.664434
257.33,1.392533
257.34,1.273372
257.35,1.295011
257.37,1.185578
257.38,1.133971
257.39,0.951238
257.40,1.056437
257.41,1.083644
257.42,1.156997
257.43,1.203575
257.44,1.238802
257.45,1.661303
257.46,1.390471
257.47,1.384045
257.48,1.411901
257.49,1.450866
257.50,1.125363
257.51,1.221691
257.53,0.985939
257.54,1.191892
257.55,0.988154
257.56,1.366991
257.57,1.241637
257.58,1.623139
257.59,1.052990
257.60,1.167132
257.61,0.812577
257.62,1.053927
257.63,0.956416
257.64,1.305865
257.65,1.094220
257.66,1.246074
257.67,1.006947
257.69,1.085761
257.70,0.905594
257.71,0.859017
257.72,1.007671
257.73,0.924531
257.74,0.953545
257.75,0.682301
257.76,0.676220
257.77,0.585245
257.78,0.871030
257.79,0.917826
257.80,0.761313
257.81,0.906193
257.82,0.916906
257.83,0.751974
257.85,0.637305
257.86,0.596984
257.87,0.831899
257.88,0.865527
257.89,0.732463
257.90,0.687480
257.91,0.603189
257.92,0.588484
257.93,0.598569
257.94,0.540283
257.95,0.642466
257.96,0.659367
257.97,0.658896
257.98,0.723024
257.99,0.789029
258.01,0.804232
258.02,0.816147
258.03,0.759139
258.04,0.758105
258.05,0.694861
258.06,0.727922
258.07,0.636443
258.08,0.715327
258.09,0.664027
258.10,0.644472
258.11,0.630576
258.12,0.562551
258.13,0.559120
258.14,0.538026
258.15,0.525910
258.17,0.505177
258.18,0.423835
258.19,0.440739
258.20,0.446373
258.21,0.446495
258.22,0.461593
258.23,0.404519
258.24,0.409291
258.25,0.397834
258.26,0.496579
258.27,0.919926
258.28,1.805495
258.29,1.955634
258.30,1.475039
258.31,1.480547
258.33,1.771307
258.34,1.571709
258.35,1.308067
258.36,1.108385
258.37,0.860378
258.38,0.884106
258.39,0.937914
258.40,1.068045
258.41,1.284828
258.42,1.089959
258.43,1.090091
258.44,1.038905
258.45,0.877108
258.46,0.685797
258.47,0.586555
258.49,0.559796
258.50,0.602800
258.51,0.672423
258.52,0.511020
258.53,0.406127
258.54,0.437752
258.55,0.502609
258.56,0.526504
258.57,0.512479
258.58,0.523952
258.59,0.487781
258.60,0.446650
258.61,0.436900
258.62,0.452001
258.63,0.428700
258.65,0.395956
258.66,0.395883
258.67,0.396975
258.68,0.383657
258.69,0.414561
258.70,0.428028
258.71,0.408093
258.72,0.435018
258.73,0.480749
258.74,0.559739
258.75,0.533644
258.76,0.507003
258.77,0.822983
258.78,1.024838
258.79,0.934615
258.81,0.949861
258.82,1.108303
258.83,0.946140
258.84,0.837177
258.85,0.831631
258.86,0.959701
258.87,1.026165
258.88,0.982120
258.89,0.842218
258.90,0.826751
258.91,0.829027
258.92,0.928347
258.93,0.932966
258.94,1.318912
258.95,1.157516
258.97,0.964240
258.98,1.479136
258.99,1.429134
259.00,1.199749
259.01,1.506853
259.02,1.020090
259.03,1.162621
259.04,0.943194
259.05,1.210711
259.06,1.339675
259.07,1.545459
259.08,1.131570
259.09,1.246254
259.10,0.843518
259.11,0.704983
259.13,0.839376
259.14,0.920726
259.15,1.249129
259.16,1.189118
259.17,0.966909
259.18,0.861912
259.19,0.794634
259.20,0.567521
259.21,0.901311
259.22,0.837757
259.23,0.951282
259.24,0.769825
259.25,0.564438
259.26,0.616795
259.27,0.605457
259.29,0.880393
259.30,0.917854
259.31,0.916687
259.32,0.683242
259.33,0.667282
259.34,0.567968
259.35,0.538689
259.36,0.576061
259.37,0.735766
259.38,0.675136
259.39,0.725215
259.40,0.630884
259.41,0.638860
259.42,0.628859
259.43,0.532243
259.45,0.581214
259.46,0.417767
259.47,0.433314
259.48,0.484389
259.49,0.483643
259.50,0.536939
259.51,0.415651
259.52,0.377988
259.53,0.392921
259.54,0.381421
259.55,0.391604
259.56,0.340195
259.57,0.337908
259.58,0.392436
259.59,0.376746
259.61,0.360934
259.62,0.344857
259.63,0.331530
259.64,0.326927
259.65,0.331339
259.66,0.316482
259.67,0.313595
259.68,0.318899
259.69,0.323613
259.70,0.297964
259.71,0.337560
259.72,0.375606
259.73,0.436822
259.74,0.458173
259.75,0.735822
259.77,1.211740
259.78,1.203233
259.79,1.206352
259.80,0.903512
259.81,0.880135
259.82,0.965599
259.83,0.934981
259.84,0.880112
259.85,0.949904
259.86,0.998637
259.87,1.014064
259.88,1.136701
259.89,0.915375
259.90,0.897535
259.91,1.218151
259.93,1.559986
259.94,1.482756
259.95,1.316561
259.96,1.600694
259.97,1.196621
259.98,1.512741
259.99,1.181559
260.00,1.087550
260.01,1.072930
260.02,0.934959
260.03,1.059099
260.04,0.939371
260.05,1.359346
260.06,0.955366
260.07,1.466191
260.09,0.920277
260.10,1.252315
260.11,0.801601
260.12,1.098191
260.13,1.207625
260.14,1.472704
260.15,1.137283
260.16,0.937277
260.17,0.896864
260.18,0.617684
260.19,0.807561
260.20,0.722468
260.21,1.061852
260.22,0.789346
260.23,0.797254
260.25,1.723365
260.26,1.897916
260.27,2.143215
260.28,1.468975
260.29,1.631538
260.30,1.479583
260.31,1.305464
260.32,1.191209
260.33,1.332670
260.34,1.219198
260.35,1.191967
260.36,1.051222
260.37,1.015521
260.38,0.898806
260.39,0.934135
260.41,1.071792
260.42,0.949812
260.43,0.919866
260.44,0.887805
260.45,0.967464
260.46,0.987955
260.47,0.962334
260.48,0.807066
260.49,0.631137
260.50,0.794163
260.51,0.844029
260.52,0.857907
260.53,0.939325
260.54,0.783541
260.55,0.788309
260.57,0.838500
260.58,0.754957
260.59,0.755099
260.60,0.775778
260.61,0.626135
260.62,0.631946
260.63,0.713269
260.64,0.700496
260.65,0.683803
260.66,0.665064
260.67,0.596582
260.68,0.616114
260.69,0.685524
260.70,0.646078
260.71,0.598552
260.73,0.539023
260.74,0.617187
260.75,0.701232
260.76,0.859038
260.77,0.912246
260.78,0.836262
260.79,0.976094
260.80,0.876576
260.81,0.962973
260.82,0.740992
260.83,0.953366
260.84,1.152413
260.85,0.965610
260.86,0.965854
260.87,0.892698
260.89,0.862312
260.90,0.908496
260.91,0.804309
260.92,0.781019
260.93,0.961880
260.94,0.800783
260.95,0.873882
260.96,0.925506
260.97,0.863980
260.98,0.812596
260.99,0.861953
261.00,0.659987
261.01,0.745727
261.02,0.613648
261.03,0.712067
261.05,0.865568
261.06,0.840135
261.07,0.767354
261.08,0.813605
261.09,0.725962
261.10,0.543656
261.11,0.737627
261.12,0.617937
261.13,0.585521
261.14,0.572449
261.15,0.595283
261.16,0.578424
261.17,0.543885
261.18,0.504853
261.19,0.585923
261.21,0.587663
261.22,0.540271
261.23,0.679872
261.24,1.029982
261.25,1.042295
261.26,0.979974
261.27,1.257278
261.28,1.073054
261.29,1.441624
261.30,1.527787
261.31,0.953968
261.32,0.971732
261.33,0.620051
261.34,1.020628
261.35,1.129850
261.37,1.170322
261.38,1.435112
261.39,1.235862
261.40,1.442839
261.41,1.166307
261.42,1.541075
261.43,1.511441
261.44,1.519964
261.45,1.716758
261.46,1.350235
261.47,1.911410
261.48,1.291470
261.49,1.741432
261.50,1.416919
261.51,1.048244
261.53,0.914285
261.54,0.463269
261.55,0.669452
261.56,0.654700
261.57,1.002658
261.58,1.275363
261.59,1.293803
261.60,1.497848
261.61,1.374892
261.62,1.597097
261.63,1.389095
261.64,0.923350
261.65,1.080352
261.66,0.706446
261.67,0.619106
261.69,0.656127
261.70,0.678719
261.71,0.966346
261.72,1.066776
261.73,1.203284
261.74,1.047094
261.75,1.218930
261.76,1.032557
261.77,1.080966
261.78,1.270815
261.79,0.693166
261.80,0.729671
261.81,0.628523
261.82,0.626149
261.83,0.677056
261.85,0.815471
261.86,0.812624
261.87,0.837439
261.88,0.844848
261.89,0.738218
261.90,0.687481
261.91,0.654629
261.92,0.680197
261.93,0.670901
261.94,0.665458
261.95,0.556990
261.96,0.662749
261.97,0.720192
261.98,0.536631
261.99,0.601960
262.01,0.563315
262.02,0.547719
262.03,0.516732
262.04,0.502269
262.05,0.481423
262.06,0.480195
262.07,0.421222
262.08,0.438293
262.09,0.456339
262.10,0.367197
262.11,0.424568
262.12,0.401663
262.13,0.444182
262.14,0.448490
262.15,0.394772
262.17,0.366257
262.18,0.421583
262.19,0.556628
262.20,0.782635
262.21,1.294581
262.22,1.742085
262.23,2.088637
262.24,1.468856
262.25,1.657690
262.26,1.521471
262.27,1.155827
262.28,1.096038
262.29,1.040930
262.30,0.916783
262.31,0.857494
262.33,0.858133
262.34,0.806235
262.35,0.806537
262.36,0.733499
262.37,0.639831
262.38,0.781967
262.39,0.707129
262.40,0.653265
262.41,0.597030
262.42,0.514147
262.43,0.510979
262.44,0.502919
262.45,0.560835
262.46,0.589495
262.47,0.582820
262.49,0.510556
262.50,0.466283
262.51,0.445574
262.52,0.457552
262.53,0.461620
262.54,0.453812
262.55,0.456396
262.56,0.405584
262.57,0.413065
262.58,0.444754
262.59,0.446861
262.60,0.424972
262.61,0.360649
262.62,0.373241
262.63,0.387389
262.65,0.355561
262.66,0.334552
262.67,0.354916
262.68,0.390155
262.69,0.404732
262.70,0.448138
262.71,0.876598
262.72,1.396534
262.73,1.220943
262.74,1.369592
262.75,1.228011
262.76,1.400598
262.77,1.485339
262.78,1.113723
262.79,1.257085
262.81,1.243062
262.82,0.999744
262.83,1.189034
262.84,1.268527
262.85,1.106569
262.86,1.021377
262.87,1.189933
262.88,1.080826
262.89,1.071338
262.90,1.106663
262.91,1.005862
262.92,1.151355
262.93,1.514896
262.94,1.526940
262.95,1.665297
262.97,2.084509
262.98,1.434806
262.99,1.642078
263.00,1.401675
263.01,1.117633
263.02,0.922570
263.03,0.746624
263.04,0.809374
263.05,0.714244
263.06,1.043923
263.07,1.327353
263.08,1.353632
263.09,1.974434
263.10,1.243824
263.11,1.466024
263.13,1.355208
263.14,1.129416
263.15,0.955459
263.16,0.742327
263.17,0.668510
263.18,0.782877
263.19,1.147059
263.20,0.923930
263.21,1.195687
263.22,1.269581
263.23,1.203589
263.24,1.460523
263.25,1.126382
263.26,1.177430
263.27,1.100120
263.29,0.920810
263.30,0.900626
263.31,0.929406
263.32,0.744301
263.33,0.846235
263.34,0.964712
263.35,0.751041
263.36,1.012777
263.37,0.927131
263.38,0.878748
263.39,0.852500
263.40,0.765538
263.41,0.558381
263.42,0.665385
263.43,0.661480
263.45,0.693215
263.46,0.673085
263.47,0.621140
263.48,0.679842
263.49,0.595497
263.50,0.620226
263.51,0.661602
263.52,0.634720
263.53,0.643566
263.54,0.547677
263.55,0.501489
263.56,0.573321
263.57,0.595302
263.58,0.481565
263.59,0.567376
263.61,0.508144
263.62,0.378950
263.63,0.511514
263.64,0.470746
263.65,0.425139
263.66,0.400070
263.67,0.437255
263.68,0.434664
263.69,0.917403
263.70,1.188465
263.71,1.187347
263.72,0.918738
263.73,1.108087
263.74,1.130418
263.75,0.984369
263.77,1.172574
263.78,0.992469
263.79,0.900076
263.80,1.128784
263.81,1.182791
263.82,0.970390
263.83,1.140753
263.84,1.516222
263.85,1.183897
263.86,1.213742
263.87,1.361787
263.88,0.909493
263.89,1.507363
263.90,0.958922
263.91,1.434628
263.93,1.121269
263.94,1.034994
263.95,1.380833
263.96,1.199857
263.97,1.217699
263.98,1.248995
263.99,0.961631
264.00,1.041875
264.01,0.937142
264.02,0.775780
264.03,1.124619
264.04,1.086878
264.05,1.104392
264.06,0.798786
264.07,0.507359
264.09,1.072618
264.10,1.075662
264.11,0.800759
264.12,0.717312
264.13,0.539761
264.14,0.601485
264.15,1.033745
264.16,0.949642
264.17,0.950050
264.18,1.769967
264.19,2.014671
264.20,2.153635
264.21,2.046667
264.22,1.979557
264.23,1.569885
264.25,1.426252
264.26,1.098517
264.27,1.000438
264.28,0.934554
264.29,0.906253
264.30,0.999606
264.31,1.083472
264.32,1.177371
264.33,1.267333
264.34,1.078584
264.35,1.028694
264.36,0.949291
264.37,0.990438
264.38,0.889262
264.39,0.855533
264.41,0.941620
264.42,1.002376
264.43,0.924197
264.44,0.880716
264.45,0.948080
264.46,0.693930
264.47,0.797134
264.48,0.702778
264.49,0.828044
264.50,0.887626
264.51,0.793639
264.52,0.755631
264.53,0.681537
264.54,0.747138
264.55,0.723051
264.57,0.797485
264.58,0.737256
264.59,0.744132
264.60,0.799674
264.61,0.689141
264.62,0.735323
264.63,0.697188
264.64,0.694967
264.65,0.699010
264.66,0.809717
264.67,0.942681
264.68,0.859232
264.69,0.851497
264.70,0.825653
264.71,0.883132
264.73,0.792640
264.74,0.844287
264.75,0.811121
264.76,0.824387
264.77,0.834921
264.78,0.781043
264.79,0.776328
264.80,0.643937
264.81,0.752974
264.82,0.677516
264.83,0.787836
264.84,0.785076
264.85,0.686735
264.86,0.741521
264.87,0.716884
264.89,0.643535
264.90,0.651157
264.91,0.695292
264.92,0.705765
264.93,0.729022
264.94,0.646141
264.95,0.632153
264.96,0.650964
264.97,0.654232
264.98,0.622569
264.99,0.679034
265.00,0.708711
265.01,0.627914
265.02,0.640053
265.03,0.603235
265.05,0.623699
265.06,0.584445
265.07,0.645857
265.08,0.629216
265.09,0.652584
265.10,0.675515
265.11,0.525296
265.12,0.497465
265.13,0.483498
265.14,0.563617
265.15,0.606061
265.16,0.846528
265.17,1.322631
265.18,1.422075
265.19,1.337912
265.21,1.279144
265.22,1.176975
265.23,1.008717
265.24,1.250165
265.25,1.338466
265.26,1.402347
265.27,1.360906
265.28,1.019132
265.29,0.773224
265.30,1.025263
265.31,0.954465
265.32,1.180742
265.33,1.078159
265.34,1.066351
265.35,1.060073
265.37,0.816348
265.38,1.192582
265.39,1.084841
265.40,1.407838
265.41,1.555596
265.42,1.440643
265.43,1.249381
265.44,1.285368
265.45,0.811198
265.46,0.936375
265.47,1.002283
265.48,1.205395
265.49,1.644292
265.50,1.297158
265.51,1.371020
265.53,1.260733
265.54,0.918813
265.55,0.757963
265.56,0.986237
265.57,1.062622
265.58,1.453490
265.59,1.071759
265.60,1.373857
265.61,0.973615
265.62,0.651734
265.63,0.651029
265.64,0.688444
265.65,1.038726
265.66,1.178698
265.67,0.981985
265.69,1.399243
265.70,1.166222
265.71,0.759726
265.72,0.620541
265.73,0.629267
265.74,0.846441
265.75,1.015088
265.76,0.842407
265.77,1.072001
265.78,1.053112
265.79,0.732465
265.80,0.847759
265.81,0.852852
265.82,0.896135
265.83,0.795034
265.85,0.682391
265.86,0.881383
265.87,0.957341
265.88,0.713363
265.89,0.952914
265.90,0.950244
265.91,0.860948
265.92,0.807892
265.93,0.774453
265.94,0.821633
265.95,0.900918
265.96,0.756207
265.97,0.880303
265.98,0.881450
265.99,0.857565
266.01,0.761149
266.02,0.854120
266.03,0.902192
266.04,0.770822
266.05,0.750388
266.06,0.828509
266.07,0.859490
266.08,0.625818
266.09,0.627606
266.10,0.707403
266.11,0.710909
266.12,0.675442
266.13,0.789510
266.14,1.577836
266.15,2.086542
266.17,2.012711
266.18,1.720004
266.19,1.705877
266.20,1.889254
266.21,1.525288
266.22,1.196154
266.23,1.178329
266.24,1.137789
266.25,1.066137
266.26,0.897547
266.27,0.860554
266.28,0.982938
266.29,0.973854
266.30,0.917211
266.31,0.753625
266.33,0.693947
266.34,0.652187
266.35,0.710428
266.36,0.693775
266.37,0.632861
266.38,0.628809
266.39,0.649447
266.40,0.673206
266.41,0.630293
266.42,0.591739
266.43,0.576628
266.44,0.615382
266.45,0.583309
266.46,0.573452
266.47,0.512670
266.49,0.503277
266.50,0.486712
266.51,0.477652
266.52,0.438207
266.53,0.373910
266.54,0.402122
266.55,0.455762
266.56,0.440738
266.57,0.413276
266.58,0.426400
266.59,0.432312
266.60,0.458939
266.61,0.401168
266.62,0.423273
266.63,0.645111
266.65,0.952035
266.66,1.320147
266.67,1.392944
266.68,1.373404
266.69,1.434714
266.70,1.284837
266.71,1.629677
266.72,1.526965
266.73,1.526694
266.74,1.549398
266.75,0.997520
266.76,0.918829
266.77,1.030791
266.78,0.928542
266.79,1.068147
266.81,0.895205
266.82,1.025543
266.83,0.750217
266.84,0.756408
266.85,0.686913
266.86,0.821222
266.87,1.618006
266.88,1.854284
266.89,1.673911
266.90,2.036422
266.91,1.727460
266.92,1.131913
266.93,0.983297
266.94,0.686204
266.95,1.129174
266.97,1.231433
266.98,1.532806
266.99,1.718456
267.00,1.580999
267.01,1.218027
267.02,1.127833
267.03,0.648438
267.04,0.765886
267.05,0.858351
267.06,1.416214
267.07,1.625840
267.08,1.348153
267.09,1.169048
267.10,1.049579
267.11,0.738971
267.13,0.791010
267.14,0.874790
267.15,1.354304
267.16,1.390060
267.17,1.196394
267.18,1.479539
267.19,1.241864
267.20,0.890940
267.21,0.718404
267.22,0.771389
267.23,1.030538
267.24,0.977411
267.25,0.870266
267.26,0.915396
267.27,0.774475
267.29,0.697230
267.30,0.825084
267.31,0.807231
267.32,0.638204
267.33,0.642131
267.34,0.562098
267.35,0.561741
267.36,0.598398
267.37,0.572816
267.38,0.579825
267.39,0.537122
267.40,0.499089
267.41,0.498459
267.42,0.483515
267.43,0.457809
267.45,0.463138
267.46,0.420288
267.47,0.359132
267.48,0.380357
267.49,0.374237
267.50,0.373786
267.51,0.337404
267.52,0.276141
267.53,0.308788
267.54,0.322284
267.55,0.283260
267.56,0.317891
267.57,0.320676
267.58,0.264663
267.59,0.313273
267.61,0.308841
267.62,0.445675
267.63,0.908917
267.64,1.302126
267.65,1.299478
267.66,1.180586
267.67,1.224443
267.68,1.266554
267.69,0.946561
267.70,1.304409
267.71,1.238471
267.72,1.095136
267.73,0.886585
267.74,0.876431
267.75,0.941095
267.77,1.169209
267.78,1.564746
267.79,1.082439
267.80,1.478651
267.81,1.415339
267.82,1.236406
267.83,1.768471
267.84,1.267543
267.85,1.513757
267.86,1.144139
267.87,0.997834
267.88,0.728883
267.89,1.015123
267.90,0.817410
267.91,1.296689
267.93,1.102206
267.94,1.468912
267.95,1.433317
267.96,1.061301
267.97,0.895875
267.98,0.874893
267.99,0.749743
268.00,0.834977
268.01,0.860509
268.02,1.200420
268.03,1.214982
268.04,0.831453
268.05,0.834860
268.06,0.621229
268.07,0.480379
268.09,0.573622
268.10,0.862318
268.11,1.266629
268.12,2.006216
268.13,2.212773
268.14,1.836844
268.15,1.676198
268.16,1.539373
268.17,1.487665
268.18,1.295956
268.19,1.201787
268.20,1.176487
268.21,1.103291
268.22,1.172318
268.23,0.986074
268.25,1.019723
268.26,0.994972
268.27,0.966556
268.28,1.029953
268.29,1.005661
268.30,0.901505
268.31,0.921026
268.32,0.941342
268.33,1.000545
268.34,0.983595
268.35,0.922253
268.36,0.897319
268.37,0.863485
268.38,0.871634
268.39,0.840334
268.41,0.929878
268.42,0.916822
268.43,0.948528
268.44,0.947235
268.45,0.930284
268.46,0.726033
268.47,0.732753
268.48,0.755947
268.49,0.621894
268.50,0.717714
268.51,0.726272
268.52,0.691342
268.53,0.615812
268.54,0.558785
268.55,0.516345
268.57,0.458408
268.58,0.465532
268.59,0.484922
268.60,0.551044
268.61,0.791981
268.62,1.110524
268.63,1.019593
268.64,1.055604
268.65,1.268444
268.66,1.239856
268.67,1.570931
268.68,1.167204
268.69,1.113493
268.70,1.154027
